ISO-10303-21;
HEADER;
/* Generated by software containing ST-Developer
 * from STEP Tools, Inc. (www.steptools.com) 
 */

FILE_DESCRIPTION(
/* description */ (''),
/* implementation_level */ '2;1');

FILE_NAME(
/* name */ 'TRRS Terminal Strain Relief.step',
/* time_stamp */ '2025-07-25T15:57:28-07:00',
/* author */ (''),
/* organization */ (''),
/* preprocessor_version */ 'ST-DEVELOPER v20.1',
/* originating_system */ 'Autodesk Translation Framework v14.10.0.0',
/* authorisation */ '');

FILE_SCHEMA (('AUTOMOTIVE_DESIGN { 1 0 10303 214 3 1 1 }'));
ENDSEC;

DATA;
#10=MECHANICAL_DESIGN_GEOMETRIC_PRESENTATION_REPRESENTATION('',(#35,#36),
#7595);
#11=ITEM_DEFINED_TRANSFORMATION($,$,#4201,#4555);
#12=(
REPRESENTATION_RELATIONSHIP($,$,#7606,#7605)
REPRESENTATION_RELATIONSHIP_WITH_TRANSFORMATION(#11)
SHAPE_REPRESENTATION_RELATIONSHIP()
);
#13=CONTEXT_DEPENDENT_SHAPE_REPRESENTATION(#12,#7604);
#14=NEXT_ASSEMBLY_USAGE_OCCURRENCE('Lid:1','Lid:1','Lid:1',#7608,#7609,
'Lid:1');
#15=ELLIPSE('',#4399,1.4142135623731,1.);
#16=ELLIPSE('',#4401,1.4142135623731,1.);
#17=ELLIPSE('',#4402,1.4142135623731,1.);
#18=ELLIPSE('',#4406,1.4142135623731,1.);
#19=ELLIPSE('',#4408,1.4142135623731,1.);
#20=ELLIPSE('',#4409,1.4142135623731,1.);
#21=ELLIPSE('',#4412,1.4142135623731,1.);
#22=ELLIPSE('',#4415,1.4142135623731,1.);
#23=ELLIPSE('',#4417,1.4142135623731,1.);
#24=ELLIPSE('',#4418,1.4142135623731,1.);
#25=ELLIPSE('',#4421,1.41421379418082,1.);
#26=ELLIPSE('',#4424,1.41421379418082,1.);
#27=ELLIPSE('',#4426,1.4142135623731,1.);
#28=ELLIPSE('',#4435,1.4142135623731,1.);
#29=ELLIPSE('',#4438,1.4142135623731,1.);
#30=ELLIPSE('',#4439,1.4142135623731,1.);
#31=SHAPE_REPRESENTATION_RELATIONSHIP('SRR','None',#7606,#33);
#32=SHAPE_REPRESENTATION_RELATIONSHIP('SRR','None',#7605,#34);
#33=ADVANCED_BREP_SHAPE_REPRESENTATION('',(#37),#7594);
#34=ADVANCED_BREP_SHAPE_REPRESENTATION('',(#38),#7593);
#35=STYLED_ITEM('',(#7619),#37);
#36=STYLED_ITEM('',(#7619),#38);
#37=MANIFOLD_SOLID_BREP('Body1',#4186);
#38=MANIFOLD_SOLID_BREP('Body1',#4187);
#39=FACE_BOUND('',#688,.T.);
#40=FACE_BOUND('',#689,.T.);
#41=FACE_BOUND('',#690,.T.);
#42=FACE_BOUND('',#691,.T.);
#43=FACE_BOUND('',#692,.T.);
#44=FACE_BOUND('',#693,.T.);
#45=FACE_BOUND('',#769,.T.);
#46=FACE_BOUND('',#770,.T.);
#47=FACE_BOUND('',#771,.T.);
#48=FACE_BOUND('',#772,.T.);
#49=B_SPLINE_CURVE_WITH_KNOTS('',3,(#6008,#6009,#6010,#6011),
 .UNSPECIFIED.,.F.,.F.,(4,4),(-0.0144143012253754,0.0139063022719376),
 .UNSPECIFIED.);
#50=B_SPLINE_CURVE_WITH_KNOTS('',3,(#6013,#6014,#6015,#6016,#6017,#6018,
#6019),.UNSPECIFIED.,.F.,.F.,(4,3,4),(0.,0.00872768938955177,0.017321798660572),
 .UNSPECIFIED.);
#51=B_SPLINE_CURVE_WITH_KNOTS('',3,(#6021,#6022,#6023,#6024),
 .UNSPECIFIED.,.F.,.F.,(4,4),(-0.00414213562373093,0.00414213562373246),
 .UNSPECIFIED.);
#52=B_SPLINE_CURVE_WITH_KNOTS('',3,(#6025,#6026,#6027,#6028,#6029,#6030),
 .UNSPECIFIED.,.F.,.F.,(4,2,4),(0.,0.00880819592973782,0.0176306168784874),
 .UNSPECIFIED.);
#53=B_SPLINE_CURVE_WITH_KNOTS('',3,(#6048,#6049,#6050,#6051),
 .UNSPECIFIED.,.F.,.F.,(4,4),(-0.00414213562373105,0.00414213562373099),
 .UNSPECIFIED.);
#54=B_SPLINE_CURVE_WITH_KNOTS('',3,(#6053,#6054,#6055,#6056,#6057,#6058,
#6059),.UNSPECIFIED.,.F.,.F.,(4,3,4),(0.,0.00858832929371894,0.0173216320929006),
 .UNSPECIFIED.);
#55=B_SPLINE_CURVE_WITH_KNOTS('',3,(#6060,#6061,#6062,#6063),
 .UNSPECIFIED.,.F.,.F.,(4,4),(-0.0139063022719381,0.0144143012253754),
 .UNSPECIFIED.);
#56=B_SPLINE_CURVE_WITH_KNOTS('',3,(#6068,#6069,#6070,#6071),
 .UNSPECIFIED.,.F.,.F.,(4,4),(-0.013906302271938,0.0144143012253752),
 .UNSPECIFIED.);
#57=B_SPLINE_CURVE_WITH_KNOTS('',3,(#6076,#6077,#6078,#6079),
 .UNSPECIFIED.,.F.,.F.,(4,4),(-0.0144143012253758,0.0139063022719377),
 .UNSPECIFIED.);
#58=B_SPLINE_CURVE_WITH_KNOTS('',3,(#6098,#6099,#6100,#6101),
 .UNSPECIFIED.,.F.,.F.,(4,4),(-0.00414213562373105,0.00414213562373094),
 .UNSPECIFIED.);
#59=B_SPLINE_CURVE_WITH_KNOTS('',3,(#6102,#6103,#6104,#6105,#6106,#6107,
#6108),.UNSPECIFIED.,.F.,.F.,(4,3,4),(0.,0.00858678051294519,0.0173216321214891),
 .UNSPECIFIED.);
#60=B_SPLINE_CURVE_WITH_KNOTS('',3,(#6109,#6110,#6111,#6112,#6113,#6114),
 .UNSPECIFIED.,.F.,.F.,(4,2,4),(0.,0.00881421510819641,0.0176308762571354),
 .UNSPECIFIED.);
#61=B_SPLINE_CURVE_WITH_KNOTS('',3,(#6132,#6133,#6134,#6135,#6136,#6137,
#6138),.UNSPECIFIED.,.F.,.F.,(4,3,4),(0.,0.00872436017683206,0.0173217985977086),
 .UNSPECIFIED.);
#62=B_SPLINE_CURVE_WITH_KNOTS('',3,(#6139,#6140,#6141,#6142),
 .UNSPECIFIED.,.F.,.F.,(4,4),(-0.00414213562373138,0.00414213562373239),
 .UNSPECIFIED.);
#63=B_SPLINE_CURVE_WITH_KNOTS('',3,(#6168,#6169,#6170,#6171),
 .UNSPECIFIED.,.F.,.F.,(4,4),(-0.0144143012253752,0.0139063022719377),
 .UNSPECIFIED.);
#64=B_SPLINE_CURVE_WITH_KNOTS('',3,(#6173,#6174,#6175,#6176,#6177,#6178,
#6179),.UNSPECIFIED.,.F.,.F.,(4,3,4),(0.,0.00872536017393948,0.0173217986167675),
 .UNSPECIFIED.);
#65=B_SPLINE_CURVE_WITH_KNOTS('',3,(#6181,#6182,#6183,#6184),
 .UNSPECIFIED.,.F.,.F.,(4,4),(-0.00414213562373093,0.00414213562373242),
 .UNSPECIFIED.);
#66=B_SPLINE_CURVE_WITH_KNOTS('',3,(#6185,#6186,#6187,#6188,#6189,#6190),
 .UNSPECIFIED.,.F.,.F.,(4,2,4),(0.,0.00880576231058291,0.0176306168525073),
 .UNSPECIFIED.);
#67=B_SPLINE_CURVE_WITH_KNOTS('',3,(#6208,#6209,#6210,#6211),
 .UNSPECIFIED.,.F.,.F.,(4,4),(-0.00414213562373106,0.00414213562373092),
 .UNSPECIFIED.);
#68=B_SPLINE_CURVE_WITH_KNOTS('',3,(#6213,#6214,#6215,#6216,#6217,#6218,
#6219),.UNSPECIFIED.,.F.,.F.,(4,3,4),(0.,0.00858591840660254,0.0173216321370756),
 .UNSPECIFIED.);
#69=B_SPLINE_CURVE_WITH_KNOTS('',3,(#6220,#6221,#6222,#6223),
 .UNSPECIFIED.,.F.,.F.,(4,4),(-0.013906302271938,0.0144143012253755),
 .UNSPECIFIED.);
#70=B_SPLINE_CURVE_WITH_KNOTS('',3,(#6228,#6229,#6230,#6231),
 .UNSPECIFIED.,.F.,.F.,(4,4),(-0.0139063022719381,0.0144143012253754),
 .UNSPECIFIED.);
#71=B_SPLINE_CURVE_WITH_KNOTS('',3,(#6236,#6237,#6238,#6239),
 .UNSPECIFIED.,.F.,.F.,(4,4),(-0.0144143012253754,0.0139063022719378),
 .UNSPECIFIED.);
#72=B_SPLINE_CURVE_WITH_KNOTS('',3,(#6258,#6259,#6260,#6261),
 .UNSPECIFIED.,.F.,.F.,(4,4),(-0.00414213562373111,0.00414213562373096),
 .UNSPECIFIED.);
#73=B_SPLINE_CURVE_WITH_KNOTS('',3,(#6262,#6263,#6264,#6265,#6266,#6267,
#6268),.UNSPECIFIED.,.F.,.F.,(4,3,4),(0.,0.00858878849076614,0.0173216320842863),
 .UNSPECIFIED.);
#74=B_SPLINE_CURVE_WITH_KNOTS('',3,(#6269,#6270,#6271,#6272,#6273,#6274),
 .UNSPECIFIED.,.F.,.F.,(4,2,4),(0.,0.00881665928892168,0.0176308762394941),
 .UNSPECIFIED.);
#75=B_SPLINE_CURVE_WITH_KNOTS('',3,(#6292,#6293,#6294,#6295,#6296,#6297,
#6298),.UNSPECIFIED.,.F.,.F.,(4,3,4),(0.,0.00872715672129849,0.0173217986506337),
 .UNSPECIFIED.);
#76=B_SPLINE_CURVE_WITH_KNOTS('',3,(#6299,#6300,#6301,#6302),
 .UNSPECIFIED.,.F.,.F.,(4,4),(-0.00414213562373093,0.00414213562373246),
 .UNSPECIFIED.);
#77=B_SPLINE_CURVE_WITH_KNOTS('',3,(#6310,#6311,#6312,#6313),
 .UNSPECIFIED.,.F.,.F.,(4,4),(-0.00414213562373117,0.00414213562373093),
 .UNSPECIFIED.);
#78=B_SPLINE_CURVE_WITH_KNOTS('',3,(#6315,#6316,#6317,#6318),
 .UNSPECIFIED.,.F.,.F.,(4,4),(-0.0041421356237311,0.00414213562373244),
 .UNSPECIFIED.);
#79=B_SPLINE_CURVE_WITH_KNOTS('',3,(#6340,#6341,#6342,#6343),
 .UNSPECIFIED.,.F.,.F.,(4,4),(-0.0144143012253753,0.0139063022719383),
 .UNSPECIFIED.);
#80=B_SPLINE_CURVE_WITH_KNOTS('',3,(#6344,#6345,#6346,#6347,#6348,#6349,
#6350),.UNSPECIFIED.,.F.,.F.,(4,3,4),(0.,0.00872768938955324,0.0173217986604532),
 .UNSPECIFIED.);
#81=B_SPLINE_CURVE_WITH_KNOTS('',3,(#6351,#6352,#6353,#6354,#6355,#6356),
 .UNSPECIFIED.,.F.,.F.,(4,2,4),(0.,0.00880819593056979,0.0176306168801611),
 .UNSPECIFIED.);
#82=B_SPLINE_CURVE_WITH_KNOTS('',3,(#6374,#6375,#6376,#6377,#6378,#6379,
#6380),.UNSPECIFIED.,.F.,.F.,(4,3,4),(0.,0.00858832929374991,0.0173216320930385),
 .UNSPECIFIED.);
#83=B_SPLINE_CURVE_WITH_KNOTS('',3,(#6381,#6382,#6383,#6384),
 .UNSPECIFIED.,.F.,.F.,(4,4),(-0.0139063022719381,0.0144143012253753),
 .UNSPECIFIED.);
#84=B_SPLINE_CURVE_WITH_KNOTS('',3,(#6389,#6390,#6391,#6392),
 .UNSPECIFIED.,.F.,.F.,(4,4),(-0.0139063022719382,0.0144143012253753),
 .UNSPECIFIED.);
#85=B_SPLINE_CURVE_WITH_KNOTS('',3,(#6397,#6398,#6399,#6400),
 .UNSPECIFIED.,.F.,.F.,(4,4),(-0.0144143012253753,0.0139063022719382),
 .UNSPECIFIED.);
#86=B_SPLINE_CURVE_WITH_KNOTS('',3,(#6419,#6420,#6421,#6422),
 .UNSPECIFIED.,.F.,.F.,(4,4),(-0.00414213562373108,0.00414213562373094),
 .UNSPECIFIED.);
#87=B_SPLINE_CURVE_WITH_KNOTS('',3,(#6423,#6424,#6425,#6426,#6427,#6428,
#6429),.UNSPECIFIED.,.F.,.F.,(4,3,4),(0.,0.00858878849082442,0.0173216320845217),
 .UNSPECIFIED.);
#88=B_SPLINE_CURVE_WITH_KNOTS('',3,(#6430,#6431,#6432,#6433,#6434,#6435),
 .UNSPECIFIED.,.F.,.F.,(4,2,4),(0.,0.00881665928869304,0.0176308762384532),
 .UNSPECIFIED.);
#89=B_SPLINE_CURVE_WITH_KNOTS('',3,(#6453,#6454,#6455,#6456,#6457,#6458,
#6459),.UNSPECIFIED.,.F.,.F.,(4,3,4),(0.,0.00872715672129224,0.017321798650585),
 .UNSPECIFIED.);
#90=B_SPLINE_CURVE_WITH_KNOTS('',3,(#6460,#6461,#6462,#6463),
 .UNSPECIFIED.,.F.,.F.,(4,4),(-0.00414213562373107,0.00414213562373243),
 .UNSPECIFIED.);
#91=B_SPLINE_CURVE_WITH_KNOTS('',3,(#7072,#7073,#7074,#7075),
 .UNSPECIFIED.,.F.,.F.,(4,4),(-0.00414213562373121,0.00414213562373087),
 .UNSPECIFIED.);
#92=B_SPLINE_CURVE_WITH_KNOTS('',3,(#7077,#7078,#7079,#7080,#7081,#7082,
#7083),.UNSPECIFIED.,.F.,.F.,(4,3,4),(0.,0.0085870613693856,0.0173216321161933),
 .UNSPECIFIED.);
#93=B_SPLINE_CURVE_WITH_KNOTS('',3,(#7085,#7086,#7087,#7088),
 .UNSPECIFIED.,.F.,.F.,(4,4),(-0.0139063022719377,0.0144143012253753),
 .UNSPECIFIED.);
#94=B_SPLINE_CURVE_WITH_KNOTS('',3,(#7089,#7090,#7091,#7092,#7093,#7094),
 .UNSPECIFIED.,.F.,.F.,(4,2,4),(0.,0.00881455696575636,0.0176308762542055),
 .UNSPECIFIED.);
#95=B_SPLINE_CURVE_WITH_KNOTS('',3,(#7112,#7113,#7114,#7115),
 .UNSPECIFIED.,.F.,.F.,(4,4),(-0.0144143012253757,0.0139063022719377),
 .UNSPECIFIED.);
#96=B_SPLINE_CURVE_WITH_KNOTS('',3,(#7117,#7118,#7119,#7120,#7121,#7122,
#7123),.UNSPECIFIED.,.F.,.F.,(4,3,4),(0.,0.00872455197554286,0.0173217986012387),
 .UNSPECIFIED.);
#97=B_SPLINE_CURVE_WITH_KNOTS('',3,(#7124,#7125,#7126,#7127),
 .UNSPECIFIED.,.F.,.F.,(4,4),(-0.00414213562373128,0.00414213562373259),
 .UNSPECIFIED.);
#98=B_SPLINE_CURVE_WITH_KNOTS('',3,(#7153,#7154,#7155,#7156),
 .UNSPECIFIED.,.F.,.F.,(4,4),(-0.0144143012253752,0.0139063022719375),
 .UNSPECIFIED.);
#99=B_SPLINE_CURVE_WITH_KNOTS('',3,(#7158,#7159,#7160,#7161,#7162,#7163,
#7164),.UNSPECIFIED.,.F.,.F.,(4,3,4),(0.,0.00872768938956108,0.0173217986605811),
 .UNSPECIFIED.);
#100=B_SPLINE_CURVE_WITH_KNOTS('',3,(#7166,#7167,#7168,#7169),
 .UNSPECIFIED.,.F.,.F.,(4,4),(-0.0041421356237309,0.0041421356237324),
 .UNSPECIFIED.);
#101=B_SPLINE_CURVE_WITH_KNOTS('',3,(#7170,#7171,#7172,#7173,#7174,#7175),
 .UNSPECIFIED.,.F.,.F.,(4,2,4),(0.,0.00880819593159603,0.017630616882479),
 .UNSPECIFIED.);
#102=B_SPLINE_CURVE_WITH_KNOTS('',3,(#7193,#7194,#7195,#7196),
 .UNSPECIFIED.,.F.,.F.,(4,4),(-0.00414213562373111,0.004142135623731),
 .UNSPECIFIED.);
#103=B_SPLINE_CURVE_WITH_KNOTS('',3,(#7198,#7199,#7200,#7201,#7202,#7203,
#7204),.UNSPECIFIED.,.F.,.F.,(4,3,4),(0.,0.00858832929371292,0.0173216320928698),
 .UNSPECIFIED.);
#104=B_SPLINE_CURVE_WITH_KNOTS('',3,(#7205,#7206,#7207,#7208),
 .UNSPECIFIED.,.F.,.F.,(4,4),(-0.0139063022719381,0.0144143012253752),
 .UNSPECIFIED.);
#105=B_SPLINE_CURVE_WITH_KNOTS('',3,(#7232,#7233,#7234,#7235),
 .UNSPECIFIED.,.F.,.F.,(4,4),(-0.00414213562373102,0.00414213562373097),
 .UNSPECIFIED.);
#106=B_SPLINE_CURVE_WITH_KNOTS('',3,(#7237,#7238,#7239,#7240,#7241,#7242,
#7243),.UNSPECIFIED.,.F.,.F.,(4,3,4),(0.,0.00858878849077793,0.0173216320843284),
 .UNSPECIFIED.);
#107=B_SPLINE_CURVE_WITH_KNOTS('',3,(#7245,#7246,#7247,#7248),
 .UNSPECIFIED.,.F.,.F.,(4,4),(-0.0139063022719384,0.0144143012253753),
 .UNSPECIFIED.);
#108=B_SPLINE_CURVE_WITH_KNOTS('',3,(#7249,#7250,#7251,#7252,#7253,#7254),
 .UNSPECIFIED.,.F.,.F.,(4,2,4),(0.,0.00881665928917964,0.017630876242325),
 .UNSPECIFIED.);
#109=B_SPLINE_CURVE_WITH_KNOTS('',3,(#7272,#7273,#7274,#7275),
 .UNSPECIFIED.,.F.,.F.,(4,4),(-0.0144143012253753,0.0139063022719378),
 .UNSPECIFIED.);
#110=B_SPLINE_CURVE_WITH_KNOTS('',3,(#7277,#7278,#7279,#7280,#7281,#7282,
#7283),.UNSPECIFIED.,.F.,.F.,(4,3,4),(0.,0.00872715672131029,0.0173217986505612),
 .UNSPECIFIED.);
#111=B_SPLINE_CURVE_WITH_KNOTS('',3,(#7284,#7285,#7286,#7287),
 .UNSPECIFIED.,.F.,.F.,(4,4),(-0.0041421356237311,0.00414213562373239),
 .UNSPECIFIED.);
#112=B_SPLINE_CURVE_WITH_KNOTS('',3,(#7314,#7315,#7316,#7317),
 .UNSPECIFIED.,.F.,.F.,(4,4),(-0.0144143012253753,0.0139063022719376),
 .UNSPECIFIED.);
#113=B_SPLINE_CURVE_WITH_KNOTS('',3,(#7319,#7320,#7321,#7322,#7323,#7324,
#7325),.UNSPECIFIED.,.F.,.F.,(4,3,4),(0.,0.00872768938955632,0.0173217986605577),
 .UNSPECIFIED.);
#114=B_SPLINE_CURVE_WITH_KNOTS('',3,(#7327,#7328,#7329,#7330),
 .UNSPECIFIED.,.F.,.F.,(4,4),(-0.00414213562373102,0.00414213562373243),
 .UNSPECIFIED.);
#115=B_SPLINE_CURVE_WITH_KNOTS('',3,(#7331,#7332,#7333,#7334,#7335,#7336),
 .UNSPECIFIED.,.F.,.F.,(4,2,4),(0.,0.00880819593077399,0.0176306168816164),
 .UNSPECIFIED.);
#116=B_SPLINE_CURVE_WITH_KNOTS('',3,(#7354,#7355,#7356,#7357),
 .UNSPECIFIED.,.F.,.F.,(4,4),(-0.00414213562373107,0.00414213562373095),
 .UNSPECIFIED.);
#117=B_SPLINE_CURVE_WITH_KNOTS('',3,(#7359,#7360,#7361,#7362,#7363,#7364,
#7365),.UNSPECIFIED.,.F.,.F.,(4,3,4),(0.,0.00858832929374045,0.0173216320929897),
 .UNSPECIFIED.);
#118=B_SPLINE_CURVE_WITH_KNOTS('',3,(#7366,#7367,#7368,#7369),
 .UNSPECIFIED.,.F.,.F.,(4,4),(-0.0139063022719386,0.0144143012253753),
 .UNSPECIFIED.);
#119=B_SPLINE_CURVE_WITH_KNOTS('',3,(#7393,#7394,#7395,#7396),
 .UNSPECIFIED.,.F.,.F.,(4,4),(-0.0144143012253752,0.0139063022719376),
 .UNSPECIFIED.);
#120=B_SPLINE_CURVE_WITH_KNOTS('',3,(#7398,#7399,#7400,#7401,#7402,#7403,
#7404),.UNSPECIFIED.,.F.,.F.,(4,3,4),(0.,0.00872568595621882,0.017321798622869),
 .UNSPECIFIED.);
#121=B_SPLINE_CURVE_WITH_KNOTS('',3,(#7406,#7407,#7408,#7409),
 .UNSPECIFIED.,.F.,.F.,(4,4),(-0.00414213562373082,0.0041421356237325),
 .UNSPECIFIED.);
#122=B_SPLINE_CURVE_WITH_KNOTS('',3,(#7410,#7411,#7412,#7413,#7414,#7415),
 .UNSPECIFIED.,.F.,.F.,(4,2,4),(0.,0.00880610269531567,0.0176306168663153),
 .UNSPECIFIED.);
#123=B_SPLINE_CURVE_WITH_KNOTS('',3,(#7433,#7434,#7435,#7436),
 .UNSPECIFIED.,.F.,.F.,(4,4),(-0.0041421356237311,0.00414213562373088),
 .UNSPECIFIED.);
#124=B_SPLINE_CURVE_WITH_KNOTS('',3,(#7438,#7439,#7440,#7441,#7442,#7443,
#7444),.UNSPECIFIED.,.F.,.F.,(4,3,4),(0.,0.00858608375924331,0.0173216321341407),
 .UNSPECIFIED.);
#125=B_SPLINE_CURVE_WITH_KNOTS('',3,(#7445,#7446,#7447,#7448),
 .UNSPECIFIED.,.F.,.F.,(4,4),(-0.0139063022719379,0.0144143012253753),
 .UNSPECIFIED.);
#126=B_SPLINE_CURVE_WITH_KNOTS('',3,(#7453,#7454,#7455,#7456),
 .UNSPECIFIED.,.F.,.F.,(4,4),(-0.0139063022719378,0.0144143012253752),
 .UNSPECIFIED.);
#127=B_SPLINE_CURVE_WITH_KNOTS('',3,(#7461,#7462,#7463,#7464),
 .UNSPECIFIED.,.F.,.F.,(4,4),(-0.0144143012253757,0.0139063022719378),
 .UNSPECIFIED.);
#128=B_SPLINE_CURVE_WITH_KNOTS('',3,(#7483,#7484,#7485,#7486),
 .UNSPECIFIED.,.F.,.F.,(4,4),(-0.00414213562373122,0.00414213562373099),
 .UNSPECIFIED.);
#129=B_SPLINE_CURVE_WITH_KNOTS('',3,(#7487,#7488,#7489,#7490,#7491,#7492,
#7493),.UNSPECIFIED.,.F.,.F.,(4,3,4),(0.,0.00858878849078291,0.0173216320843779),
 .UNSPECIFIED.);
#130=B_SPLINE_CURVE_WITH_KNOTS('',3,(#7494,#7495,#7496,#7497,#7498,#7499),
 .UNSPECIFIED.,.F.,.F.,(4,2,4),(0.,0.0088166592903815,0.017630876247667),
 .UNSPECIFIED.);
#131=B_SPLINE_CURVE_WITH_KNOTS('',3,(#7517,#7518,#7519,#7520,#7521,#7522,
#7523),.UNSPECIFIED.,.F.,.F.,(4,3,4),(0.,0.00872715672129557,0.0173217986506319),
 .UNSPECIFIED.);
#132=B_SPLINE_CURVE_WITH_KNOTS('',3,(#7524,#7525,#7526,#7527),
 .UNSPECIFIED.,.F.,.F.,(4,4),(-0.00414213562373081,0.00414213562373248),
 .UNSPECIFIED.);
#133=B_SPLINE_SURFACE_WITH_KNOTS('',3,3,((#5990,#5991,#5992,#5993),(#5994,
#5995,#5996,#5997),(#5998,#5999,#6000,#6001),(#6002,#6003,#6004,#6005)),
 .UNSPECIFIED.,.F.,.F.,.F.,(4,4),(4,4),(0.,1.),(-0.0139063022719376,0.0144143012253754),
 .UNSPECIFIED.);
#134=B_SPLINE_SURFACE_WITH_KNOTS('',3,3,((#6031,#6032,#6033,#6034),(#6035,
#6036,#6037,#6038),(#6039,#6040,#6041,#6042),(#6043,#6044,#6045,#6046)),
 .UNSPECIFIED.,.F.,.F.,.F.,(4,4),(4,4),(0.,1.),(-0.0144143012253754,0.0139063022719381),
 .UNSPECIFIED.);
#135=B_SPLINE_SURFACE_WITH_KNOTS('',3,3,((#6080,#6081,#6082,#6083),(#6084,
#6085,#6086,#6087),(#6088,#6089,#6090,#6091),(#6092,#6093,#6094,#6095)),
 .UNSPECIFIED.,.F.,.F.,.F.,(4,4),(4,4),(0.,1.),(-0.0144143012253752,0.013906302271938),
 .UNSPECIFIED.);
#136=B_SPLINE_SURFACE_WITH_KNOTS('',3,3,((#6115,#6116,#6117,#6118),(#6119,
#6120,#6121,#6122),(#6123,#6124,#6125,#6126),(#6127,#6128,#6129,#6130)),
 .UNSPECIFIED.,.F.,.F.,.F.,(4,4),(4,4),(0.,1.),(-0.0139063022719377,0.0144143012253758),
 .UNSPECIFIED.);
#137=B_SPLINE_SURFACE_WITH_KNOTS('',3,3,((#6150,#6151,#6152,#6153),(#6154,
#6155,#6156,#6157),(#6158,#6159,#6160,#6161),(#6162,#6163,#6164,#6165)),
 .UNSPECIFIED.,.F.,.F.,.F.,(4,4),(4,4),(0.,1.),(-0.0139063022719377,0.0144143012253752),
 .UNSPECIFIED.);
#138=B_SPLINE_SURFACE_WITH_KNOTS('',3,3,((#6191,#6192,#6193,#6194),(#6195,
#6196,#6197,#6198),(#6199,#6200,#6201,#6202),(#6203,#6204,#6205,#6206)),
 .UNSPECIFIED.,.F.,.F.,.F.,(4,4),(4,4),(0.,1.),(-0.0144143012253755,0.013906302271938),
 .UNSPECIFIED.);
#139=B_SPLINE_SURFACE_WITH_KNOTS('',3,3,((#6240,#6241,#6242,#6243),(#6244,
#6245,#6246,#6247),(#6248,#6249,#6250,#6251),(#6252,#6253,#6254,#6255)),
 .UNSPECIFIED.,.F.,.F.,.F.,(4,4),(4,4),(0.,1.),(-0.0144143012253754,0.0139063022719381),
 .UNSPECIFIED.);
#140=B_SPLINE_SURFACE_WITH_KNOTS('',3,3,((#6275,#6276,#6277,#6278),(#6279,
#6280,#6281,#6282),(#6283,#6284,#6285,#6286),(#6287,#6288,#6289,#6290)),
 .UNSPECIFIED.,.F.,.F.,.F.,(4,4),(4,4),(0.,1.),(-0.0139063022719378,0.0144143012253754),
 .UNSPECIFIED.);
#141=B_SPLINE_SURFACE_WITH_KNOTS('',3,3,((#6322,#6323,#6324,#6325),(#6326,
#6327,#6328,#6329),(#6330,#6331,#6332,#6333),(#6334,#6335,#6336,#6337)),
 .UNSPECIFIED.,.F.,.F.,.F.,(4,4),(4,4),(0.,1.),(-0.0139063022719383,0.0144143012253753),
 .UNSPECIFIED.);
#142=B_SPLINE_SURFACE_WITH_KNOTS('',3,3,((#6357,#6358,#6359,#6360),(#6361,
#6362,#6363,#6364),(#6365,#6366,#6367,#6368),(#6369,#6370,#6371,#6372)),
 .UNSPECIFIED.,.F.,.F.,.F.,(4,4),(4,4),(0.,1.),(-0.0144143012253753,0.0139063022719381),
 .UNSPECIFIED.);
#143=B_SPLINE_SURFACE_WITH_KNOTS('',3,3,((#6401,#6402,#6403,#6404),(#6405,
#6406,#6407,#6408),(#6409,#6410,#6411,#6412),(#6413,#6414,#6415,#6416)),
 .UNSPECIFIED.,.F.,.F.,.F.,(4,4),(4,4),(0.,1.),(-0.0144143012253753,0.0139063022719382),
 .UNSPECIFIED.);
#144=B_SPLINE_SURFACE_WITH_KNOTS('',3,3,((#6436,#6437,#6438,#6439),(#6440,
#6441,#6442,#6443),(#6444,#6445,#6446,#6447),(#6448,#6449,#6450,#6451)),
 .UNSPECIFIED.,.F.,.F.,.F.,(4,4),(4,4),(0.,1.),(-0.0139063022719382,0.0144143012253753),
 .UNSPECIFIED.);
#145=B_SPLINE_SURFACE_WITH_KNOTS('',3,3,((#7054,#7055,#7056,#7057),(#7058,
#7059,#7060,#7061),(#7062,#7063,#7064,#7065),(#7066,#7067,#7068,#7069)),
 .UNSPECIFIED.,.F.,.F.,.F.,(4,4),(4,4),(0.,1.),(-0.0144143012253753,0.0139063022719377),
 .UNSPECIFIED.);
#146=B_SPLINE_SURFACE_WITH_KNOTS('',3,3,((#7095,#7096,#7097,#7098),(#7099,
#7100,#7101,#7102),(#7103,#7104,#7105,#7106),(#7107,#7108,#7109,#7110)),
 .UNSPECIFIED.,.F.,.F.,.F.,(4,4),(4,4),(0.,1.),(-0.0139063022719377,0.0144143012253757),
 .UNSPECIFIED.);
#147=B_SPLINE_SURFACE_WITH_KNOTS('',3,3,((#7135,#7136,#7137,#7138),(#7139,
#7140,#7141,#7142),(#7143,#7144,#7145,#7146),(#7147,#7148,#7149,#7150)),
 .UNSPECIFIED.,.F.,.F.,.F.,(4,4),(4,4),(0.,1.),(-0.0139063022719375,0.0144143012253752),
 .UNSPECIFIED.);
#148=B_SPLINE_SURFACE_WITH_KNOTS('',3,3,((#7176,#7177,#7178,#7179),(#7180,
#7181,#7182,#7183),(#7184,#7185,#7186,#7187),(#7188,#7189,#7190,#7191)),
 .UNSPECIFIED.,.F.,.F.,.F.,(4,4),(4,4),(0.,1.),(-0.0144143012253752,0.0139063022719381),
 .UNSPECIFIED.);
#149=B_SPLINE_SURFACE_WITH_KNOTS('',3,3,((#7214,#7215,#7216,#7217),(#7218,
#7219,#7220,#7221),(#7222,#7223,#7224,#7225),(#7226,#7227,#7228,#7229)),
 .UNSPECIFIED.,.F.,.F.,.F.,(4,4),(4,4),(0.,1.),(-0.0144143012253753,0.0139063022719384),
 .UNSPECIFIED.);
#150=B_SPLINE_SURFACE_WITH_KNOTS('',3,3,((#7255,#7256,#7257,#7258),(#7259,
#7260,#7261,#7262),(#7263,#7264,#7265,#7266),(#7267,#7268,#7269,#7270)),
 .UNSPECIFIED.,.F.,.F.,.F.,(4,4),(4,4),(0.,1.),(-0.0139063022719378,0.0144143012253753),
 .UNSPECIFIED.);
#151=B_SPLINE_SURFACE_WITH_KNOTS('',3,3,((#7296,#7297,#7298,#7299),(#7300,
#7301,#7302,#7303),(#7304,#7305,#7306,#7307),(#7308,#7309,#7310,#7311)),
 .UNSPECIFIED.,.F.,.F.,.F.,(4,4),(4,4),(0.,1.),(-0.0139063022719376,0.0144143012253753),
 .UNSPECIFIED.);
#152=B_SPLINE_SURFACE_WITH_KNOTS('',3,3,((#7337,#7338,#7339,#7340),(#7341,
#7342,#7343,#7344),(#7345,#7346,#7347,#7348),(#7349,#7350,#7351,#7352)),
 .UNSPECIFIED.,.F.,.F.,.F.,(4,4),(4,4),(0.,1.),(-0.0144143012253753,0.0139063022719386),
 .UNSPECIFIED.);
#153=B_SPLINE_SURFACE_WITH_KNOTS('',3,3,((#7375,#7376,#7377,#7378),(#7379,
#7380,#7381,#7382),(#7383,#7384,#7385,#7386),(#7387,#7388,#7389,#7390)),
 .UNSPECIFIED.,.F.,.F.,.F.,(4,4),(4,4),(0.,1.),(-0.0139063022719376,0.0144143012253752),
 .UNSPECIFIED.);
#154=B_SPLINE_SURFACE_WITH_KNOTS('',3,3,((#7416,#7417,#7418,#7419),(#7420,
#7421,#7422,#7423),(#7424,#7425,#7426,#7427),(#7428,#7429,#7430,#7431)),
 .UNSPECIFIED.,.F.,.F.,.F.,(4,4),(4,4),(0.,1.),(-0.0144143012253753,0.0139063022719379),
 .UNSPECIFIED.);
#155=B_SPLINE_SURFACE_WITH_KNOTS('',3,3,((#7465,#7466,#7467,#7468),(#7469,
#7470,#7471,#7472),(#7473,#7474,#7475,#7476),(#7477,#7478,#7479,#7480)),
 .UNSPECIFIED.,.F.,.F.,.F.,(4,4),(4,4),(0.,1.),(-0.0144143012253752,0.0139063022719378),
 .UNSPECIFIED.);
#156=B_SPLINE_SURFACE_WITH_KNOTS('',3,3,((#7500,#7501,#7502,#7503),(#7504,
#7505,#7506,#7507),(#7508,#7509,#7510,#7511),(#7512,#7513,#7514,#7515)),
 .UNSPECIFIED.,.F.,.F.,.F.,(4,4),(4,4),(0.,1.),(-0.0139063022719378,0.0144143012253757),
 .UNSPECIFIED.);
#157=CYLINDRICAL_SURFACE('',#4222,3.15);
#158=CYLINDRICAL_SURFACE('',#4225,1.00000000000001);
#159=CYLINDRICAL_SURFACE('',#4245,1.00000000000001);
#160=CYLINDRICAL_SURFACE('',#4248,1.00000000000001);
#161=CYLINDRICAL_SURFACE('',#4261,1.);
#162=CYLINDRICAL_SURFACE('',#4269,0.600000000000003);
#163=CYLINDRICAL_SURFACE('',#4272,0.4);
#164=CYLINDRICAL_SURFACE('',#4276,0.599999999999999);
#165=CYLINDRICAL_SURFACE('',#4282,0.4);
#166=CYLINDRICAL_SURFACE('',#4286,0.600000029559532);
#167=CYLINDRICAL_SURFACE('',#4292,0.399999999999997);
#168=CYLINDRICAL_SURFACE('',#4299,0.6);
#169=CYLINDRICAL_SURFACE('',#4302,0.399999999999998);
#170=CYLINDRICAL_SURFACE('',#4325,1.5);
#171=CYLINDRICAL_SURFACE('',#4326,1.5);
#172=CYLINDRICAL_SURFACE('',#4327,1.5);
#173=CYLINDRICAL_SURFACE('',#4345,1.5);
#174=CYLINDRICAL_SURFACE('',#4347,1.5);
#175=CYLINDRICAL_SURFACE('',#4349,1.5);
#176=CYLINDRICAL_SURFACE('',#4361,1.);
#177=CYLINDRICAL_SURFACE('',#4363,1.);
#178=CYLINDRICAL_SURFACE('',#4365,1.00000000000001);
#179=CYLINDRICAL_SURFACE('',#4367,1.);
#180=CYLINDRICAL_SURFACE('',#4369,3.15);
#181=CYLINDRICAL_SURFACE('',#4411,1.);
#182=CYLINDRICAL_SURFACE('',#4420,1.);
#183=CYLINDRICAL_SURFACE('',#4440,1.);
#184=CYLINDRICAL_SURFACE('',#4442,1.);
#185=CYLINDRICAL_SURFACE('',#4448,1.);
#186=CYLINDRICAL_SURFACE('',#4455,1.);
#187=CYLINDRICAL_SURFACE('',#4456,1.);
#188=CYLINDRICAL_SURFACE('',#4463,1.);
#189=CYLINDRICAL_SURFACE('',#4468,0.499999999999998);
#190=CYLINDRICAL_SURFACE('',#4470,0.499999999999998);
#191=CYLINDRICAL_SURFACE('',#4472,0.5);
#192=CYLINDRICAL_SURFACE('',#4474,0.5);
#193=CYLINDRICAL_SURFACE('',#4476,0.5);
#194=CYLINDRICAL_SURFACE('',#4478,0.5);
#195=CYLINDRICAL_SURFACE('',#4480,0.499999999999998);
#196=CYLINDRICAL_SURFACE('',#4482,0.499999999999998);
#197=CYLINDRICAL_SURFACE('',#4499,1.55);
#198=CYLINDRICAL_SURFACE('',#4500,3.15);
#199=CYLINDRICAL_SURFACE('',#4502,1.55);
#200=CYLINDRICAL_SURFACE('',#4504,3.15);
#201=CYLINDRICAL_SURFACE('',#4523,1.5);
#202=CYLINDRICAL_SURFACE('',#4524,1.5);
#203=CYLINDRICAL_SURFACE('',#4525,1.5);
#204=CYLINDRICAL_SURFACE('',#4527,1.5);
#205=CYLINDRICAL_SURFACE('',#4529,1.5);
#206=CYLINDRICAL_SURFACE('',#4531,1.5);
#207=CYLINDRICAL_SURFACE('',#4538,1.75);
#208=CYLINDRICAL_SURFACE('',#4543,1.75);
#209=CYLINDRICAL_SURFACE('',#4548,1.75);
#210=CYLINDRICAL_SURFACE('',#4553,1.75);
#211=PLANE('',#4205);
#212=PLANE('',#4209);
#213=PLANE('',#4213);
#214=PLANE('',#4217);
#215=PLANE('',#4218);
#216=PLANE('',#4224);
#217=PLANE('',#4227);
#218=PLANE('',#4231);
#219=PLANE('',#4235);
#220=PLANE('',#4239);
#221=PLANE('',#4243);
#222=PLANE('',#4244);
#223=PLANE('',#4247);
#224=PLANE('',#4250);
#225=PLANE('',#4251);
#226=PLANE('',#4252);
#227=PLANE('',#4256);
#228=PLANE('',#4260);
#229=PLANE('',#4263);
#230=PLANE('',#4264);
#231=PLANE('',#4265);
#232=PLANE('',#4266);
#233=PLANE('',#4267);
#234=PLANE('',#4268);
#235=PLANE('',#4275);
#236=PLANE('',#4279);
#237=PLANE('',#4280);
#238=PLANE('',#4281);
#239=PLANE('',#4285);
#240=PLANE('',#4289);
#241=PLANE('',#4290);
#242=PLANE('',#4291);
#243=PLANE('',#4295);
#244=PLANE('',#4296);
#245=PLANE('',#4297);
#246=PLANE('',#4298);
#247=PLANE('',#4305);
#248=PLANE('',#4311);
#249=PLANE('',#4317);
#250=PLANE('',#4323);
#251=PLANE('',#4324);
#252=PLANE('',#4328);
#253=PLANE('',#4329);
#254=PLANE('',#4330);
#255=PLANE('',#4331);
#256=PLANE('',#4332);
#257=PLANE('',#4333);
#258=PLANE('',#4334);
#259=PLANE('',#4335);
#260=PLANE('',#4336);
#261=PLANE('',#4337);
#262=PLANE('',#4338);
#263=PLANE('',#4339);
#264=PLANE('',#4340);
#265=PLANE('',#4341);
#266=PLANE('',#4342);
#267=PLANE('',#4343);
#268=PLANE('',#4344);
#269=PLANE('',#4351);
#270=PLANE('',#4352);
#271=PLANE('',#4353);
#272=PLANE('',#4354);
#273=PLANE('',#4360);
#274=PLANE('',#4362);
#275=PLANE('',#4364);
#276=PLANE('',#4366);
#277=PLANE('',#4368);
#278=PLANE('',#4370);
#279=PLANE('',#4371);
#280=PLANE('',#4372);
#281=PLANE('',#4373);
#282=PLANE('',#4374);
#283=PLANE('',#4375);
#284=PLANE('',#4376);
#285=PLANE('',#4377);
#286=PLANE('',#4378);
#287=PLANE('',#4379);
#288=PLANE('',#4380);
#289=PLANE('',#4383);
#290=PLANE('',#4387);
#291=PLANE('',#4388);
#292=PLANE('',#4389);
#293=PLANE('',#4390);
#294=PLANE('',#4394);
#295=PLANE('',#4397);
#296=PLANE('',#4398);
#297=PLANE('',#4400);
#298=PLANE('',#4403);
#299=PLANE('',#4404);
#300=PLANE('',#4405);
#301=PLANE('',#4407);
#302=PLANE('',#4410);
#303=PLANE('',#4414);
#304=PLANE('',#4416);
#305=PLANE('',#4419);
#306=PLANE('',#4423);
#307=PLANE('',#4425);
#308=PLANE('',#4430);
#309=PLANE('',#4434);
#310=PLANE('',#4436);
#311=PLANE('',#4437);
#312=PLANE('',#4444);
#313=PLANE('',#4445);
#314=PLANE('',#4446);
#315=PLANE('',#4447);
#316=PLANE('',#4450);
#317=PLANE('',#4451);
#318=PLANE('',#4458);
#319=PLANE('',#4459);
#320=PLANE('',#4464);
#321=PLANE('',#4465);
#322=PLANE('',#4466);
#323=PLANE('',#4467);
#324=PLANE('',#4484);
#325=PLANE('',#4491);
#326=PLANE('',#4492);
#327=PLANE('',#4493);
#328=PLANE('',#4497);
#329=PLANE('',#4498);
#330=PLANE('',#4501);
#331=PLANE('',#4503);
#332=PLANE('',#4505);
#333=PLANE('',#4511);
#334=PLANE('',#4522);
#335=PLANE('',#4526);
#336=PLANE('',#4533);
#337=PLANE('',#4534);
#338=PLANE('',#4539);
#339=PLANE('',#4544);
#340=PLANE('',#4549);
#341=PLANE('',#4554);
#342=FACE_OUTER_BOUND('',#579,.T.);
#343=FACE_OUTER_BOUND('',#580,.T.);
#344=FACE_OUTER_BOUND('',#581,.T.);
#345=FACE_OUTER_BOUND('',#582,.T.);
#346=FACE_OUTER_BOUND('',#583,.T.);
#347=FACE_OUTER_BOUND('',#584,.T.);
#348=FACE_OUTER_BOUND('',#585,.T.);
#349=FACE_OUTER_BOUND('',#586,.T.);
#350=FACE_OUTER_BOUND('',#587,.T.);
#351=FACE_OUTER_BOUND('',#588,.T.);
#352=FACE_OUTER_BOUND('',#589,.T.);
#353=FACE_OUTER_BOUND('',#590,.T.);
#354=FACE_OUTER_BOUND('',#591,.T.);
#355=FACE_OUTER_BOUND('',#592,.T.);
#356=FACE_OUTER_BOUND('',#593,.T.);
#357=FACE_OUTER_BOUND('',#594,.T.);
#358=FACE_OUTER_BOUND('',#595,.T.);
#359=FACE_OUTER_BOUND('',#596,.T.);
#360=FACE_OUTER_BOUND('',#597,.T.);
#361=FACE_OUTER_BOUND('',#598,.T.);
#362=FACE_OUTER_BOUND('',#599,.T.);
#363=FACE_OUTER_BOUND('',#600,.T.);
#364=FACE_OUTER_BOUND('',#601,.T.);
#365=FACE_OUTER_BOUND('',#602,.T.);
#366=FACE_OUTER_BOUND('',#603,.T.);
#367=FACE_OUTER_BOUND('',#604,.T.);
#368=FACE_OUTER_BOUND('',#605,.T.);
#369=FACE_OUTER_BOUND('',#606,.T.);
#370=FACE_OUTER_BOUND('',#607,.T.);
#371=FACE_OUTER_BOUND('',#608,.T.);
#372=FACE_OUTER_BOUND('',#609,.T.);
#373=FACE_OUTER_BOUND('',#610,.T.);
#374=FACE_OUTER_BOUND('',#611,.T.);
#375=FACE_OUTER_BOUND('',#612,.T.);
#376=FACE_OUTER_BOUND('',#613,.T.);
#377=FACE_OUTER_BOUND('',#614,.T.);
#378=FACE_OUTER_BOUND('',#615,.T.);
#379=FACE_OUTER_BOUND('',#616,.T.);
#380=FACE_OUTER_BOUND('',#617,.T.);
#381=FACE_OUTER_BOUND('',#618,.T.);
#382=FACE_OUTER_BOUND('',#619,.T.);
#383=FACE_OUTER_BOUND('',#620,.T.);
#384=FACE_OUTER_BOUND('',#621,.T.);
#385=FACE_OUTER_BOUND('',#622,.T.);
#386=FACE_OUTER_BOUND('',#623,.T.);
#387=FACE_OUTER_BOUND('',#624,.T.);
#388=FACE_OUTER_BOUND('',#625,.T.);
#389=FACE_OUTER_BOUND('',#626,.T.);
#390=FACE_OUTER_BOUND('',#627,.T.);
#391=FACE_OUTER_BOUND('',#628,.T.);
#392=FACE_OUTER_BOUND('',#629,.T.);
#393=FACE_OUTER_BOUND('',#630,.T.);
#394=FACE_OUTER_BOUND('',#631,.T.);
#395=FACE_OUTER_BOUND('',#632,.T.);
#396=FACE_OUTER_BOUND('',#633,.T.);
#397=FACE_OUTER_BOUND('',#634,.T.);
#398=FACE_OUTER_BOUND('',#635,.T.);
#399=FACE_OUTER_BOUND('',#636,.T.);
#400=FACE_OUTER_BOUND('',#637,.T.);
#401=FACE_OUTER_BOUND('',#638,.T.);
#402=FACE_OUTER_BOUND('',#639,.T.);
#403=FACE_OUTER_BOUND('',#640,.T.);
#404=FACE_OUTER_BOUND('',#641,.T.);
#405=FACE_OUTER_BOUND('',#642,.T.);
#406=FACE_OUTER_BOUND('',#643,.T.);
#407=FACE_OUTER_BOUND('',#644,.T.);
#408=FACE_OUTER_BOUND('',#645,.T.);
#409=FACE_OUTER_BOUND('',#646,.T.);
#410=FACE_OUTER_BOUND('',#647,.T.);
#411=FACE_OUTER_BOUND('',#648,.T.);
#412=FACE_OUTER_BOUND('',#649,.T.);
#413=FACE_OUTER_BOUND('',#650,.T.);
#414=FACE_OUTER_BOUND('',#651,.T.);
#415=FACE_OUTER_BOUND('',#652,.T.);
#416=FACE_OUTER_BOUND('',#653,.T.);
#417=FACE_OUTER_BOUND('',#654,.T.);
#418=FACE_OUTER_BOUND('',#655,.T.);
#419=FACE_OUTER_BOUND('',#656,.T.);
#420=FACE_OUTER_BOUND('',#657,.T.);
#421=FACE_OUTER_BOUND('',#658,.T.);
#422=FACE_OUTER_BOUND('',#659,.T.);
#423=FACE_OUTER_BOUND('',#660,.T.);
#424=FACE_OUTER_BOUND('',#661,.T.);
#425=FACE_OUTER_BOUND('',#662,.T.);
#426=FACE_OUTER_BOUND('',#663,.T.);
#427=FACE_OUTER_BOUND('',#664,.T.);
#428=FACE_OUTER_BOUND('',#665,.T.);
#429=FACE_OUTER_BOUND('',#666,.T.);
#430=FACE_OUTER_BOUND('',#667,.T.);
#431=FACE_OUTER_BOUND('',#668,.T.);
#432=FACE_OUTER_BOUND('',#669,.T.);
#433=FACE_OUTER_BOUND('',#670,.T.);
#434=FACE_OUTER_BOUND('',#671,.T.);
#435=FACE_OUTER_BOUND('',#672,.T.);
#436=FACE_OUTER_BOUND('',#673,.T.);
#437=FACE_OUTER_BOUND('',#674,.T.);
#438=FACE_OUTER_BOUND('',#675,.T.);
#439=FACE_OUTER_BOUND('',#676,.T.);
#440=FACE_OUTER_BOUND('',#677,.T.);
#441=FACE_OUTER_BOUND('',#678,.T.);
#442=FACE_OUTER_BOUND('',#679,.T.);
#443=FACE_OUTER_BOUND('',#680,.T.);
#444=FACE_OUTER_BOUND('',#681,.T.);
#445=FACE_OUTER_BOUND('',#682,.T.);
#446=FACE_OUTER_BOUND('',#683,.T.);
#447=FACE_OUTER_BOUND('',#684,.T.);
#448=FACE_OUTER_BOUND('',#685,.T.);
#449=FACE_OUTER_BOUND('',#686,.T.);
#450=FACE_OUTER_BOUND('',#687,.T.);
#451=FACE_OUTER_BOUND('',#694,.T.);
#452=FACE_OUTER_BOUND('',#695,.T.);
#453=FACE_OUTER_BOUND('',#696,.T.);
#454=FACE_OUTER_BOUND('',#697,.T.);
#455=FACE_OUTER_BOUND('',#698,.T.);
#456=FACE_OUTER_BOUND('',#699,.T.);
#457=FACE_OUTER_BOUND('',#700,.T.);
#458=FACE_OUTER_BOUND('',#701,.T.);
#459=FACE_OUTER_BOUND('',#702,.T.);
#460=FACE_OUTER_BOUND('',#703,.T.);
#461=FACE_OUTER_BOUND('',#704,.T.);
#462=FACE_OUTER_BOUND('',#705,.T.);
#463=FACE_OUTER_BOUND('',#706,.T.);
#464=FACE_OUTER_BOUND('',#707,.T.);
#465=FACE_OUTER_BOUND('',#708,.T.);
#466=FACE_OUTER_BOUND('',#709,.T.);
#467=FACE_OUTER_BOUND('',#710,.T.);
#468=FACE_OUTER_BOUND('',#711,.T.);
#469=FACE_OUTER_BOUND('',#712,.T.);
#470=FACE_OUTER_BOUND('',#713,.T.);
#471=FACE_OUTER_BOUND('',#714,.T.);
#472=FACE_OUTER_BOUND('',#715,.T.);
#473=FACE_OUTER_BOUND('',#716,.T.);
#474=FACE_OUTER_BOUND('',#717,.T.);
#475=FACE_OUTER_BOUND('',#718,.T.);
#476=FACE_OUTER_BOUND('',#719,.T.);
#477=FACE_OUTER_BOUND('',#720,.T.);
#478=FACE_OUTER_BOUND('',#721,.T.);
#479=FACE_OUTER_BOUND('',#722,.T.);
#480=FACE_OUTER_BOUND('',#723,.T.);
#481=FACE_OUTER_BOUND('',#724,.T.);
#482=FACE_OUTER_BOUND('',#725,.T.);
#483=FACE_OUTER_BOUND('',#726,.T.);
#484=FACE_OUTER_BOUND('',#727,.T.);
#485=FACE_OUTER_BOUND('',#728,.T.);
#486=FACE_OUTER_BOUND('',#729,.T.);
#487=FACE_OUTER_BOUND('',#730,.T.);
#488=FACE_OUTER_BOUND('',#731,.T.);
#489=FACE_OUTER_BOUND('',#732,.T.);
#490=FACE_OUTER_BOUND('',#733,.T.);
#491=FACE_OUTER_BOUND('',#734,.T.);
#492=FACE_OUTER_BOUND('',#735,.T.);
#493=FACE_OUTER_BOUND('',#736,.T.);
#494=FACE_OUTER_BOUND('',#737,.T.);
#495=FACE_OUTER_BOUND('',#738,.T.);
#496=FACE_OUTER_BOUND('',#739,.T.);
#497=FACE_OUTER_BOUND('',#740,.T.);
#498=FACE_OUTER_BOUND('',#741,.T.);
#499=FACE_OUTER_BOUND('',#742,.T.);
#500=FACE_OUTER_BOUND('',#743,.T.);
#501=FACE_OUTER_BOUND('',#744,.T.);
#502=FACE_OUTER_BOUND('',#745,.T.);
#503=FACE_OUTER_BOUND('',#746,.T.);
#504=FACE_OUTER_BOUND('',#747,.T.);
#505=FACE_OUTER_BOUND('',#748,.T.);
#506=FACE_OUTER_BOUND('',#749,.T.);
#507=FACE_OUTER_BOUND('',#750,.T.);
#508=FACE_OUTER_BOUND('',#751,.T.);
#509=FACE_OUTER_BOUND('',#752,.T.);
#510=FACE_OUTER_BOUND('',#753,.T.);
#511=FACE_OUTER_BOUND('',#754,.T.);
#512=FACE_OUTER_BOUND('',#755,.T.);
#513=FACE_OUTER_BOUND('',#756,.T.);
#514=FACE_OUTER_BOUND('',#757,.T.);
#515=FACE_OUTER_BOUND('',#758,.T.);
#516=FACE_OUTER_BOUND('',#759,.T.);
#517=FACE_OUTER_BOUND('',#760,.T.);
#518=FACE_OUTER_BOUND('',#761,.T.);
#519=FACE_OUTER_BOUND('',#762,.T.);
#520=FACE_OUTER_BOUND('',#763,.T.);
#521=FACE_OUTER_BOUND('',#764,.T.);
#522=FACE_OUTER_BOUND('',#765,.T.);
#523=FACE_OUTER_BOUND('',#766,.T.);
#524=FACE_OUTER_BOUND('',#767,.T.);
#525=FACE_OUTER_BOUND('',#768,.T.);
#526=FACE_OUTER_BOUND('',#773,.T.);
#527=FACE_OUTER_BOUND('',#774,.T.);
#528=FACE_OUTER_BOUND('',#775,.T.);
#529=FACE_OUTER_BOUND('',#776,.T.);
#530=FACE_OUTER_BOUND('',#777,.T.);
#531=FACE_OUTER_BOUND('',#778,.T.);
#532=FACE_OUTER_BOUND('',#779,.T.);
#533=FACE_OUTER_BOUND('',#780,.T.);
#534=FACE_OUTER_BOUND('',#781,.T.);
#535=FACE_OUTER_BOUND('',#782,.T.);
#536=FACE_OUTER_BOUND('',#783,.T.);
#537=FACE_OUTER_BOUND('',#784,.T.);
#538=FACE_OUTER_BOUND('',#785,.T.);
#539=FACE_OUTER_BOUND('',#786,.T.);
#540=FACE_OUTER_BOUND('',#787,.T.);
#541=FACE_OUTER_BOUND('',#788,.T.);
#542=FACE_OUTER_BOUND('',#789,.T.);
#543=FACE_OUTER_BOUND('',#790,.T.);
#544=FACE_OUTER_BOUND('',#791,.T.);
#545=FACE_OUTER_BOUND('',#792,.T.);
#546=FACE_OUTER_BOUND('',#793,.T.);
#547=FACE_OUTER_BOUND('',#794,.T.);
#548=FACE_OUTER_BOUND('',#795,.T.);
#549=FACE_OUTER_BOUND('',#796,.T.);
#550=FACE_OUTER_BOUND('',#797,.T.);
#551=FACE_OUTER_BOUND('',#798,.T.);
#552=FACE_OUTER_BOUND('',#799,.T.);
#553=FACE_OUTER_BOUND('',#800,.T.);
#554=FACE_OUTER_BOUND('',#801,.T.);
#555=FACE_OUTER_BOUND('',#802,.T.);
#556=FACE_OUTER_BOUND('',#803,.T.);
#557=FACE_OUTER_BOUND('',#804,.T.);
#558=FACE_OUTER_BOUND('',#805,.T.);
#559=FACE_OUTER_BOUND('',#806,.T.);
#560=FACE_OUTER_BOUND('',#807,.T.);
#561=FACE_OUTER_BOUND('',#808,.T.);
#562=FACE_OUTER_BOUND('',#809,.T.);
#563=FACE_OUTER_BOUND('',#810,.T.);
#564=FACE_OUTER_BOUND('',#811,.T.);
#565=FACE_OUTER_BOUND('',#812,.T.);
#566=FACE_OUTER_BOUND('',#813,.T.);
#567=FACE_OUTER_BOUND('',#814,.T.);
#568=FACE_OUTER_BOUND('',#815,.T.);
#569=FACE_OUTER_BOUND('',#816,.T.);
#570=FACE_OUTER_BOUND('',#817,.T.);
#571=FACE_OUTER_BOUND('',#818,.T.);
#572=FACE_OUTER_BOUND('',#819,.T.);
#573=FACE_OUTER_BOUND('',#820,.T.);
#574=FACE_OUTER_BOUND('',#821,.T.);
#575=FACE_OUTER_BOUND('',#822,.T.);
#576=FACE_OUTER_BOUND('',#823,.T.);
#577=FACE_OUTER_BOUND('',#824,.T.);
#578=FACE_OUTER_BOUND('',#825,.T.);
#579=EDGE_LOOP('',(#2707,#2708,#2709,#2710));
#580=EDGE_LOOP('',(#2711,#2712,#2713,#2714));
#581=EDGE_LOOP('',(#2715,#2716,#2717,#2718));
#582=EDGE_LOOP('',(#2719,#2720,#2721,#2722));
#583=EDGE_LOOP('',(#2723,#2724,#2725,#2726));
#584=EDGE_LOOP('',(#2727,#2728,#2729,#2730));
#585=EDGE_LOOP('',(#2731,#2732,#2733,#2734));
#586=EDGE_LOOP('',(#2735,#2736,#2737,#2738));
#587=EDGE_LOOP('',(#2739,#2740,#2741,#2742,#2743,#2744,#2745,#2746,#2747,
#2748,#2749,#2750,#2751,#2752));
#588=EDGE_LOOP('',(#2753,#2754,#2755,#2756));
#589=EDGE_LOOP('',(#2757,#2758,#2759,#2760));
#590=EDGE_LOOP('',(#2761,#2762,#2763,#2764,#2765));
#591=EDGE_LOOP('',(#2766,#2767,#2768,#2769,#2770,#2771,#2772,#2773));
#592=EDGE_LOOP('',(#2774,#2775,#2776,#2777));
#593=EDGE_LOOP('',(#2778,#2779,#2780,#2781));
#594=EDGE_LOOP('',(#2782,#2783,#2784,#2785));
#595=EDGE_LOOP('',(#2786,#2787,#2788,#2789));
#596=EDGE_LOOP('',(#2790,#2791,#2792,#2793));
#597=EDGE_LOOP('',(#2794,#2795,#2796,#2797));
#598=EDGE_LOOP('',(#2798,#2799,#2800,#2801));
#599=EDGE_LOOP('',(#2802,#2803,#2804,#2805));
#600=EDGE_LOOP('',(#2806,#2807,#2808,#2809));
#601=EDGE_LOOP('',(#2810,#2811,#2812,#2813,#2814));
#602=EDGE_LOOP('',(#2815,#2816,#2817,#2818));
#603=EDGE_LOOP('',(#2819,#2820,#2821,#2822,#2823));
#604=EDGE_LOOP('',(#2824,#2825,#2826,#2827,#2828,#2829,#2830,#2831));
#605=EDGE_LOOP('',(#2832,#2833,#2834,#2835));
#606=EDGE_LOOP('',(#2836,#2837,#2838,#2839));
#607=EDGE_LOOP('',(#2840,#2841,#2842,#2843));
#608=EDGE_LOOP('',(#2844,#2845,#2846,#2847));
#609=EDGE_LOOP('',(#2848,#2849,#2850,#2851));
#610=EDGE_LOOP('',(#2852,#2853,#2854,#2855));
#611=EDGE_LOOP('',(#2856,#2857,#2858,#2859,#2860));
#612=EDGE_LOOP('',(#2861,#2862,#2863,#2864));
#613=EDGE_LOOP('',(#2865,#2866,#2867,#2868));
#614=EDGE_LOOP('',(#2869,#2870,#2871,#2872,#2873,#2874));
#615=EDGE_LOOP('',(#2875,#2876,#2877,#2878));
#616=EDGE_LOOP('',(#2879,#2880,#2881,#2882));
#617=EDGE_LOOP('',(#2883,#2884,#2885,#2886));
#618=EDGE_LOOP('',(#2887,#2888,#2889,#2890));
#619=EDGE_LOOP('',(#2891,#2892,#2893,#2894));
#620=EDGE_LOOP('',(#2895,#2896,#2897,#2898,#2899));
#621=EDGE_LOOP('',(#2900,#2901,#2902,#2903));
#622=EDGE_LOOP('',(#2904,#2905,#2906,#2907));
#623=EDGE_LOOP('',(#2908,#2909,#2910,#2911));
#624=EDGE_LOOP('',(#2912,#2913,#2914,#2915));
#625=EDGE_LOOP('',(#2916,#2917,#2918,#2919));
#626=EDGE_LOOP('',(#2920,#2921,#2922,#2923,#2924));
#627=EDGE_LOOP('',(#2925,#2926,#2927,#2928));
#628=EDGE_LOOP('',(#2929,#2930,#2931,#2932));
#629=EDGE_LOOP('',(#2933,#2934,#2935,#2936));
#630=EDGE_LOOP('',(#2937,#2938,#2939,#2940));
#631=EDGE_LOOP('',(#2941,#2942,#2943,#2944));
#632=EDGE_LOOP('',(#2945,#2946,#2947,#2948,#2949));
#633=EDGE_LOOP('',(#2950,#2951,#2952,#2953));
#634=EDGE_LOOP('',(#2954,#2955,#2956,#2957));
#635=EDGE_LOOP('',(#2958,#2959,#2960,#2961));
#636=EDGE_LOOP('',(#2962,#2963,#2964,#2965));
#637=EDGE_LOOP('',(#2966,#2967,#2968,#2969));
#638=EDGE_LOOP('',(#2970,#2971,#2972,#2973,#2974));
#639=EDGE_LOOP('',(#2975,#2976,#2977,#2978));
#640=EDGE_LOOP('',(#2979,#2980,#2981,#2982));
#641=EDGE_LOOP('',(#2983,#2984,#2985,#2986));
#642=EDGE_LOOP('',(#2987,#2988,#2989,#2990));
#643=EDGE_LOOP('',(#2991,#2992,#2993,#2994));
#644=EDGE_LOOP('',(#2995,#2996,#2997,#2998));
#645=EDGE_LOOP('',(#2999,#3000,#3001,#3002,#3003,#3004,#3005));
#646=EDGE_LOOP('',(#3006,#3007,#3008,#3009));
#647=EDGE_LOOP('',(#3010,#3011,#3012,#3013));
#648=EDGE_LOOP('',(#3014,#3015,#3016,#3017));
#649=EDGE_LOOP('',(#3018,#3019,#3020,#3021));
#650=EDGE_LOOP('',(#3022,#3023,#3024,#3025));
#651=EDGE_LOOP('',(#3026,#3027,#3028,#3029));
#652=EDGE_LOOP('',(#3030,#3031,#3032,#3033,#3034,#3035,#3036,#3037,#3038,
#3039));
#653=EDGE_LOOP('',(#3040,#3041,#3042,#3043));
#654=EDGE_LOOP('',(#3044,#3045,#3046,#3047));
#655=EDGE_LOOP('',(#3048,#3049,#3050,#3051));
#656=EDGE_LOOP('',(#3052,#3053,#3054,#3055));
#657=EDGE_LOOP('',(#3056,#3057,#3058,#3059));
#658=EDGE_LOOP('',(#3060,#3061,#3062,#3063));
#659=EDGE_LOOP('',(#3064,#3065,#3066,#3067,#3068,#3069,#3070,#3071,#3072,
#3073));
#660=EDGE_LOOP('',(#3074,#3075,#3076,#3077,#3078,#3079,#3080));
#661=EDGE_LOOP('',(#3081,#3082,#3083,#3084,#3085,#3086));
#662=EDGE_LOOP('',(#3087,#3088,#3089,#3090,#3091,#3092));
#663=EDGE_LOOP('',(#3093,#3094,#3095,#3096,#3097,#3098));
#664=EDGE_LOOP('',(#3099,#3100,#3101,#3102));
#665=EDGE_LOOP('',(#3103,#3104,#3105,#3106));
#666=EDGE_LOOP('',(#3107,#3108,#3109,#3110));
#667=EDGE_LOOP('',(#3111,#3112,#3113,#3114));
#668=EDGE_LOOP('',(#3115,#3116,#3117,#3118));
#669=EDGE_LOOP('',(#3119,#3120,#3121,#3122));
#670=EDGE_LOOP('',(#3123,#3124,#3125,#3126));
#671=EDGE_LOOP('',(#3127,#3128,#3129,#3130));
#672=EDGE_LOOP('',(#3131,#3132,#3133,#3134));
#673=EDGE_LOOP('',(#3135,#3136,#3137,#3138));
#674=EDGE_LOOP('',(#3139,#3140,#3141,#3142));
#675=EDGE_LOOP('',(#3143,#3144,#3145,#3146));
#676=EDGE_LOOP('',(#3147,#3148,#3149,#3150));
#677=EDGE_LOOP('',(#3151,#3152,#3153,#3154));
#678=EDGE_LOOP('',(#3155,#3156,#3157,#3158));
#679=EDGE_LOOP('',(#3159,#3160,#3161,#3162));
#680=EDGE_LOOP('',(#3163,#3164,#3165,#3166));
#681=EDGE_LOOP('',(#3167,#3168,#3169,#3170,#3171,#3172));
#682=EDGE_LOOP('',(#3173,#3174,#3175,#3176,#3177,#3178));
#683=EDGE_LOOP('',(#3179,#3180,#3181,#3182,#3183,#3184));
#684=EDGE_LOOP('',(#3185,#3186,#3187,#3188,#3189,#3190,#3191,#3192,#3193,
#3194));
#685=EDGE_LOOP('',(#3195,#3196,#3197,#3198));
#686=EDGE_LOOP('',(#3199,#3200,#3201,#3202));
#687=EDGE_LOOP('',(#3203,#3204,#3205,#3206,#3207,#3208,#3209,#3210,#3211,
#3212,#3213,#3214,#3215,#3216,#3217,#3218,#3219,#3220,#3221,#3222,#3223,
#3224,#3225,#3226,#3227,#3228));
#688=EDGE_LOOP('',(#3229,#3230,#3231,#3232,#3233));
#689=EDGE_LOOP('',(#3234,#3235,#3236,#3237,#3238));
#690=EDGE_LOOP('',(#3239,#3240,#3241,#3242,#3243));
#691=EDGE_LOOP('',(#3244,#3245,#3246,#3247,#3248));
#692=EDGE_LOOP('',(#3249,#3250,#3251,#3252));
#693=EDGE_LOOP('',(#3253,#3254,#3255,#3256));
#694=EDGE_LOOP('',(#3257,#3258,#3259,#3260));
#695=EDGE_LOOP('',(#3261,#3262,#3263,#3264,#3265));
#696=EDGE_LOOP('',(#3266,#3267,#3268,#3269));
#697=EDGE_LOOP('',(#3270,#3271,#3272,#3273,#3274));
#698=EDGE_LOOP('',(#3275,#3276,#3277,#3278));
#699=EDGE_LOOP('',(#3279,#3280,#3281,#3282,#3283));
#700=EDGE_LOOP('',(#3284,#3285,#3286,#3287));
#701=EDGE_LOOP('',(#3288,#3289,#3290,#3291,#3292));
#702=EDGE_LOOP('',(#3293,#3294,#3295,#3296));
#703=EDGE_LOOP('',(#3297,#3298,#3299,#3300));
#704=EDGE_LOOP('',(#3301,#3302,#3303,#3304,#3305,#3306));
#705=EDGE_LOOP('',(#3307,#3308,#3309,#3310));
#706=EDGE_LOOP('',(#3311,#3312,#3313,#3314,#3315,#3316));
#707=EDGE_LOOP('',(#3317,#3318,#3319,#3320));
#708=EDGE_LOOP('',(#3321,#3322,#3323,#3324,#3325,#3326));
#709=EDGE_LOOP('',(#3327,#3328,#3329,#3330));
#710=EDGE_LOOP('',(#3331,#3332,#3333,#3334,#3335,#3336));
#711=EDGE_LOOP('',(#3337,#3338,#3339,#3340));
#712=EDGE_LOOP('',(#3341,#3342,#3343,#3344,#3345,#3346));
#713=EDGE_LOOP('',(#3347,#3348,#3349,#3350));
#714=EDGE_LOOP('',(#3351,#3352,#3353,#3354,#3355));
#715=EDGE_LOOP('',(#3356,#3357,#3358,#3359,#3360,#3361));
#716=EDGE_LOOP('',(#3362,#3363,#3364,#3365,#3366,#3367,#3368,#3369));
#717=EDGE_LOOP('',(#3370,#3371,#3372,#3373));
#718=EDGE_LOOP('',(#3374,#3375,#3376,#3377,#3378,#3379));
#719=EDGE_LOOP('',(#3380,#3381,#3382,#3383,#3384,#3385));
#720=EDGE_LOOP('',(#3386,#3387,#3388,#3389,#3390));
#721=EDGE_LOOP('',(#3391,#3392,#3393,#3394,#3395,#3396,#3397,#3398));
#722=EDGE_LOOP('',(#3399,#3400,#3401,#3402,#3403));
#723=EDGE_LOOP('',(#3404,#3405,#3406,#3407,#3408,#3409));
#724=EDGE_LOOP('',(#3410,#3411,#3412,#3413));
#725=EDGE_LOOP('',(#3414,#3415,#3416,#3417,#3418,#3419));
#726=EDGE_LOOP('',(#3420,#3421,#3422,#3423,#3424));
#727=EDGE_LOOP('',(#3425,#3426,#3427,#3428,#3429,#3430));
#728=EDGE_LOOP('',(#3431,#3432,#3433,#3434));
#729=EDGE_LOOP('',(#3435,#3436,#3437,#3438,#3439));
#730=EDGE_LOOP('',(#3440,#3441,#3442,#3443,#3444,#3445));
#731=EDGE_LOOP('',(#3446,#3447,#3448,#3449,#3450,#3451));
#732=EDGE_LOOP('',(#3452,#3453,#3454,#3455));
#733=EDGE_LOOP('',(#3456,#3457,#3458,#3459,#3460));
#734=EDGE_LOOP('',(#3461,#3462,#3463,#3464,#3465,#3466));
#735=EDGE_LOOP('',(#3467,#3468,#3469,#3470,#3471));
#736=EDGE_LOOP('',(#3472,#3473,#3474,#3475));
#737=EDGE_LOOP('',(#3476,#3477,#3478,#3479));
#738=EDGE_LOOP('',(#3480,#3481,#3482,#3483));
#739=EDGE_LOOP('',(#3484,#3485,#3486,#3487,#3488));
#740=EDGE_LOOP('',(#3489,#3490,#3491,#3492,#3493,#3494));
#741=EDGE_LOOP('',(#3495,#3496,#3497,#3498,#3499,#3500));
#742=EDGE_LOOP('',(#3501,#3502,#3503,#3504,#3505));
#743=EDGE_LOOP('',(#3506,#3507,#3508,#3509,#3510));
#744=EDGE_LOOP('',(#3511,#3512,#3513,#3514));
#745=EDGE_LOOP('',(#3515,#3516,#3517,#3518));
#746=EDGE_LOOP('',(#3519,#3520,#3521,#3522));
#747=EDGE_LOOP('',(#3523,#3524,#3525,#3526));
#748=EDGE_LOOP('',(#3527,#3528,#3529,#3530,#3531));
#749=EDGE_LOOP('',(#3532,#3533,#3534,#3535));
#750=EDGE_LOOP('',(#3536,#3537,#3538,#3539,#3540,#3541,#3542,#3543,#3544,
#3545,#3546,#3547,#3548,#3549,#3550,#3551,#3552,#3553));
#751=EDGE_LOOP('',(#3554,#3555,#3556,#3557,#3558));
#752=EDGE_LOOP('',(#3559,#3560,#3561,#3562,#3563));
#753=EDGE_LOOP('',(#3564,#3565,#3566,#3567,#3568,#3569));
#754=EDGE_LOOP('',(#3570,#3571,#3572,#3573,#3574,#3575,#3576,#3577,#3578,
#3579,#3580,#3581,#3582,#3583,#3584,#3585,#3586,#3587));
#755=EDGE_LOOP('',(#3588,#3589,#3590,#3591,#3592));
#756=EDGE_LOOP('',(#3593,#3594,#3595,#3596));
#757=EDGE_LOOP('',(#3597,#3598,#3599,#3600));
#758=EDGE_LOOP('',(#3601,#3602,#3603,#3604));
#759=EDGE_LOOP('',(#3605,#3606,#3607,#3608,#3609,#3610));
#760=EDGE_LOOP('',(#3611,#3612,#3613,#3614));
#761=EDGE_LOOP('',(#3615,#3616,#3617,#3618));
#762=EDGE_LOOP('',(#3619,#3620,#3621,#3622));
#763=EDGE_LOOP('',(#3623,#3624,#3625,#3626));
#764=EDGE_LOOP('',(#3627,#3628,#3629,#3630));
#765=EDGE_LOOP('',(#3631,#3632,#3633,#3634));
#766=EDGE_LOOP('',(#3635,#3636,#3637,#3638));
#767=EDGE_LOOP('',(#3639,#3640,#3641,#3642));
#768=EDGE_LOOP('',(#3643,#3644,#3645,#3646,#3647,#3648,#3649,#3650,#3651,
#3652,#3653,#3654,#3655,#3656,#3657,#3658,#3659,#3660,#3661,#3662,#3663,
#3664));
#769=EDGE_LOOP('',(#3665));
#770=EDGE_LOOP('',(#3666));
#771=EDGE_LOOP('',(#3667));
#772=EDGE_LOOP('',(#3668));
#773=EDGE_LOOP('',(#3669,#3670,#3671,#3672));
#774=EDGE_LOOP('',(#3673,#3674,#3675,#3676));
#775=EDGE_LOOP('',(#3677,#3678,#3679,#3680,#3681,#3682,#3683,#3684,#3685,
#3686));
#776=EDGE_LOOP('',(#3687,#3688,#3689,#3690));
#777=EDGE_LOOP('',(#3691,#3692,#3693,#3694));
#778=EDGE_LOOP('',(#3695,#3696,#3697,#3698,#3699,#3700,#3701));
#779=EDGE_LOOP('',(#3702,#3703,#3704,#3705,#3706));
#780=EDGE_LOOP('',(#3707,#3708,#3709,#3710));
#781=EDGE_LOOP('',(#3711,#3712,#3713,#3714,#3715,#3716,#3717));
#782=EDGE_LOOP('',(#3718,#3719,#3720,#3721));
#783=EDGE_LOOP('',(#3722,#3723,#3724,#3725,#3726));
#784=EDGE_LOOP('',(#3727,#3728,#3729,#3730));
#785=EDGE_LOOP('',(#3731,#3732,#3733,#3734));
#786=EDGE_LOOP('',(#3735,#3736,#3737,#3738,#3739,#3740,#3741,#3742));
#787=EDGE_LOOP('',(#3743,#3744,#3745,#3746));
#788=EDGE_LOOP('',(#3747,#3748,#3749,#3750));
#789=EDGE_LOOP('',(#3751,#3752,#3753,#3754));
#790=EDGE_LOOP('',(#3755,#3756,#3757,#3758));
#791=EDGE_LOOP('',(#3759,#3760,#3761,#3762));
#792=EDGE_LOOP('',(#3763,#3764,#3765,#3766));
#793=EDGE_LOOP('',(#3767,#3768,#3769,#3770,#3771,#3772,#3773,#3774,#3775,
#3776));
#794=EDGE_LOOP('',(#3777,#3778,#3779,#3780));
#795=EDGE_LOOP('',(#3781,#3782,#3783,#3784));
#796=EDGE_LOOP('',(#3785,#3786,#3787,#3788));
#797=EDGE_LOOP('',(#3789,#3790,#3791,#3792));
#798=EDGE_LOOP('',(#3793,#3794,#3795,#3796));
#799=EDGE_LOOP('',(#3797,#3798,#3799,#3800));
#800=EDGE_LOOP('',(#3801,#3802,#3803,#3804));
#801=EDGE_LOOP('',(#3805,#3806,#3807,#3808));
#802=EDGE_LOOP('',(#3809,#3810,#3811,#3812));
#803=EDGE_LOOP('',(#3813,#3814,#3815,#3816));
#804=EDGE_LOOP('',(#3817,#3818,#3819,#3820,#3821,#3822,#3823,#3824,#3825,
#3826));
#805=EDGE_LOOP('',(#3827,#3828,#3829,#3830,#3831,#3832));
#806=EDGE_LOOP('',(#3833,#3834,#3835,#3836,#3837,#3838));
#807=EDGE_LOOP('',(#3839,#3840,#3841,#3842,#3843,#3844));
#808=EDGE_LOOP('',(#3845,#3846,#3847,#3848));
#809=EDGE_LOOP('',(#3849,#3850,#3851,#3852,#3853,#3854));
#810=EDGE_LOOP('',(#3855,#3856,#3857,#3858,#3859,#3860));
#811=EDGE_LOOP('',(#3861,#3862,#3863,#3864,#3865,#3866));
#812=EDGE_LOOP('',(#3867,#3868,#3869,#3870,#3871,#3872,#3873,#3874));
#813=EDGE_LOOP('',(#3875,#3876,#3877,#3878,#3879,#3880,#3881,#3882,#3883,
#3884));
#814=EDGE_LOOP('',(#3885,#3886,#3887,#3888));
#815=EDGE_LOOP('',(#3889,#3890,#3891,#3892));
#816=EDGE_LOOP('',(#3893));
#817=EDGE_LOOP('',(#3894,#3895,#3896,#3897));
#818=EDGE_LOOP('',(#3898,#3899,#3900,#3901));
#819=EDGE_LOOP('',(#3902));
#820=EDGE_LOOP('',(#3903,#3904,#3905,#3906));
#821=EDGE_LOOP('',(#3907,#3908,#3909,#3910));
#822=EDGE_LOOP('',(#3911));
#823=EDGE_LOOP('',(#3912,#3913,#3914,#3915));
#824=EDGE_LOOP('',(#3916,#3917,#3918,#3919));
#825=EDGE_LOOP('',(#3920));
#826=CIRCLE('',#4203,0.600000000000004);
#827=CIRCLE('',#4204,1.00000000000001);
#828=CIRCLE('',#4207,2.75);
#829=CIRCLE('',#4208,3.15);
#830=CIRCLE('',#4211,2.75);
#831=CIRCLE('',#4212,3.15);
#832=CIRCLE('',#4215,0.600000000000003);
#833=CIRCLE('',#4216,1.);
#834=CIRCLE('',#4219,1.5);
#835=CIRCLE('',#4220,1.5);
#836=CIRCLE('',#4221,1.5);
#837=CIRCLE('',#4223,3.15);
#838=CIRCLE('',#4226,1.00000000000001);
#839=CIRCLE('',#4229,0.600000000000005);
#840=CIRCLE('',#4230,1.00000000000001);
#841=CIRCLE('',#4233,0.600000000000006);
#842=CIRCLE('',#4234,1.00000000000001);
#843=CIRCLE('',#4237,0.600000000000005);
#844=CIRCLE('',#4238,1.00000000000001);
#845=CIRCLE('',#4241,0.600000000000003);
#846=CIRCLE('',#4242,1.);
#847=CIRCLE('',#4246,1.00000000000001);
#848=CIRCLE('',#4249,1.00000000000001);
#849=CIRCLE('',#4254,0.6);
#850=CIRCLE('',#4255,1.);
#851=CIRCLE('',#4258,0.6);
#852=CIRCLE('',#4259,1.);
#853=CIRCLE('',#4262,1.);
#854=CIRCLE('',#4270,0.600000000000003);
#855=CIRCLE('',#4271,0.600000000000003);
#856=CIRCLE('',#4273,0.4);
#857=CIRCLE('',#4274,0.4);
#858=CIRCLE('',#4277,0.599999999999999);
#859=CIRCLE('',#4278,0.599999999999999);
#860=CIRCLE('',#4283,0.4);
#861=CIRCLE('',#4284,0.4);
#862=CIRCLE('',#4287,0.600000029559532);
#863=CIRCLE('',#4288,0.600000029559532);
#864=CIRCLE('',#4293,0.399999999999997);
#865=CIRCLE('',#4294,0.399999999999997);
#866=CIRCLE('',#4300,0.6);
#867=CIRCLE('',#4301,0.6);
#868=CIRCLE('',#4303,0.399999999999998);
#869=CIRCLE('',#4304,0.399999999999998);
#870=CIRCLE('',#4307,1.3);
#871=CIRCLE('',#4308,1.5);
#872=CIRCLE('',#4310,1.5);
#873=CIRCLE('',#4313,1.3);
#874=CIRCLE('',#4314,1.5);
#875=CIRCLE('',#4316,1.5);
#876=CIRCLE('',#4319,1.3);
#877=CIRCLE('',#4320,1.5);
#878=CIRCLE('',#4322,1.5);
#879=CIRCLE('',#4346,1.5);
#880=CIRCLE('',#4348,1.5);
#881=CIRCLE('',#4350,1.5);
#882=CIRCLE('',#4355,1.);
#883=CIRCLE('',#4356,1.);
#884=CIRCLE('',#4357,1.00000000000001);
#885=CIRCLE('',#4358,1.);
#886=CIRCLE('',#4359,3.15);
#887=CIRCLE('',#4381,0.5);
#888=CIRCLE('',#4382,0.5);
#889=CIRCLE('',#4384,0.499999999999998);
#890=CIRCLE('',#4385,0.499999999999998);
#891=CIRCLE('',#4386,1.55);
#892=CIRCLE('',#4391,1.55);
#893=CIRCLE('',#4392,0.499999999999998);
#894=CIRCLE('',#4393,0.499999999999998);
#895=CIRCLE('',#4395,0.5);
#896=CIRCLE('',#4396,0.5);
#897=CIRCLE('',#4413,1.);
#898=CIRCLE('',#4422,1.);
#899=CIRCLE('',#4428,2.75);
#900=CIRCLE('',#4429,3.15);
#901=CIRCLE('',#4432,2.75);
#902=CIRCLE('',#4433,3.15);
#903=CIRCLE('',#4441,1.);
#904=CIRCLE('',#4443,1.);
#905=CIRCLE('',#4449,1.);
#906=CIRCLE('',#4452,1.55);
#907=CIRCLE('',#4453,3.15);
#908=CIRCLE('',#4454,1.);
#909=CIRCLE('',#4457,1.);
#910=CIRCLE('',#4460,1.);
#911=CIRCLE('',#4461,3.15);
#912=CIRCLE('',#4462,1.55);
#913=CIRCLE('',#4469,0.499999999999998);
#914=CIRCLE('',#4471,0.499999999999998);
#915=CIRCLE('',#4473,0.5);
#916=CIRCLE('',#4475,0.5);
#917=CIRCLE('',#4477,0.5);
#918=CIRCLE('',#4479,0.5);
#919=CIRCLE('',#4481,0.499999999999998);
#920=CIRCLE('',#4483,0.499999999999998);
#921=CIRCLE('',#4485,1.55);
#922=CIRCLE('',#4486,1.55);
#923=CIRCLE('',#4487,1.75);
#924=CIRCLE('',#4488,1.75);
#925=CIRCLE('',#4489,1.75);
#926=CIRCLE('',#4490,1.75);
#927=CIRCLE('',#4494,1.5);
#928=CIRCLE('',#4495,1.5);
#929=CIRCLE('',#4496,1.5);
#930=CIRCLE('',#4507,1.5);
#931=CIRCLE('',#4508,1.3);
#932=CIRCLE('',#4510,1.5);
#933=CIRCLE('',#4513,1.5);
#934=CIRCLE('',#4514,1.3);
#935=CIRCLE('',#4516,1.5);
#936=CIRCLE('',#4518,1.3);
#937=CIRCLE('',#4519,1.5);
#938=CIRCLE('',#4521,1.5);
#939=CIRCLE('',#4528,1.5);
#940=CIRCLE('',#4530,1.5);
#941=CIRCLE('',#4532,1.5);
#942=CIRCLE('',#4536,1.35);
#943=CIRCLE('',#4537,1.75);
#944=CIRCLE('',#4541,1.35);
#945=CIRCLE('',#4542,1.75);
#946=CIRCLE('',#4546,1.35);
#947=CIRCLE('',#4547,1.75);
#948=CIRCLE('',#4551,1.35);
#949=CIRCLE('',#4552,1.75);
#950=LINE('',#5656,#1333);
#951=LINE('',#5660,#1334);
#952=LINE('',#5665,#1335);
#953=LINE('',#5666,#1336);
#954=LINE('',#5667,#1337);
#955=LINE('',#5671,#1338);
#956=LINE('',#5677,#1339);
#957=LINE('',#5678,#1340);
#958=LINE('',#5679,#1341);
#959=LINE('',#5683,#1342);
#960=LINE('',#5689,#1343);
#961=LINE('',#5690,#1344);
#962=LINE('',#5691,#1345);
#963=LINE('',#5695,#1346);
#964=LINE('',#5699,#1347);
#965=LINE('',#5700,#1348);
#966=LINE('',#5703,#1349);
#967=LINE('',#5705,#1350);
#968=LINE('',#5707,#1351);
#969=LINE('',#5709,#1352);
#970=LINE('',#5713,#1353);
#971=LINE('',#5717,#1354);
#972=LINE('',#5721,#1355);
#973=LINE('',#5723,#1356);
#974=LINE('',#5725,#1357);
#975=LINE('',#5726,#1358);
#976=LINE('',#5729,#1359);
#977=LINE('',#5733,#1360);
#978=LINE('',#5734,#1361);
#979=LINE('',#5737,#1362);
#980=LINE('',#5739,#1363);
#981=LINE('',#5745,#1364);
#982=LINE('',#5749,#1365);
#983=LINE('',#5754,#1366);
#984=LINE('',#5755,#1367);
#985=LINE('',#5756,#1368);
#986=LINE('',#5760,#1369);
#987=LINE('',#5766,#1370);
#988=LINE('',#5767,#1371);
#989=LINE('',#5768,#1372);
#990=LINE('',#5772,#1373);
#991=LINE('',#5778,#1374);
#992=LINE('',#5779,#1375);
#993=LINE('',#5780,#1376);
#994=LINE('',#5784,#1377);
#995=LINE('',#5788,#1378);
#996=LINE('',#5789,#1379);
#997=LINE('',#5792,#1380);
#998=LINE('',#5794,#1381);
#999=LINE('',#5795,#1382);
#1000=LINE('',#5798,#1383);
#1001=LINE('',#5801,#1384);
#1002=LINE('',#5804,#1385);
#1003=LINE('',#5805,#1386);
#1004=LINE('',#5808,#1387);
#1005=LINE('',#5810,#1388);
#1006=LINE('',#5816,#1389);
#1007=LINE('',#5818,#1390);
#1008=LINE('',#5820,#1391);
#1009=LINE('',#5821,#1392);
#1010=LINE('',#5824,#1393);
#1011=LINE('',#5826,#1394);
#1012=LINE('',#5827,#1395);
#1013=LINE('',#5831,#1396);
#1014=LINE('',#5837,#1397);
#1015=LINE('',#5838,#1398);
#1016=LINE('',#5839,#1399);
#1017=LINE('',#5843,#1400);
#1018=LINE('',#5847,#1401);
#1019=LINE('',#5848,#1402);
#1020=LINE('',#5851,#1403);
#1021=LINE('',#5855,#1404);
#1022=LINE('',#5856,#1405);
#1023=LINE('',#5859,#1406);
#1024=LINE('',#5860,#1407);
#1025=LINE('',#5863,#1408);
#1026=LINE('',#5864,#1409);
#1027=LINE('',#5869,#1410);
#1028=LINE('',#5871,#1411);
#1029=LINE('',#5873,#1412);
#1030=LINE('',#5874,#1413);
#1031=LINE('',#5877,#1414);
#1032=LINE('',#5879,#1415);
#1033=LINE('',#5880,#1416);
#1034=LINE('',#5883,#1417);
#1035=LINE('',#5885,#1418);
#1036=LINE('',#5886,#1419);
#1037=LINE('',#5892,#1420);
#1038=LINE('',#5902,#1421);
#1039=LINE('',#5905,#1422);
#1040=LINE('',#5908,#1423);
#1041=LINE('',#5910,#1424);
#1042=LINE('',#5911,#1425);
#1043=LINE('',#5914,#1426);
#1044=LINE('',#5916,#1427);
#1045=LINE('',#5917,#1428);
#1046=LINE('',#5920,#1429);
#1047=LINE('',#5922,#1430);
#1048=LINE('',#5923,#1431);
#1049=LINE('',#5933,#1432);
#1050=LINE('',#5936,#1433);
#1051=LINE('',#5939,#1434);
#1052=LINE('',#5941,#1435);
#1053=LINE('',#5942,#1436);
#1054=LINE('',#5945,#1437);
#1055=LINE('',#5947,#1438);
#1056=LINE('',#5948,#1439);
#1057=LINE('',#5951,#1440);
#1058=LINE('',#5953,#1441);
#1059=LINE('',#5954,#1442);
#1060=LINE('',#5962,#1443);
#1061=LINE('',#5964,#1444);
#1062=LINE('',#5966,#1445);
#1063=LINE('',#5967,#1446);
#1064=LINE('',#5970,#1447);
#1065=LINE('',#5972,#1448);
#1066=LINE('',#5973,#1449);
#1067=LINE('',#5976,#1450);
#1068=LINE('',#5978,#1451);
#1069=LINE('',#5979,#1452);
#1070=LINE('',#5985,#1453);
#1071=LINE('',#6145,#1454);
#1072=LINE('',#6146,#1455);
#1073=LINE('',#6148,#1456);
#1074=LINE('',#6149,#1457);
#1075=LINE('',#6305,#1458);
#1076=LINE('',#6306,#1459);
#1077=LINE('',#6308,#1460);
#1078=LINE('',#6320,#1461);
#1079=LINE('',#6321,#1462);
#1080=LINE('',#6466,#1463);
#1081=LINE('',#6468,#1464);
#1082=LINE('',#6469,#1465);
#1083=LINE('',#6470,#1466);
#1084=LINE('',#6471,#1467);
#1085=LINE('',#6474,#1468);
#1086=LINE('',#6476,#1469);
#1087=LINE('',#6477,#1470);
#1088=LINE('',#6478,#1471);
#1089=LINE('',#6485,#1472);
#1090=LINE('',#6487,#1473);
#1091=LINE('',#6489,#1474);
#1092=LINE('',#6490,#1475);
#1093=LINE('',#6493,#1476);
#1094=LINE('',#6495,#1477);
#1095=LINE('',#6496,#1478);
#1096=LINE('',#6499,#1479);
#1097=LINE('',#6501,#1480);
#1098=LINE('',#6502,#1481);
#1099=LINE('',#6504,#1482);
#1100=LINE('',#6505,#1483);
#1101=LINE('',#6510,#1484);
#1102=LINE('',#6512,#1485);
#1103=LINE('',#6514,#1486);
#1104=LINE('',#6515,#1487);
#1105=LINE('',#6518,#1488);
#1106=LINE('',#6520,#1489);
#1107=LINE('',#6521,#1490);
#1108=LINE('',#6524,#1491);
#1109=LINE('',#6526,#1492);
#1110=LINE('',#6527,#1493);
#1111=LINE('',#6529,#1494);
#1112=LINE('',#6530,#1495);
#1113=LINE('',#6534,#1496);
#1114=LINE('',#6535,#1497);
#1115=LINE('',#6537,#1498);
#1116=LINE('',#6539,#1499);
#1117=LINE('',#6540,#1500);
#1118=LINE('',#6542,#1501);
#1119=LINE('',#6544,#1502);
#1120=LINE('',#6546,#1503);
#1121=LINE('',#6547,#1504);
#1122=LINE('',#6549,#1505);
#1123=LINE('',#6551,#1506);
#1124=LINE('',#6553,#1507);
#1125=LINE('',#6562,#1508);
#1126=LINE('',#6564,#1509);
#1127=LINE('',#6565,#1510);
#1128=LINE('',#6567,#1511);
#1129=LINE('',#6569,#1512);
#1130=LINE('',#6572,#1513);
#1131=LINE('',#6576,#1514);
#1132=LINE('',#6580,#1515);
#1133=LINE('',#6584,#1516);
#1134=LINE('',#6588,#1517);
#1135=LINE('',#6591,#1518);
#1136=LINE('',#6593,#1519);
#1137=LINE('',#6595,#1520);
#1138=LINE('',#6597,#1521);
#1139=LINE('',#6599,#1522);
#1140=LINE('',#6601,#1523);
#1141=LINE('',#6603,#1524);
#1142=LINE('',#6605,#1525);
#1143=LINE('',#6607,#1526);
#1144=LINE('',#6612,#1527);
#1145=LINE('',#6614,#1528);
#1146=LINE('',#6616,#1529);
#1147=LINE('',#6618,#1530);
#1148=LINE('',#6620,#1531);
#1149=LINE('',#6621,#1532);
#1150=LINE('',#6624,#1533);
#1151=LINE('',#6626,#1534);
#1152=LINE('',#6627,#1535);
#1153=LINE('',#6631,#1536);
#1154=LINE('',#6633,#1537);
#1155=LINE('',#6635,#1538);
#1156=LINE('',#6636,#1539);
#1157=LINE('',#6637,#1540);
#1158=LINE('',#6639,#1541);
#1159=LINE('',#6643,#1542);
#1160=LINE('',#6645,#1543);
#1161=LINE('',#6647,#1544);
#1162=LINE('',#6649,#1545);
#1163=LINE('',#6651,#1546);
#1164=LINE('',#6652,#1547);
#1165=LINE('',#6655,#1548);
#1166=LINE('',#6657,#1549);
#1167=LINE('',#6658,#1550);
#1168=LINE('',#6662,#1551);
#1169=LINE('',#6664,#1552);
#1170=LINE('',#6666,#1553);
#1171=LINE('',#6667,#1554);
#1172=LINE('',#6668,#1555);
#1173=LINE('',#6670,#1556);
#1174=LINE('',#6673,#1557);
#1175=LINE('',#6675,#1558);
#1176=LINE('',#6677,#1559);
#1177=LINE('',#6679,#1560);
#1178=LINE('',#6680,#1561);
#1179=LINE('',#6683,#1562);
#1180=LINE('',#6685,#1563);
#1181=LINE('',#6686,#1564);
#1182=LINE('',#6692,#1565);
#1183=LINE('',#6695,#1566);
#1184=LINE('',#6703,#1567);
#1185=LINE('',#6705,#1568);
#1186=LINE('',#6706,#1569);
#1187=LINE('',#6709,#1570);
#1188=LINE('',#6711,#1571);
#1189=LINE('',#6712,#1572);
#1190=LINE('',#6715,#1573);
#1191=LINE('',#6717,#1574);
#1192=LINE('',#6719,#1575);
#1193=LINE('',#6721,#1576);
#1194=LINE('',#6722,#1577);
#1195=LINE('',#6730,#1578);
#1196=LINE('',#6733,#1579);
#1197=LINE('',#6739,#1580);
#1198=LINE('',#6741,#1581);
#1199=LINE('',#6742,#1582);
#1200=LINE('',#6748,#1583);
#1201=LINE('',#6750,#1584);
#1202=LINE('',#6752,#1585);
#1203=LINE('',#6753,#1586);
#1204=LINE('',#6756,#1587);
#1205=LINE('',#6758,#1588);
#1206=LINE('',#6762,#1589);
#1207=LINE('',#6766,#1590);
#1208=LINE('',#6767,#1591);
#1209=LINE('',#6770,#1592);
#1210=LINE('',#6772,#1593);
#1211=LINE('',#6774,#1594);
#1212=LINE('',#6775,#1595);
#1213=LINE('',#6778,#1596);
#1214=LINE('',#6783,#1597);
#1215=LINE('',#6785,#1598);
#1216=LINE('',#6787,#1599);
#1217=LINE('',#6791,#1600);
#1218=LINE('',#6795,#1601);
#1219=LINE('',#6797,#1602);
#1220=LINE('',#6798,#1603);
#1221=LINE('',#6803,#1604);
#1222=LINE('',#6807,#1605);
#1223=LINE('',#6809,#1606);
#1224=LINE('',#6812,#1607);
#1225=LINE('',#6818,#1608);
#1226=LINE('',#6821,#1609);
#1227=LINE('',#6822,#1610);
#1228=LINE('',#6825,#1611);
#1229=LINE('',#6827,#1612);
#1230=LINE('',#6828,#1613);
#1231=LINE('',#6833,#1614);
#1232=LINE('',#6838,#1615);
#1233=LINE('',#6839,#1616);
#1234=LINE('',#6845,#1617);
#1235=LINE('',#6847,#1618);
#1236=LINE('',#6849,#1619);
#1237=LINE('',#6850,#1620);
#1238=LINE('',#6854,#1621);
#1239=LINE('',#6860,#1622);
#1240=LINE('',#6861,#1623);
#1241=LINE('',#6862,#1624);
#1242=LINE('',#6866,#1625);
#1243=LINE('',#6872,#1626);
#1244=LINE('',#6873,#1627);
#1245=LINE('',#6875,#1628);
#1246=LINE('',#6878,#1629);
#1247=LINE('',#6883,#1630);
#1248=LINE('',#6887,#1631);
#1249=LINE('',#6890,#1632);
#1250=LINE('',#6893,#1633);
#1251=LINE('',#6896,#1634);
#1252=LINE('',#6898,#1635);
#1253=LINE('',#6899,#1636);
#1254=LINE('',#6901,#1637);
#1255=LINE('',#6902,#1638);
#1256=LINE('',#6904,#1639);
#1257=LINE('',#6906,#1640);
#1258=LINE('',#6909,#1641);
#1259=LINE('',#6912,#1642);
#1260=LINE('',#6915,#1643);
#1261=LINE('',#6916,#1644);
#1262=LINE('',#6921,#1645);
#1263=LINE('',#6924,#1646);
#1264=LINE('',#6927,#1647);
#1265=LINE('',#6928,#1648);
#1266=LINE('',#6930,#1649);
#1267=LINE('',#6933,#1650);
#1268=LINE('',#6936,#1651);
#1269=LINE('',#6939,#1652);
#1270=LINE('',#6941,#1653);
#1271=LINE('',#6942,#1654);
#1272=LINE('',#6944,#1655);
#1273=LINE('',#6946,#1656);
#1274=LINE('',#6949,#1657);
#1275=LINE('',#6953,#1658);
#1276=LINE('',#6956,#1659);
#1277=LINE('',#6958,#1660);
#1278=LINE('',#6963,#1661);
#1279=LINE('',#6964,#1662);
#1280=LINE('',#6968,#1663);
#1281=LINE('',#6971,#1664);
#1282=LINE('',#6976,#1665);
#1283=LINE('',#6981,#1666);
#1284=LINE('',#6988,#1667);
#1285=LINE('',#6992,#1668);
#1286=LINE('',#6997,#1669);
#1287=LINE('',#6999,#1670);
#1288=LINE('',#7001,#1671);
#1289=LINE('',#7003,#1672);
#1290=LINE('',#7004,#1673);
#1291=LINE('',#7017,#1674);
#1292=LINE('',#7019,#1675);
#1293=LINE('',#7023,#1676);
#1294=LINE('',#7027,#1677);
#1295=LINE('',#7031,#1678);
#1296=LINE('',#7032,#1679);
#1297=LINE('',#7036,#1680);
#1298=LINE('',#7037,#1681);
#1299=LINE('',#7038,#1682);
#1300=LINE('',#7040,#1683);
#1301=LINE('',#7044,#1684);
#1302=LINE('',#7045,#1685);
#1303=LINE('',#7048,#1686);
#1304=LINE('',#7049,#1687);
#1305=LINE('',#7051,#1688);
#1306=LINE('',#7052,#1689);
#1307=LINE('',#7130,#1690);
#1308=LINE('',#7131,#1691);
#1309=LINE('',#7133,#1692);
#1310=LINE('',#7134,#1693);
#1311=LINE('',#7290,#1694);
#1312=LINE('',#7292,#1695);
#1313=LINE('',#7293,#1696);
#1314=LINE('',#7294,#1697);
#1315=LINE('',#7295,#1698);
#1316=LINE('',#7530,#1699);
#1317=LINE('',#7532,#1700);
#1318=LINE('',#7533,#1701);
#1319=LINE('',#7534,#1702);
#1320=LINE('',#7535,#1703);
#1321=LINE('',#7537,#1704);
#1322=LINE('',#7541,#1705);
#1323=LINE('',#7549,#1706);
#1324=LINE('',#7551,#1707);
#1325=LINE('',#7557,#1708);
#1326=LINE('',#7560,#1709);
#1327=LINE('',#7566,#1710);
#1328=LINE('',#7569,#1711);
#1329=LINE('',#7575,#1712);
#1330=LINE('',#7578,#1713);
#1331=LINE('',#7584,#1714);
#1332=LINE('',#7587,#1715);
#1333=VECTOR('',#4562,10.);
#1334=VECTOR('',#4565,10.);
#1335=VECTOR('',#4570,10.);
#1336=VECTOR('',#4571,10.);
#1337=VECTOR('',#4572,10.);
#1338=VECTOR('',#4575,10.);
#1339=VECTOR('',#4582,10.);
#1340=VECTOR('',#4583,10.);
#1341=VECTOR('',#4584,10.);
#1342=VECTOR('',#4587,10.);
#1343=VECTOR('',#4594,10.);
#1344=VECTOR('',#4595,10.);
#1345=VECTOR('',#4596,10.);
#1346=VECTOR('',#4599,10.);
#1347=VECTOR('',#4606,10.);
#1348=VECTOR('',#4607,10.);
#1349=VECTOR('',#4610,10.);
#1350=VECTOR('',#4611,10.);
#1351=VECTOR('',#4612,10.);
#1352=VECTOR('',#4613,10.);
#1353=VECTOR('',#4616,10.);
#1354=VECTOR('',#4619,10.);
#1355=VECTOR('',#4622,10.);
#1356=VECTOR('',#4623,10.);
#1357=VECTOR('',#4624,10.);
#1358=VECTOR('',#4625,10.);
#1359=VECTOR('',#4628,10.);
#1360=VECTOR('',#4633,10.);
#1361=VECTOR('',#4634,10.);
#1362=VECTOR('',#4637,10.);
#1363=VECTOR('',#4638,10.);
#1364=VECTOR('',#4645,10.);
#1365=VECTOR('',#4648,10.);
#1366=VECTOR('',#4653,10.);
#1367=VECTOR('',#4654,10.);
#1368=VECTOR('',#4655,10.);
#1369=VECTOR('',#4658,10.);
#1370=VECTOR('',#4665,10.);
#1371=VECTOR('',#4666,10.);
#1372=VECTOR('',#4667,10.);
#1373=VECTOR('',#4670,10.);
#1374=VECTOR('',#4677,10.);
#1375=VECTOR('',#4678,10.);
#1376=VECTOR('',#4679,10.);
#1377=VECTOR('',#4682,10.);
#1378=VECTOR('',#4689,10.);
#1379=VECTOR('',#4690,10.);
#1380=VECTOR('',#4693,10.);
#1381=VECTOR('',#4694,10.);
#1382=VECTOR('',#4695,10.);
#1383=VECTOR('',#4698,10.);
#1384=VECTOR('',#4701,10.);
#1385=VECTOR('',#4704,10.);
#1386=VECTOR('',#4705,10.);
#1387=VECTOR('',#4708,10.);
#1388=VECTOR('',#4709,10.);
#1389=VECTOR('',#4716,10.);
#1390=VECTOR('',#4717,10.);
#1391=VECTOR('',#4718,10.);
#1392=VECTOR('',#4719,10.);
#1393=VECTOR('',#4722,10.);
#1394=VECTOR('',#4723,10.);
#1395=VECTOR('',#4724,10.);
#1396=VECTOR('',#4727,10.);
#1397=VECTOR('',#4734,10.);
#1398=VECTOR('',#4735,10.);
#1399=VECTOR('',#4736,10.);
#1400=VECTOR('',#4739,10.);
#1401=VECTOR('',#4746,10.);
#1402=VECTOR('',#4747,10.);
#1403=VECTOR('',#4750,10.);
#1404=VECTOR('',#4753,10.);
#1405=VECTOR('',#4754,10.);
#1406=VECTOR('',#4757,10.);
#1407=VECTOR('',#4758,10.);
#1408=VECTOR('',#4761,10.);
#1409=VECTOR('',#4762,10.);
#1410=VECTOR('',#4767,10.);
#1411=VECTOR('',#4768,10.);
#1412=VECTOR('',#4769,10.);
#1413=VECTOR('',#4770,10.);
#1414=VECTOR('',#4773,10.);
#1415=VECTOR('',#4774,10.);
#1416=VECTOR('',#4775,10.);
#1417=VECTOR('',#4778,10.);
#1418=VECTOR('',#4779,10.);
#1419=VECTOR('',#4780,10.);
#1420=VECTOR('',#4787,10.);
#1421=VECTOR('',#4800,10.);
#1422=VECTOR('',#4803,10.);
#1423=VECTOR('',#4806,10.);
#1424=VECTOR('',#4807,10.);
#1425=VECTOR('',#4808,10.);
#1426=VECTOR('',#4811,10.);
#1427=VECTOR('',#4812,10.);
#1428=VECTOR('',#4813,10.);
#1429=VECTOR('',#4816,10.);
#1430=VECTOR('',#4817,10.);
#1431=VECTOR('',#4818,10.);
#1432=VECTOR('',#4831,10.);
#1433=VECTOR('',#4834,10.);
#1434=VECTOR('',#4837,10.);
#1435=VECTOR('',#4838,10.);
#1436=VECTOR('',#4839,10.);
#1437=VECTOR('',#4842,10.);
#1438=VECTOR('',#4843,10.);
#1439=VECTOR('',#4844,10.);
#1440=VECTOR('',#4847,10.);
#1441=VECTOR('',#4848,10.);
#1442=VECTOR('',#4849,10.);
#1443=VECTOR('',#4860,10.);
#1444=VECTOR('',#4861,10.);
#1445=VECTOR('',#4862,10.);
#1446=VECTOR('',#4863,10.);
#1447=VECTOR('',#4866,10.);
#1448=VECTOR('',#4867,10.);
#1449=VECTOR('',#4868,10.);
#1450=VECTOR('',#4871,10.);
#1451=VECTOR('',#4872,10.);
#1452=VECTOR('',#4873,10.);
#1453=VECTOR('',#4880,10.);
#1454=VECTOR('',#4901,10.);
#1455=VECTOR('',#4902,10.);
#1456=VECTOR('',#4903,10.);
#1457=VECTOR('',#4904,10.);
#1458=VECTOR('',#4917,10.);
#1459=VECTOR('',#4918,10.);
#1460=VECTOR('',#4919,10.);
#1461=VECTOR('',#4920,10.);
#1462=VECTOR('',#4921,10.);
#1463=VECTOR('',#4934,10.);
#1464=VECTOR('',#4935,10.);
#1465=VECTOR('',#4936,10.);
#1466=VECTOR('',#4937,10.);
#1467=VECTOR('',#4938,10.);
#1468=VECTOR('',#4941,10.);
#1469=VECTOR('',#4942,10.);
#1470=VECTOR('',#4943,10.);
#1471=VECTOR('',#4944,10.);
#1472=VECTOR('',#4953,10.);
#1473=VECTOR('',#4954,10.);
#1474=VECTOR('',#4955,10.);
#1475=VECTOR('',#4956,10.);
#1476=VECTOR('',#4959,10.);
#1477=VECTOR('',#4960,10.);
#1478=VECTOR('',#4961,10.);
#1479=VECTOR('',#4964,10.);
#1480=VECTOR('',#4965,10.);
#1481=VECTOR('',#4966,10.);
#1482=VECTOR('',#4969,10.);
#1483=VECTOR('',#4970,10.);
#1484=VECTOR('',#4975,10.);
#1485=VECTOR('',#4976,10.);
#1486=VECTOR('',#4977,10.);
#1487=VECTOR('',#4978,10.);
#1488=VECTOR('',#4981,10.);
#1489=VECTOR('',#4982,10.);
#1490=VECTOR('',#4983,10.);
#1491=VECTOR('',#4986,10.);
#1492=VECTOR('',#4987,10.);
#1493=VECTOR('',#4988,10.);
#1494=VECTOR('',#4991,10.);
#1495=VECTOR('',#4992,10.);
#1496=VECTOR('',#4997,10.);
#1497=VECTOR('',#4998,10.);
#1498=VECTOR('',#5001,10.);
#1499=VECTOR('',#5002,10.);
#1500=VECTOR('',#5003,10.);
#1501=VECTOR('',#5006,10.);
#1502=VECTOR('',#5009,10.);
#1503=VECTOR('',#5010,10.);
#1504=VECTOR('',#5011,10.);
#1505=VECTOR('',#5014,10.);
#1506=VECTOR('',#5017,10.);
#1507=VECTOR('',#5020,10.);
#1508=VECTOR('',#5035,10.);
#1509=VECTOR('',#5036,10.);
#1510=VECTOR('',#5037,10.);
#1511=VECTOR('',#5040,10.);
#1512=VECTOR('',#5043,10.);
#1513=VECTOR('',#5046,10.);
#1514=VECTOR('',#5049,10.);
#1515=VECTOR('',#5052,10.);
#1516=VECTOR('',#5055,10.);
#1517=VECTOR('',#5058,10.);
#1518=VECTOR('',#5063,10.);
#1519=VECTOR('',#5066,10.);
#1520=VECTOR('',#5069,10.);
#1521=VECTOR('',#5072,10.);
#1522=VECTOR('',#5075,10.);
#1523=VECTOR('',#5078,10.);
#1524=VECTOR('',#5081,10.);
#1525=VECTOR('',#5084,10.);
#1526=VECTOR('',#5087,10.);
#1527=VECTOR('',#5092,10.);
#1528=VECTOR('',#5093,10.);
#1529=VECTOR('',#5094,10.);
#1530=VECTOR('',#5095,10.);
#1531=VECTOR('',#5096,10.);
#1532=VECTOR('',#5097,10.);
#1533=VECTOR('',#5100,10.);
#1534=VECTOR('',#5101,10.);
#1535=VECTOR('',#5102,10.);
#1536=VECTOR('',#5105,10.);
#1537=VECTOR('',#5106,10.);
#1538=VECTOR('',#5107,10.);
#1539=VECTOR('',#5108,10.);
#1540=VECTOR('',#5109,10.);
#1541=VECTOR('',#5112,10.);
#1542=VECTOR('',#5115,10.);
#1543=VECTOR('',#5116,10.);
#1544=VECTOR('',#5117,10.);
#1545=VECTOR('',#5118,10.);
#1546=VECTOR('',#5119,10.);
#1547=VECTOR('',#5120,10.);
#1548=VECTOR('',#5123,10.);
#1549=VECTOR('',#5124,10.);
#1550=VECTOR('',#5125,10.);
#1551=VECTOR('',#5128,10.);
#1552=VECTOR('',#5129,10.);
#1553=VECTOR('',#5130,10.);
#1554=VECTOR('',#5131,10.);
#1555=VECTOR('',#5132,10.);
#1556=VECTOR('',#5135,10.);
#1557=VECTOR('',#5138,10.);
#1558=VECTOR('',#5139,10.);
#1559=VECTOR('',#5140,10.);
#1560=VECTOR('',#5141,10.);
#1561=VECTOR('',#5142,10.);
#1562=VECTOR('',#5145,10.);
#1563=VECTOR('',#5146,10.);
#1564=VECTOR('',#5147,10.);
#1565=VECTOR('',#5154,10.);
#1566=VECTOR('',#5157,10.);
#1567=VECTOR('',#5166,10.);
#1568=VECTOR('',#5167,10.);
#1569=VECTOR('',#5168,0.5);
#1570=VECTOR('',#5171,10.);
#1571=VECTOR('',#5172,10.);
#1572=VECTOR('',#5173,10.);
#1573=VECTOR('',#5176,10.);
#1574=VECTOR('',#5177,10.);
#1575=VECTOR('',#5178,10.);
#1576=VECTOR('',#5179,10.);
#1577=VECTOR('',#5180,10.);
#1578=VECTOR('',#5189,10.);
#1579=VECTOR('',#5192,10.);
#1580=VECTOR('',#5199,0.5);
#1581=VECTOR('',#5200,10.);
#1582=VECTOR('',#5201,10.);
#1583=VECTOR('',#5206,10.);
#1584=VECTOR('',#5207,10.);
#1585=VECTOR('',#5208,10.);
#1586=VECTOR('',#5209,10.);
#1587=VECTOR('',#5212,10.);
#1588=VECTOR('',#5213,10.);
#1589=VECTOR('',#5216,10.);
#1590=VECTOR('',#5221,10.);
#1591=VECTOR('',#5222,10.);
#1592=VECTOR('',#5225,10.);
#1593=VECTOR('',#5226,10.);
#1594=VECTOR('',#5227,10.);
#1595=VECTOR('',#5228,10.);
#1596=VECTOR('',#5231,10.);
#1597=VECTOR('',#5236,10.);
#1598=VECTOR('',#5237,10.);
#1599=VECTOR('',#5238,10.);
#1600=VECTOR('',#5241,10.);
#1601=VECTOR('',#5246,10.);
#1602=VECTOR('',#5247,10.);
#1603=VECTOR('',#5248,10.);
#1604=VECTOR('',#5253,10.);
#1605=VECTOR('',#5258,10.);
#1606=VECTOR('',#5259,10.);
#1607=VECTOR('',#5262,10.);
#1608=VECTOR('',#5267,10.);
#1609=VECTOR('',#5270,10.);
#1610=VECTOR('',#5271,10.);
#1611=VECTOR('',#5274,10.);
#1612=VECTOR('',#5275,10.);
#1613=VECTOR('',#5276,10.);
#1614=VECTOR('',#5281,10.);
#1615=VECTOR('',#5288,10.);
#1616=VECTOR('',#5289,10.);
#1617=VECTOR('',#5294,10.);
#1618=VECTOR('',#5295,10.);
#1619=VECTOR('',#5296,10.);
#1620=VECTOR('',#5297,10.);
#1621=VECTOR('',#5300,10.);
#1622=VECTOR('',#5307,10.);
#1623=VECTOR('',#5308,10.);
#1624=VECTOR('',#5309,10.);
#1625=VECTOR('',#5312,10.);
#1626=VECTOR('',#5319,10.);
#1627=VECTOR('',#5320,10.);
#1628=VECTOR('',#5321,10.);
#1629=VECTOR('',#5326,10.);
#1630=VECTOR('',#5331,10.);
#1631=VECTOR('',#5336,10.);
#1632=VECTOR('',#5339,10.);
#1633=VECTOR('',#5342,10.);
#1634=VECTOR('',#5345,10.);
#1635=VECTOR('',#5348,10.);
#1636=VECTOR('',#5349,10.);
#1637=VECTOR('',#5352,10.);
#1638=VECTOR('',#5353,10.);
#1639=VECTOR('',#5356,10.);
#1640=VECTOR('',#5359,10.);
#1641=VECTOR('',#5362,10.);
#1642=VECTOR('',#5365,10.);
#1643=VECTOR('',#5368,10.);
#1644=VECTOR('',#5369,10.);
#1645=VECTOR('',#5374,10.);
#1646=VECTOR('',#5377,10.);
#1647=VECTOR('',#5380,10.);
#1648=VECTOR('',#5381,10.);
#1649=VECTOR('',#5384,10.);
#1650=VECTOR('',#5387,10.);
#1651=VECTOR('',#5390,10.);
#1652=VECTOR('',#5393,10.);
#1653=VECTOR('',#5394,10.);
#1654=VECTOR('',#5395,10.);
#1655=VECTOR('',#5398,10.);
#1656=VECTOR('',#5399,10.);
#1657=VECTOR('',#5402,10.);
#1658=VECTOR('',#5405,10.);
#1659=VECTOR('',#5410,10.);
#1660=VECTOR('',#5413,10.);
#1661=VECTOR('',#5420,10.);
#1662=VECTOR('',#5421,10.);
#1663=VECTOR('',#5426,0.499999999999998);
#1664=VECTOR('',#5429,0.499999999999998);
#1665=VECTOR('',#5436,10.);
#1666=VECTOR('',#5443,10.);
#1667=VECTOR('',#5454,0.499999999999998);
#1668=VECTOR('',#5459,0.499999999999998);
#1669=VECTOR('',#5464,10.);
#1670=VECTOR('',#5465,10.);
#1671=VECTOR('',#5466,10.);
#1672=VECTOR('',#5469,10.);
#1673=VECTOR('',#5470,10.);
#1674=VECTOR('',#5485,10.);
#1675=VECTOR('',#5486,10.);
#1676=VECTOR('',#5489,10.);
#1677=VECTOR('',#5492,10.);
#1678=VECTOR('',#5495,10.);
#1679=VECTOR('',#5496,10.);
#1680=VECTOR('',#5501,10.);
#1681=VECTOR('',#5502,10.);
#1682=VECTOR('',#5503,10.);
#1683=VECTOR('',#5506,10.);
#1684=VECTOR('',#5511,10.);
#1685=VECTOR('',#5512,10.);
#1686=VECTOR('',#5515,10.);
#1687=VECTOR('',#5516,10.);
#1688=VECTOR('',#5519,10.);
#1689=VECTOR('',#5520,10.);
#1690=VECTOR('',#5525,10.);
#1691=VECTOR('',#5526,10.);
#1692=VECTOR('',#5527,10.);
#1693=VECTOR('',#5528,10.);
#1694=VECTOR('',#5541,10.);
#1695=VECTOR('',#5542,10.);
#1696=VECTOR('',#5543,10.);
#1697=VECTOR('',#5544,10.);
#1698=VECTOR('',#5545,10.);
#1699=VECTOR('',#5568,10.);
#1700=VECTOR('',#5569,10.);
#1701=VECTOR('',#5570,10.);
#1702=VECTOR('',#5571,10.);
#1703=VECTOR('',#5572,10.);
#1704=VECTOR('',#5575,10.);
#1705=VECTOR('',#5582,10.);
#1706=VECTOR('',#5595,10.);
#1707=VECTOR('',#5598,10.);
#1708=VECTOR('',#5605,1.55);
#1709=VECTOR('',#5610,1.75);
#1710=VECTOR('',#5617,1.55);
#1711=VECTOR('',#5622,1.75);
#1712=VECTOR('',#5629,1.55);
#1713=VECTOR('',#5634,1.75);
#1714=VECTOR('',#5641,1.55);
#1715=VECTOR('',#5646,1.75);
#1716=VERTEX_POINT('',#5654);
#1717=VERTEX_POINT('',#5655);
#1718=VERTEX_POINT('',#5657);
#1719=VERTEX_POINT('',#5659);
#1720=VERTEX_POINT('',#5663);
#1721=VERTEX_POINT('',#5664);
#1722=VERTEX_POINT('',#5669);
#1723=VERTEX_POINT('',#5670);
#1724=VERTEX_POINT('',#5675);
#1725=VERTEX_POINT('',#5676);
#1726=VERTEX_POINT('',#5681);
#1727=VERTEX_POINT('',#5682);
#1728=VERTEX_POINT('',#5687);
#1729=VERTEX_POINT('',#5688);
#1730=VERTEX_POINT('',#5693);
#1731=VERTEX_POINT('',#5694);
#1732=VERTEX_POINT('',#5702);
#1733=VERTEX_POINT('',#5704);
#1734=VERTEX_POINT('',#5706);
#1735=VERTEX_POINT('',#5708);
#1736=VERTEX_POINT('',#5710);
#1737=VERTEX_POINT('',#5712);
#1738=VERTEX_POINT('',#5714);
#1739=VERTEX_POINT('',#5716);
#1740=VERTEX_POINT('',#5718);
#1741=VERTEX_POINT('',#5720);
#1742=VERTEX_POINT('',#5722);
#1743=VERTEX_POINT('',#5724);
#1744=VERTEX_POINT('',#5728);
#1745=VERTEX_POINT('',#5732);
#1746=VERTEX_POINT('',#5736);
#1747=VERTEX_POINT('',#5738);
#1748=VERTEX_POINT('',#5743);
#1749=VERTEX_POINT('',#5744);
#1750=VERTEX_POINT('',#5746);
#1751=VERTEX_POINT('',#5748);
#1752=VERTEX_POINT('',#5752);
#1753=VERTEX_POINT('',#5753);
#1754=VERTEX_POINT('',#5758);
#1755=VERTEX_POINT('',#5759);
#1756=VERTEX_POINT('',#5764);
#1757=VERTEX_POINT('',#5765);
#1758=VERTEX_POINT('',#5770);
#1759=VERTEX_POINT('',#5771);
#1760=VERTEX_POINT('',#5776);
#1761=VERTEX_POINT('',#5777);
#1762=VERTEX_POINT('',#5782);
#1763=VERTEX_POINT('',#5783);
#1764=VERTEX_POINT('',#5791);
#1765=VERTEX_POINT('',#5793);
#1766=VERTEX_POINT('',#5797);
#1767=VERTEX_POINT('',#5799);
#1768=VERTEX_POINT('',#5803);
#1769=VERTEX_POINT('',#5807);
#1770=VERTEX_POINT('',#5809);
#1771=VERTEX_POINT('',#5814);
#1772=VERTEX_POINT('',#5815);
#1773=VERTEX_POINT('',#5817);
#1774=VERTEX_POINT('',#5819);
#1775=VERTEX_POINT('',#5823);
#1776=VERTEX_POINT('',#5825);
#1777=VERTEX_POINT('',#5829);
#1778=VERTEX_POINT('',#5830);
#1779=VERTEX_POINT('',#5835);
#1780=VERTEX_POINT('',#5836);
#1781=VERTEX_POINT('',#5841);
#1782=VERTEX_POINT('',#5842);
#1783=VERTEX_POINT('',#5850);
#1784=VERTEX_POINT('',#5852);
#1785=VERTEX_POINT('',#5854);
#1786=VERTEX_POINT('',#5858);
#1787=VERTEX_POINT('',#5862);
#1788=VERTEX_POINT('',#5867);
#1789=VERTEX_POINT('',#5868);
#1790=VERTEX_POINT('',#5870);
#1791=VERTEX_POINT('',#5872);
#1792=VERTEX_POINT('',#5876);
#1793=VERTEX_POINT('',#5878);
#1794=VERTEX_POINT('',#5882);
#1795=VERTEX_POINT('',#5884);
#1796=VERTEX_POINT('',#5888);
#1797=VERTEX_POINT('',#5890);
#1798=VERTEX_POINT('',#5898);
#1799=VERTEX_POINT('',#5899);
#1800=VERTEX_POINT('',#5901);
#1801=VERTEX_POINT('',#5903);
#1802=VERTEX_POINT('',#5907);
#1803=VERTEX_POINT('',#5909);
#1804=VERTEX_POINT('',#5913);
#1805=VERTEX_POINT('',#5915);
#1806=VERTEX_POINT('',#5919);
#1807=VERTEX_POINT('',#5921);
#1808=VERTEX_POINT('',#5929);
#1809=VERTEX_POINT('',#5930);
#1810=VERTEX_POINT('',#5932);
#1811=VERTEX_POINT('',#5934);
#1812=VERTEX_POINT('',#5938);
#1813=VERTEX_POINT('',#5940);
#1814=VERTEX_POINT('',#5944);
#1815=VERTEX_POINT('',#5946);
#1816=VERTEX_POINT('',#5950);
#1817=VERTEX_POINT('',#5952);
#1818=VERTEX_POINT('',#5960);
#1819=VERTEX_POINT('',#5961);
#1820=VERTEX_POINT('',#5963);
#1821=VERTEX_POINT('',#5965);
#1822=VERTEX_POINT('',#5969);
#1823=VERTEX_POINT('',#5971);
#1824=VERTEX_POINT('',#5975);
#1825=VERTEX_POINT('',#5977);
#1826=VERTEX_POINT('',#5981);
#1827=VERTEX_POINT('',#5983);
#1828=VERTEX_POINT('',#6006);
#1829=VERTEX_POINT('',#6007);
#1830=VERTEX_POINT('',#6012);
#1831=VERTEX_POINT('',#6020);
#1832=VERTEX_POINT('',#6047);
#1833=VERTEX_POINT('',#6052);
#1834=VERTEX_POINT('',#6065);
#1835=VERTEX_POINT('',#6067);
#1836=VERTEX_POINT('',#6074);
#1837=VERTEX_POINT('',#6096);
#1838=VERTEX_POINT('',#6097);
#1839=VERTEX_POINT('',#6131);
#1840=VERTEX_POINT('',#6144);
#1841=VERTEX_POINT('',#6147);
#1842=VERTEX_POINT('',#6166);
#1843=VERTEX_POINT('',#6167);
#1844=VERTEX_POINT('',#6172);
#1845=VERTEX_POINT('',#6180);
#1846=VERTEX_POINT('',#6207);
#1847=VERTEX_POINT('',#6212);
#1848=VERTEX_POINT('',#6225);
#1849=VERTEX_POINT('',#6227);
#1850=VERTEX_POINT('',#6234);
#1851=VERTEX_POINT('',#6256);
#1852=VERTEX_POINT('',#6257);
#1853=VERTEX_POINT('',#6291);
#1854=VERTEX_POINT('',#6304);
#1855=VERTEX_POINT('',#6307);
#1856=VERTEX_POINT('',#6309);
#1857=VERTEX_POINT('',#6314);
#1858=VERTEX_POINT('',#6319);
#1859=VERTEX_POINT('',#6338);
#1860=VERTEX_POINT('',#6339);
#1861=VERTEX_POINT('',#6373);
#1862=VERTEX_POINT('',#6386);
#1863=VERTEX_POINT('',#6388);
#1864=VERTEX_POINT('',#6395);
#1865=VERTEX_POINT('',#6417);
#1866=VERTEX_POINT('',#6418);
#1867=VERTEX_POINT('',#6452);
#1868=VERTEX_POINT('',#6465);
#1869=VERTEX_POINT('',#6467);
#1870=VERTEX_POINT('',#6473);
#1871=VERTEX_POINT('',#6475);
#1872=VERTEX_POINT('',#6483);
#1873=VERTEX_POINT('',#6484);
#1874=VERTEX_POINT('',#6486);
#1875=VERTEX_POINT('',#6488);
#1876=VERTEX_POINT('',#6492);
#1877=VERTEX_POINT('',#6494);
#1878=VERTEX_POINT('',#6498);
#1879=VERTEX_POINT('',#6500);
#1880=VERTEX_POINT('',#6508);
#1881=VERTEX_POINT('',#6509);
#1882=VERTEX_POINT('',#6511);
#1883=VERTEX_POINT('',#6513);
#1884=VERTEX_POINT('',#6517);
#1885=VERTEX_POINT('',#6519);
#1886=VERTEX_POINT('',#6523);
#1887=VERTEX_POINT('',#6525);
#1888=VERTEX_POINT('',#6533);
#1889=VERTEX_POINT('',#6538);
#1890=VERTEX_POINT('',#6545);
#1891=VERTEX_POINT('',#6561);
#1892=VERTEX_POINT('',#6563);
#1893=VERTEX_POINT('',#6571);
#1894=VERTEX_POINT('',#6573);
#1895=VERTEX_POINT('',#6575);
#1896=VERTEX_POINT('',#6577);
#1897=VERTEX_POINT('',#6579);
#1898=VERTEX_POINT('',#6581);
#1899=VERTEX_POINT('',#6583);
#1900=VERTEX_POINT('',#6585);
#1901=VERTEX_POINT('',#6587);
#1902=VERTEX_POINT('',#6610);
#1903=VERTEX_POINT('',#6611);
#1904=VERTEX_POINT('',#6613);
#1905=VERTEX_POINT('',#6615);
#1906=VERTEX_POINT('',#6617);
#1907=VERTEX_POINT('',#6619);
#1908=VERTEX_POINT('',#6623);
#1909=VERTEX_POINT('',#6625);
#1910=VERTEX_POINT('',#6629);
#1911=VERTEX_POINT('',#6630);
#1912=VERTEX_POINT('',#6632);
#1913=VERTEX_POINT('',#6634);
#1914=VERTEX_POINT('',#6641);
#1915=VERTEX_POINT('',#6642);
#1916=VERTEX_POINT('',#6644);
#1917=VERTEX_POINT('',#6646);
#1918=VERTEX_POINT('',#6648);
#1919=VERTEX_POINT('',#6650);
#1920=VERTEX_POINT('',#6654);
#1921=VERTEX_POINT('',#6656);
#1922=VERTEX_POINT('',#6660);
#1923=VERTEX_POINT('',#6661);
#1924=VERTEX_POINT('',#6663);
#1925=VERTEX_POINT('',#6665);
#1926=VERTEX_POINT('',#6672);
#1927=VERTEX_POINT('',#6674);
#1928=VERTEX_POINT('',#6676);
#1929=VERTEX_POINT('',#6678);
#1930=VERTEX_POINT('',#6682);
#1931=VERTEX_POINT('',#6684);
#1932=VERTEX_POINT('',#6688);
#1933=VERTEX_POINT('',#6690);
#1934=VERTEX_POINT('',#6694);
#1935=VERTEX_POINT('',#6696);
#1936=VERTEX_POINT('',#6698);
#1937=VERTEX_POINT('',#6702);
#1938=VERTEX_POINT('',#6704);
#1939=VERTEX_POINT('',#6708);
#1940=VERTEX_POINT('',#6710);
#1941=VERTEX_POINT('',#6714);
#1942=VERTEX_POINT('',#6716);
#1943=VERTEX_POINT('',#6718);
#1944=VERTEX_POINT('',#6720);
#1945=VERTEX_POINT('',#6724);
#1946=VERTEX_POINT('',#6726);
#1947=VERTEX_POINT('',#6728);
#1948=VERTEX_POINT('',#6732);
#1949=VERTEX_POINT('',#6734);
#1950=VERTEX_POINT('',#6738);
#1951=VERTEX_POINT('',#6740);
#1952=VERTEX_POINT('',#6744);
#1953=VERTEX_POINT('',#6745);
#1954=VERTEX_POINT('',#6747);
#1955=VERTEX_POINT('',#6749);
#1956=VERTEX_POINT('',#6751);
#1957=VERTEX_POINT('',#6755);
#1958=VERTEX_POINT('',#6757);
#1959=VERTEX_POINT('',#6759);
#1960=VERTEX_POINT('',#6761);
#1961=VERTEX_POINT('',#6765);
#1962=VERTEX_POINT('',#6769);
#1963=VERTEX_POINT('',#6771);
#1964=VERTEX_POINT('',#6773);
#1965=VERTEX_POINT('',#6777);
#1966=VERTEX_POINT('',#6781);
#1967=VERTEX_POINT('',#6782);
#1968=VERTEX_POINT('',#6784);
#1969=VERTEX_POINT('',#6786);
#1970=VERTEX_POINT('',#6788);
#1971=VERTEX_POINT('',#6790);
#1972=VERTEX_POINT('',#6794);
#1973=VERTEX_POINT('',#6796);
#1974=VERTEX_POINT('',#6800);
#1975=VERTEX_POINT('',#6802);
#1976=VERTEX_POINT('',#6806);
#1977=VERTEX_POINT('',#6808);
#1978=VERTEX_POINT('',#6810);
#1979=VERTEX_POINT('',#6814);
#1980=VERTEX_POINT('',#6815);
#1981=VERTEX_POINT('',#6817);
#1982=VERTEX_POINT('',#6820);
#1983=VERTEX_POINT('',#6824);
#1984=VERTEX_POINT('',#6826);
#1985=VERTEX_POINT('',#6830);
#1986=VERTEX_POINT('',#6832);
#1987=VERTEX_POINT('',#6836);
#1988=VERTEX_POINT('',#6841);
#1989=VERTEX_POINT('',#6842);
#1990=VERTEX_POINT('',#6844);
#1991=VERTEX_POINT('',#6846);
#1992=VERTEX_POINT('',#6848);
#1993=VERTEX_POINT('',#6852);
#1994=VERTEX_POINT('',#6853);
#1995=VERTEX_POINT('',#6858);
#1996=VERTEX_POINT('',#6859);
#1997=VERTEX_POINT('',#6864);
#1998=VERTEX_POINT('',#6865);
#1999=VERTEX_POINT('',#6870);
#2000=VERTEX_POINT('',#6871);
#2001=VERTEX_POINT('',#6874);
#2002=VERTEX_POINT('',#6880);
#2003=VERTEX_POINT('',#6882);
#2004=VERTEX_POINT('',#6886);
#2005=VERTEX_POINT('',#6888);
#2006=VERTEX_POINT('',#6892);
#2007=VERTEX_POINT('',#6894);
#2008=VERTEX_POINT('',#6908);
#2009=VERTEX_POINT('',#6910);
#2010=VERTEX_POINT('',#6914);
#2011=VERTEX_POINT('',#6918);
#2012=VERTEX_POINT('',#6920);
#2013=VERTEX_POINT('',#6923);
#2014=VERTEX_POINT('',#6926);
#2015=VERTEX_POINT('',#6932);
#2016=VERTEX_POINT('',#6934);
#2017=VERTEX_POINT('',#6938);
#2018=VERTEX_POINT('',#6940);
#2019=VERTEX_POINT('',#6945);
#2020=VERTEX_POINT('',#6948);
#2021=VERTEX_POINT('',#6950);
#2022=VERTEX_POINT('',#6952);
#2023=VERTEX_POINT('',#6962);
#2024=VERTEX_POINT('',#6966);
#2025=VERTEX_POINT('',#6970);
#2026=VERTEX_POINT('',#6974);
#2027=VERTEX_POINT('',#6980);
#2028=VERTEX_POINT('',#6986);
#2029=VERTEX_POINT('',#6990);
#2030=VERTEX_POINT('',#6994);
#2031=VERTEX_POINT('',#6996);
#2032=VERTEX_POINT('',#6998);
#2033=VERTEX_POINT('',#7000);
#2034=VERTEX_POINT('',#7005);
#2035=VERTEX_POINT('',#7007);
#2036=VERTEX_POINT('',#7009);
#2037=VERTEX_POINT('',#7011);
#2038=VERTEX_POINT('',#7016);
#2039=VERTEX_POINT('',#7018);
#2040=VERTEX_POINT('',#7020);
#2041=VERTEX_POINT('',#7022);
#2042=VERTEX_POINT('',#7024);
#2043=VERTEX_POINT('',#7026);
#2044=VERTEX_POINT('',#7028);
#2045=VERTEX_POINT('',#7030);
#2046=VERTEX_POINT('',#7035);
#2047=VERTEX_POINT('',#7043);
#2048=VERTEX_POINT('',#7047);
#2049=VERTEX_POINT('',#7070);
#2050=VERTEX_POINT('',#7071);
#2051=VERTEX_POINT('',#7076);
#2052=VERTEX_POINT('',#7084);
#2053=VERTEX_POINT('',#7111);
#2054=VERTEX_POINT('',#7116);
#2055=VERTEX_POINT('',#7129);
#2056=VERTEX_POINT('',#7132);
#2057=VERTEX_POINT('',#7151);
#2058=VERTEX_POINT('',#7152);
#2059=VERTEX_POINT('',#7157);
#2060=VERTEX_POINT('',#7165);
#2061=VERTEX_POINT('',#7192);
#2062=VERTEX_POINT('',#7197);
#2063=VERTEX_POINT('',#7230);
#2064=VERTEX_POINT('',#7231);
#2065=VERTEX_POINT('',#7236);
#2066=VERTEX_POINT('',#7244);
#2067=VERTEX_POINT('',#7271);
#2068=VERTEX_POINT('',#7276);
#2069=VERTEX_POINT('',#7289);
#2070=VERTEX_POINT('',#7291);
#2071=VERTEX_POINT('',#7312);
#2072=VERTEX_POINT('',#7313);
#2073=VERTEX_POINT('',#7318);
#2074=VERTEX_POINT('',#7326);
#2075=VERTEX_POINT('',#7353);
#2076=VERTEX_POINT('',#7358);
#2077=VERTEX_POINT('',#7391);
#2078=VERTEX_POINT('',#7392);
#2079=VERTEX_POINT('',#7397);
#2080=VERTEX_POINT('',#7405);
#2081=VERTEX_POINT('',#7432);
#2082=VERTEX_POINT('',#7437);
#2083=VERTEX_POINT('',#7450);
#2084=VERTEX_POINT('',#7452);
#2085=VERTEX_POINT('',#7459);
#2086=VERTEX_POINT('',#7481);
#2087=VERTEX_POINT('',#7482);
#2088=VERTEX_POINT('',#7516);
#2089=VERTEX_POINT('',#7529);
#2090=VERTEX_POINT('',#7531);
#2091=VERTEX_POINT('',#7547);
#2092=VERTEX_POINT('',#7554);
#2093=VERTEX_POINT('',#7556);
#2094=VERTEX_POINT('',#7563);
#2095=VERTEX_POINT('',#7565);
#2096=VERTEX_POINT('',#7572);
#2097=VERTEX_POINT('',#7574);
#2098=VERTEX_POINT('',#7581);
#2099=VERTEX_POINT('',#7583);
#2100=EDGE_CURVE('',#1716,#1717,#950,.T.);
#2101=EDGE_CURVE('',#1717,#1718,#826,.T.);
#2102=EDGE_CURVE('',#1718,#1719,#951,.T.);
#2103=EDGE_CURVE('',#1719,#1716,#827,.T.);
#2104=EDGE_CURVE('',#1720,#1721,#952,.T.);
#2105=EDGE_CURVE('',#1721,#1717,#953,.T.);
#2106=EDGE_CURVE('',#1716,#1720,#954,.T.);
#2107=EDGE_CURVE('',#1722,#1723,#955,.T.);
#2108=EDGE_CURVE('',#1723,#1721,#828,.T.);
#2109=EDGE_CURVE('',#1720,#1722,#829,.T.);
#2110=EDGE_CURVE('',#1724,#1725,#956,.T.);
#2111=EDGE_CURVE('',#1725,#1723,#957,.T.);
#2112=EDGE_CURVE('',#1722,#1724,#958,.T.);
#2113=EDGE_CURVE('',#1726,#1727,#959,.T.);
#2114=EDGE_CURVE('',#1727,#1725,#830,.T.);
#2115=EDGE_CURVE('',#1724,#1726,#831,.T.);
#2116=EDGE_CURVE('',#1728,#1729,#960,.T.);
#2117=EDGE_CURVE('',#1729,#1727,#961,.T.);
#2118=EDGE_CURVE('',#1726,#1728,#962,.T.);
#2119=EDGE_CURVE('',#1730,#1731,#963,.T.);
#2120=EDGE_CURVE('',#1731,#1729,#832,.T.);
#2121=EDGE_CURVE('',#1728,#1730,#833,.T.);
#2122=EDGE_CURVE('',#1718,#1731,#964,.T.);
#2123=EDGE_CURVE('',#1730,#1719,#965,.T.);
#2124=EDGE_CURVE('',#1732,#1722,#966,.T.);
#2125=EDGE_CURVE('',#1733,#1732,#967,.T.);
#2126=EDGE_CURVE('',#1733,#1734,#968,.T.);
#2127=EDGE_CURVE('',#1735,#1734,#969,.T.);
#2128=EDGE_CURVE('',#1735,#1736,#834,.T.);
#2129=EDGE_CURVE('',#1737,#1736,#970,.T.);
#2130=EDGE_CURVE('',#1737,#1738,#835,.T.);
#2131=EDGE_CURVE('',#1739,#1738,#971,.T.);
#2132=EDGE_CURVE('',#1739,#1740,#836,.T.);
#2133=EDGE_CURVE('',#1741,#1740,#972,.T.);
#2134=EDGE_CURVE('',#1742,#1741,#973,.T.);
#2135=EDGE_CURVE('',#1743,#1742,#974,.T.);
#2136=EDGE_CURVE('',#1743,#1724,#975,.T.);
#2137=EDGE_CURVE('',#1744,#1720,#976,.T.);
#2138=EDGE_CURVE('',#1744,#1732,#837,.T.);
#2139=EDGE_CURVE('',#1745,#1716,#977,.T.);
#2140=EDGE_CURVE('',#1745,#1744,#978,.T.);
#2141=EDGE_CURVE('',#1746,#1719,#979,.T.);
#2142=EDGE_CURVE('',#1747,#1746,#980,.T.);
#2143=EDGE_CURVE('',#1747,#1745,#838,.T.);
#2144=EDGE_CURVE('',#1748,#1749,#981,.T.);
#2145=EDGE_CURVE('',#1749,#1750,#839,.T.);
#2146=EDGE_CURVE('',#1750,#1751,#982,.T.);
#2147=EDGE_CURVE('',#1751,#1748,#840,.T.);
#2148=EDGE_CURVE('',#1752,#1753,#983,.T.);
#2149=EDGE_CURVE('',#1753,#1749,#984,.T.);
#2150=EDGE_CURVE('',#1748,#1752,#985,.T.);
#2151=EDGE_CURVE('',#1754,#1755,#986,.T.);
#2152=EDGE_CURVE('',#1755,#1753,#841,.T.);
#2153=EDGE_CURVE('',#1752,#1754,#842,.T.);
#2154=EDGE_CURVE('',#1756,#1757,#987,.T.);
#2155=EDGE_CURVE('',#1757,#1755,#988,.T.);
#2156=EDGE_CURVE('',#1754,#1756,#989,.T.);
#2157=EDGE_CURVE('',#1758,#1759,#990,.T.);
#2158=EDGE_CURVE('',#1759,#1757,#843,.T.);
#2159=EDGE_CURVE('',#1756,#1758,#844,.T.);
#2160=EDGE_CURVE('',#1760,#1761,#991,.T.);
#2161=EDGE_CURVE('',#1761,#1759,#992,.T.);
#2162=EDGE_CURVE('',#1758,#1760,#993,.T.);
#2163=EDGE_CURVE('',#1762,#1763,#994,.T.);
#2164=EDGE_CURVE('',#1763,#1761,#845,.T.);
#2165=EDGE_CURVE('',#1760,#1762,#846,.T.);
#2166=EDGE_CURVE('',#1750,#1763,#995,.T.);
#2167=EDGE_CURVE('',#1762,#1751,#996,.T.);
#2168=EDGE_CURVE('',#1764,#1754,#997,.T.);
#2169=EDGE_CURVE('',#1764,#1765,#998,.T.);
#2170=EDGE_CURVE('',#1765,#1756,#999,.T.);
#2171=EDGE_CURVE('',#1766,#1752,#1000,.T.);
#2172=EDGE_CURVE('',#1766,#1767,#847,.T.);
#2173=EDGE_CURVE('',#1767,#1764,#1001,.T.);
#2174=EDGE_CURVE('',#1768,#1748,#1002,.T.);
#2175=EDGE_CURVE('',#1768,#1766,#1003,.T.);
#2176=EDGE_CURVE('',#1769,#1751,#1004,.T.);
#2177=EDGE_CURVE('',#1770,#1769,#1005,.T.);
#2178=EDGE_CURVE('',#1770,#1768,#848,.T.);
#2179=EDGE_CURVE('',#1771,#1772,#1006,.T.);
#2180=EDGE_CURVE('',#1772,#1773,#1007,.T.);
#2181=EDGE_CURVE('',#1773,#1774,#1008,.T.);
#2182=EDGE_CURVE('',#1771,#1774,#1009,.T.);
#2183=EDGE_CURVE('',#1774,#1775,#1010,.T.);
#2184=EDGE_CURVE('',#1775,#1776,#1011,.T.);
#2185=EDGE_CURVE('',#1776,#1771,#1012,.T.);
#2186=EDGE_CURVE('',#1777,#1778,#1013,.T.);
#2187=EDGE_CURVE('',#1778,#1776,#849,.T.);
#2188=EDGE_CURVE('',#1775,#1777,#850,.T.);
#2189=EDGE_CURVE('',#1779,#1780,#1014,.T.);
#2190=EDGE_CURVE('',#1780,#1778,#1015,.T.);
#2191=EDGE_CURVE('',#1777,#1779,#1016,.T.);
#2192=EDGE_CURVE('',#1781,#1782,#1017,.T.);
#2193=EDGE_CURVE('',#1782,#1780,#851,.T.);
#2194=EDGE_CURVE('',#1779,#1781,#852,.T.);
#2195=EDGE_CURVE('',#1772,#1782,#1018,.T.);
#2196=EDGE_CURVE('',#1781,#1773,#1019,.T.);
#2197=EDGE_CURVE('',#1783,#1775,#1020,.T.);
#2198=EDGE_CURVE('',#1783,#1784,#853,.T.);
#2199=EDGE_CURVE('',#1784,#1785,#1021,.T.);
#2200=EDGE_CURVE('',#1785,#1777,#1022,.T.);
#2201=EDGE_CURVE('',#1786,#1774,#1023,.T.);
#2202=EDGE_CURVE('',#1786,#1783,#1024,.T.);
#2203=EDGE_CURVE('',#1787,#1773,#1025,.T.);
#2204=EDGE_CURVE('',#1787,#1786,#1026,.T.);
#2205=EDGE_CURVE('',#1788,#1789,#1027,.T.);
#2206=EDGE_CURVE('',#1788,#1790,#1028,.T.);
#2207=EDGE_CURVE('',#1791,#1790,#1029,.T.);
#2208=EDGE_CURVE('',#1789,#1791,#1030,.T.);
#2209=EDGE_CURVE('',#1789,#1792,#1031,.T.);
#2210=EDGE_CURVE('',#1793,#1791,#1032,.T.);
#2211=EDGE_CURVE('',#1792,#1793,#1033,.T.);
#2212=EDGE_CURVE('',#1792,#1794,#1034,.T.);
#2213=EDGE_CURVE('',#1795,#1793,#1035,.T.);
#2214=EDGE_CURVE('',#1794,#1795,#1036,.T.);
#2215=EDGE_CURVE('',#1794,#1796,#854,.T.);
#2216=EDGE_CURVE('',#1797,#1795,#855,.T.);
#2217=EDGE_CURVE('',#1796,#1797,#1037,.T.);
#2218=EDGE_CURVE('',#1796,#1788,#856,.T.);
#2219=EDGE_CURVE('',#1790,#1797,#857,.T.);
#2220=EDGE_CURVE('',#1798,#1799,#858,.T.);
#2221=EDGE_CURVE('',#1798,#1800,#1038,.T.);
#2222=EDGE_CURVE('',#1801,#1800,#859,.T.);
#2223=EDGE_CURVE('',#1799,#1801,#1039,.T.);
#2224=EDGE_CURVE('',#1799,#1802,#1040,.T.);
#2225=EDGE_CURVE('',#1803,#1801,#1041,.T.);
#2226=EDGE_CURVE('',#1802,#1803,#1042,.T.);
#2227=EDGE_CURVE('',#1802,#1804,#1043,.T.);
#2228=EDGE_CURVE('',#1805,#1803,#1044,.T.);
#2229=EDGE_CURVE('',#1804,#1805,#1045,.T.);
#2230=EDGE_CURVE('',#1804,#1806,#1046,.T.);
#2231=EDGE_CURVE('',#1807,#1805,#1047,.T.);
#2232=EDGE_CURVE('',#1806,#1807,#1048,.T.);
#2233=EDGE_CURVE('',#1806,#1798,#860,.T.);
#2234=EDGE_CURVE('',#1800,#1807,#861,.T.);
#2235=EDGE_CURVE('',#1808,#1809,#862,.T.);
#2236=EDGE_CURVE('',#1808,#1810,#1049,.T.);
#2237=EDGE_CURVE('',#1811,#1810,#863,.T.);
#2238=EDGE_CURVE('',#1809,#1811,#1050,.T.);
#2239=EDGE_CURVE('',#1809,#1812,#1051,.T.);
#2240=EDGE_CURVE('',#1813,#1811,#1052,.T.);
#2241=EDGE_CURVE('',#1812,#1813,#1053,.T.);
#2242=EDGE_CURVE('',#1812,#1814,#1054,.T.);
#2243=EDGE_CURVE('',#1815,#1813,#1055,.T.);
#2244=EDGE_CURVE('',#1814,#1815,#1056,.T.);
#2245=EDGE_CURVE('',#1814,#1816,#1057,.T.);
#2246=EDGE_CURVE('',#1817,#1815,#1058,.T.);
#2247=EDGE_CURVE('',#1816,#1817,#1059,.T.);
#2248=EDGE_CURVE('',#1816,#1808,#864,.T.);
#2249=EDGE_CURVE('',#1810,#1817,#865,.T.);
#2250=EDGE_CURVE('',#1818,#1819,#1060,.T.);
#2251=EDGE_CURVE('',#1818,#1820,#1061,.T.);
#2252=EDGE_CURVE('',#1821,#1820,#1062,.T.);
#2253=EDGE_CURVE('',#1819,#1821,#1063,.T.);
#2254=EDGE_CURVE('',#1819,#1822,#1064,.T.);
#2255=EDGE_CURVE('',#1823,#1821,#1065,.T.);
#2256=EDGE_CURVE('',#1822,#1823,#1066,.T.);
#2257=EDGE_CURVE('',#1822,#1824,#1067,.T.);
#2258=EDGE_CURVE('',#1825,#1823,#1068,.T.);
#2259=EDGE_CURVE('',#1824,#1825,#1069,.T.);
#2260=EDGE_CURVE('',#1824,#1826,#866,.T.);
#2261=EDGE_CURVE('',#1827,#1825,#867,.T.);
#2262=EDGE_CURVE('',#1826,#1827,#1070,.T.);
#2263=EDGE_CURVE('',#1826,#1818,#868,.T.);
#2264=EDGE_CURVE('',#1820,#1827,#869,.T.);
#2265=EDGE_CURVE('',#1828,#1829,#49,.T.);
#2266=EDGE_CURVE('',#1829,#1830,#50,.F.);
#2267=EDGE_CURVE('',#1830,#1831,#51,.T.);
#2268=EDGE_CURVE('',#1831,#1828,#52,.T.);
#2269=EDGE_CURVE('',#1831,#1832,#53,.T.);
#2270=EDGE_CURVE('',#1832,#1833,#54,.F.);
#2271=EDGE_CURVE('',#1833,#1828,#55,.T.);
#2272=EDGE_CURVE('',#1828,#1834,#870,.T.);
#2273=EDGE_CURVE('',#1835,#1834,#56,.T.);
#2274=EDGE_CURVE('',#1829,#1835,#871,.T.);
#2275=EDGE_CURVE('',#1836,#1833,#872,.T.);
#2276=EDGE_CURVE('',#1834,#1836,#57,.T.);
#2277=EDGE_CURVE('',#1837,#1838,#58,.T.);
#2278=EDGE_CURVE('',#1838,#1835,#59,.F.);
#2279=EDGE_CURVE('',#1834,#1837,#60,.T.);
#2280=EDGE_CURVE('',#1836,#1839,#61,.F.);
#2281=EDGE_CURVE('',#1839,#1837,#62,.T.);
#2282=EDGE_CURVE('',#1840,#1838,#1071,.T.);
#2283=EDGE_CURVE('',#1839,#1735,#1072,.T.);
#2284=EDGE_CURVE('',#1734,#1841,#1073,.T.);
#2285=EDGE_CURVE('',#1841,#1840,#1074,.T.);
#2286=EDGE_CURVE('',#1842,#1843,#63,.T.);
#2287=EDGE_CURVE('',#1843,#1844,#64,.F.);
#2288=EDGE_CURVE('',#1844,#1845,#65,.T.);
#2289=EDGE_CURVE('',#1845,#1842,#66,.T.);
#2290=EDGE_CURVE('',#1845,#1846,#67,.T.);
#2291=EDGE_CURVE('',#1846,#1847,#68,.F.);
#2292=EDGE_CURVE('',#1847,#1842,#69,.T.);
#2293=EDGE_CURVE('',#1842,#1848,#873,.T.);
#2294=EDGE_CURVE('',#1849,#1848,#70,.T.);
#2295=EDGE_CURVE('',#1843,#1849,#874,.T.);
#2296=EDGE_CURVE('',#1850,#1847,#875,.T.);
#2297=EDGE_CURVE('',#1848,#1850,#71,.T.);
#2298=EDGE_CURVE('',#1851,#1852,#72,.T.);
#2299=EDGE_CURVE('',#1852,#1849,#73,.F.);
#2300=EDGE_CURVE('',#1848,#1851,#74,.T.);
#2301=EDGE_CURVE('',#1850,#1853,#75,.F.);
#2302=EDGE_CURVE('',#1853,#1851,#76,.T.);
#2303=EDGE_CURVE('',#1854,#1852,#1075,.T.);
#2304=EDGE_CURVE('',#1853,#1739,#1076,.T.);
#2305=EDGE_CURVE('',#1738,#1855,#1077,.T.);
#2306=EDGE_CURVE('',#1856,#1855,#77,.T.);
#2307=EDGE_CURVE('',#1857,#1856,#78,.T.);
#2308=EDGE_CURVE('',#1857,#1858,#1078,.T.);
#2309=EDGE_CURVE('',#1858,#1854,#1079,.T.);
#2310=EDGE_CURVE('',#1859,#1860,#79,.T.);
#2311=EDGE_CURVE('',#1860,#1857,#80,.F.);
#2312=EDGE_CURVE('',#1856,#1859,#81,.T.);
#2313=EDGE_CURVE('',#1855,#1861,#82,.F.);
#2314=EDGE_CURVE('',#1861,#1859,#83,.T.);
#2315=EDGE_CURVE('',#1862,#1859,#876,.T.);
#2316=EDGE_CURVE('',#1863,#1862,#84,.T.);
#2317=EDGE_CURVE('',#1860,#1863,#877,.T.);
#2318=EDGE_CURVE('',#1864,#1861,#878,.T.);
#2319=EDGE_CURVE('',#1862,#1864,#85,.T.);
#2320=EDGE_CURVE('',#1865,#1866,#86,.T.);
#2321=EDGE_CURVE('',#1866,#1863,#87,.F.);
#2322=EDGE_CURVE('',#1862,#1865,#88,.T.);
#2323=EDGE_CURVE('',#1864,#1867,#89,.F.);
#2324=EDGE_CURVE('',#1867,#1865,#90,.T.);
#2325=EDGE_CURVE('',#1830,#1868,#1080,.T.);
#2326=EDGE_CURVE('',#1868,#1869,#1081,.T.);
#2327=EDGE_CURVE('',#1869,#1866,#1082,.T.);
#2328=EDGE_CURVE('',#1867,#1737,#1083,.T.);
#2329=EDGE_CURVE('',#1736,#1832,#1084,.T.);
#2330=EDGE_CURVE('',#1844,#1870,#1085,.T.);
#2331=EDGE_CURVE('',#1870,#1871,#1086,.T.);
#2332=EDGE_CURVE('',#1871,#1741,#1087,.T.);
#2333=EDGE_CURVE('',#1740,#1846,#1088,.T.);
#2334=EDGE_CURVE('',#1872,#1873,#1089,.T.);
#2335=EDGE_CURVE('',#1872,#1874,#1090,.T.);
#2336=EDGE_CURVE('',#1875,#1874,#1091,.T.);
#2337=EDGE_CURVE('',#1873,#1875,#1092,.T.);
#2338=EDGE_CURVE('',#1873,#1876,#1093,.T.);
#2339=EDGE_CURVE('',#1877,#1875,#1094,.T.);
#2340=EDGE_CURVE('',#1876,#1877,#1095,.T.);
#2341=EDGE_CURVE('',#1876,#1878,#1096,.T.);
#2342=EDGE_CURVE('',#1879,#1877,#1097,.T.);
#2343=EDGE_CURVE('',#1878,#1879,#1098,.T.);
#2344=EDGE_CURVE('',#1878,#1872,#1099,.T.);
#2345=EDGE_CURVE('',#1874,#1879,#1100,.T.);
#2346=EDGE_CURVE('',#1880,#1881,#1101,.T.);
#2347=EDGE_CURVE('',#1880,#1882,#1102,.T.);
#2348=EDGE_CURVE('',#1883,#1882,#1103,.T.);
#2349=EDGE_CURVE('',#1881,#1883,#1104,.T.);
#2350=EDGE_CURVE('',#1881,#1884,#1105,.T.);
#2351=EDGE_CURVE('',#1885,#1883,#1106,.T.);
#2352=EDGE_CURVE('',#1884,#1885,#1107,.T.);
#2353=EDGE_CURVE('',#1884,#1886,#1108,.T.);
#2354=EDGE_CURVE('',#1887,#1885,#1109,.T.);
#2355=EDGE_CURVE('',#1886,#1887,#1110,.T.);
#2356=EDGE_CURVE('',#1886,#1880,#1111,.T.);
#2357=EDGE_CURVE('',#1882,#1887,#1112,.T.);
#2358=EDGE_CURVE('',#1785,#1888,#1113,.T.);
#2359=EDGE_CURVE('',#1888,#1779,#1114,.T.);
#2360=EDGE_CURVE('',#1769,#1785,#1115,.T.);
#2361=EDGE_CURVE('',#1769,#1889,#1116,.T.);
#2362=EDGE_CURVE('',#1888,#1889,#1117,.T.);
#2363=EDGE_CURVE('',#1889,#1762,#1118,.T.);
#2364=EDGE_CURVE('',#1746,#1764,#1119,.T.);
#2365=EDGE_CURVE('',#1746,#1890,#1120,.T.);
#2366=EDGE_CURVE('',#1765,#1890,#1121,.T.);
#2367=EDGE_CURVE('',#1890,#1730,#1122,.T.);
#2368=EDGE_CURVE('',#1784,#1770,#1123,.T.);
#2369=EDGE_CURVE('',#1767,#1747,#1124,.T.);
#2370=EDGE_CURVE('',#1868,#1840,#879,.T.);
#2371=EDGE_CURVE('',#1858,#1869,#880,.T.);
#2372=EDGE_CURVE('',#1870,#1854,#881,.T.);
#2373=EDGE_CURVE('',#1891,#1841,#1125,.T.);
#2374=EDGE_CURVE('',#1892,#1891,#1126,.T.);
#2375=EDGE_CURVE('',#1892,#1871,#1127,.T.);
#2376=EDGE_CURVE('',#1891,#1733,#1128,.T.);
#2377=EDGE_CURVE('',#1742,#1892,#1129,.T.);
#2378=EDGE_CURVE('',#1893,#1787,#1130,.T.);
#2379=EDGE_CURVE('',#1894,#1893,#882,.T.);
#2380=EDGE_CURVE('',#1895,#1894,#1131,.T.);
#2381=EDGE_CURVE('',#1896,#1895,#883,.T.);
#2382=EDGE_CURVE('',#1897,#1896,#1132,.T.);
#2383=EDGE_CURVE('',#1898,#1897,#884,.T.);
#2384=EDGE_CURVE('',#1899,#1898,#1133,.T.);
#2385=EDGE_CURVE('',#1900,#1899,#885,.T.);
#2386=EDGE_CURVE('',#1901,#1900,#1134,.T.);
#2387=EDGE_CURVE('',#1743,#1901,#886,.T.);
#2388=EDGE_CURVE('',#1893,#1781,#1135,.T.);
#2389=EDGE_CURVE('',#1894,#1888,#1136,.T.);
#2390=EDGE_CURVE('',#1895,#1889,#1137,.T.);
#2391=EDGE_CURVE('',#1896,#1760,#1138,.T.);
#2392=EDGE_CURVE('',#1897,#1758,#1139,.T.);
#2393=EDGE_CURVE('',#1898,#1765,#1140,.T.);
#2394=EDGE_CURVE('',#1899,#1890,#1141,.T.);
#2395=EDGE_CURVE('',#1900,#1728,#1142,.T.);
#2396=EDGE_CURVE('',#1901,#1726,#1143,.T.);
#2397=EDGE_CURVE('',#1902,#1903,#1144,.T.);
#2398=EDGE_CURVE('',#1904,#1902,#1145,.T.);
#2399=EDGE_CURVE('',#1904,#1905,#1146,.T.);
#2400=EDGE_CURVE('',#1905,#1906,#1147,.T.);
#2401=EDGE_CURVE('',#1907,#1906,#1148,.T.);
#2402=EDGE_CURVE('',#1903,#1907,#1149,.T.);
#2403=EDGE_CURVE('',#1908,#1904,#1150,.T.);
#2404=EDGE_CURVE('',#1908,#1909,#1151,.T.);
#2405=EDGE_CURVE('',#1909,#1905,#1152,.T.);
#2406=EDGE_CURVE('',#1910,#1911,#1153,.T.);
#2407=EDGE_CURVE('',#1912,#1910,#1154,.T.);
#2408=EDGE_CURVE('',#1913,#1912,#1155,.T.);
#2409=EDGE_CURVE('',#1913,#1909,#1156,.T.);
#2410=EDGE_CURVE('',#1911,#1908,#1157,.T.);
#2411=EDGE_CURVE('',#1906,#1913,#1158,.T.);
#2412=EDGE_CURVE('',#1914,#1915,#1159,.T.);
#2413=EDGE_CURVE('',#1916,#1914,#1160,.T.);
#2414=EDGE_CURVE('',#1916,#1917,#1161,.T.);
#2415=EDGE_CURVE('',#1917,#1918,#1162,.T.);
#2416=EDGE_CURVE('',#1919,#1918,#1163,.T.);
#2417=EDGE_CURVE('',#1915,#1919,#1164,.T.);
#2418=EDGE_CURVE('',#1920,#1916,#1165,.T.);
#2419=EDGE_CURVE('',#1920,#1921,#1166,.T.);
#2420=EDGE_CURVE('',#1921,#1917,#1167,.T.);
#2421=EDGE_CURVE('',#1922,#1923,#1168,.T.);
#2422=EDGE_CURVE('',#1924,#1922,#1169,.T.);
#2423=EDGE_CURVE('',#1925,#1924,#1170,.T.);
#2424=EDGE_CURVE('',#1925,#1921,#1171,.T.);
#2425=EDGE_CURVE('',#1923,#1920,#1172,.T.);
#2426=EDGE_CURVE('',#1918,#1925,#1173,.T.);
#2427=EDGE_CURVE('',#1926,#1911,#1174,.T.);
#2428=EDGE_CURVE('',#1926,#1927,#1175,.T.);
#2429=EDGE_CURVE('',#1927,#1928,#1176,.T.);
#2430=EDGE_CURVE('',#1929,#1928,#1177,.T.);
#2431=EDGE_CURVE('',#1929,#1910,#1178,.T.);
#2432=EDGE_CURVE('',#1903,#1930,#1179,.T.);
#2433=EDGE_CURVE('',#1930,#1931,#1180,.T.);
#2434=EDGE_CURVE('',#1902,#1931,#1181,.T.);
#2435=EDGE_CURVE('',#1932,#1929,#887,.T.);
#2436=EDGE_CURVE('',#1933,#1932,#888,.T.);
#2437=EDGE_CURVE('',#1912,#1933,#1182,.T.);
#2438=EDGE_CURVE('',#1934,#1907,#1183,.T.);
#2439=EDGE_CURVE('',#1935,#1934,#889,.T.);
#2440=EDGE_CURVE('',#1936,#1935,#890,.T.);
#2441=EDGE_CURVE('',#1930,#1936,#891,.T.);
#2442=EDGE_CURVE('',#1937,#1933,#1184,.T.);
#2443=EDGE_CURVE('',#1938,#1937,#1185,.T.);
#2444=EDGE_CURVE('',#1934,#1938,#1186,.T.);
#2445=EDGE_CURVE('',#1923,#1939,#1187,.T.);
#2446=EDGE_CURVE('',#1940,#1939,#1188,.T.);
#2447=EDGE_CURVE('',#1940,#1922,#1189,.T.);
#2448=EDGE_CURVE('',#1915,#1941,#1190,.T.);
#2449=EDGE_CURVE('',#1942,#1941,#1191,.T.);
#2450=EDGE_CURVE('',#1943,#1942,#1192,.T.);
#2451=EDGE_CURVE('',#1943,#1944,#1193,.T.);
#2452=EDGE_CURVE('',#1944,#1914,#1194,.T.);
#2453=EDGE_CURVE('',#1945,#1940,#892,.T.);
#2454=EDGE_CURVE('',#1945,#1946,#893,.F.);
#2455=EDGE_CURVE('',#1947,#1946,#894,.T.);
#2456=EDGE_CURVE('',#1947,#1924,#1195,.T.);
#2457=EDGE_CURVE('',#1919,#1948,#1196,.T.);
#2458=EDGE_CURVE('',#1949,#1948,#895,.T.);
#2459=EDGE_CURVE('',#1941,#1949,#896,.T.);
#2460=EDGE_CURVE('',#1950,#1947,#1197,.T.);
#2461=EDGE_CURVE('',#1951,#1950,#1198,.T.);
#2462=EDGE_CURVE('',#1948,#1951,#1199,.T.);
#2463=EDGE_CURVE('',#1952,#1953,#15,.T.);
#2464=EDGE_CURVE('',#1953,#1954,#1200,.T.);
#2465=EDGE_CURVE('',#1954,#1955,#1201,.T.);
#2466=EDGE_CURVE('',#1955,#1956,#1202,.T.);
#2467=EDGE_CURVE('',#1956,#1952,#1203,.T.);
#2468=EDGE_CURVE('',#1956,#1957,#1204,.T.);
#2469=EDGE_CURVE('',#1958,#1957,#1205,.T.);
#2470=EDGE_CURVE('',#1958,#1959,#16,.T.);
#2471=EDGE_CURVE('',#1959,#1960,#1206,.T.);
#2472=EDGE_CURVE('',#1960,#1952,#17,.T.);
#2473=EDGE_CURVE('',#1961,#1955,#1207,.T.);
#2474=EDGE_CURVE('',#1957,#1961,#1208,.T.);
#2475=EDGE_CURVE('',#1962,#1954,#1209,.T.);
#2476=EDGE_CURVE('',#1962,#1963,#1210,.T.);
#2477=EDGE_CURVE('',#1963,#1964,#1211,.T.);
#2478=EDGE_CURVE('',#1961,#1964,#1212,.T.);
#2479=EDGE_CURVE('',#1964,#1965,#1213,.T.);
#2480=EDGE_CURVE('',#1965,#1958,#18,.T.);
#2481=EDGE_CURVE('',#1966,#1967,#1214,.T.);
#2482=EDGE_CURVE('',#1967,#1968,#1215,.T.);
#2483=EDGE_CURVE('',#1968,#1969,#1216,.T.);
#2484=EDGE_CURVE('',#1969,#1970,#19,.T.);
#2485=EDGE_CURVE('',#1970,#1971,#1217,.T.);
#2486=EDGE_CURVE('',#1971,#1966,#20,.T.);
#2487=EDGE_CURVE('',#1972,#1970,#1218,.T.);
#2488=EDGE_CURVE('',#1972,#1973,#1219,.T.);
#2489=EDGE_CURVE('',#1971,#1973,#1220,.T.);
#2490=EDGE_CURVE('',#1974,#1969,#21,.T.);
#2491=EDGE_CURVE('',#1975,#1974,#1221,.T.);
#2492=EDGE_CURVE('',#1975,#1972,#897,.T.);
#2493=EDGE_CURVE('',#1968,#1976,#1222,.T.);
#2494=EDGE_CURVE('',#1977,#1976,#1223,.T.);
#2495=EDGE_CURVE('',#1977,#1978,#22,.T.);
#2496=EDGE_CURVE('',#1974,#1978,#1224,.T.);
#2497=EDGE_CURVE('',#1979,#1980,#23,.T.);
#2498=EDGE_CURVE('',#1980,#1981,#1225,.T.);
#2499=EDGE_CURVE('',#1981,#1977,#24,.T.);
#2500=EDGE_CURVE('',#1976,#1982,#1226,.T.);
#2501=EDGE_CURVE('',#1982,#1979,#1227,.T.);
#2502=EDGE_CURVE('',#1983,#1980,#1228,.T.);
#2503=EDGE_CURVE('',#1984,#1983,#1229,.T.);
#2504=EDGE_CURVE('',#1981,#1984,#1230,.T.);
#2505=EDGE_CURVE('',#1985,#1979,#25,.T.);
#2506=EDGE_CURVE('',#1986,#1985,#1231,.T.);
#2507=EDGE_CURVE('',#1986,#1983,#898,.T.);
#2508=EDGE_CURVE('',#1966,#1987,#26,.T.);
#2509=EDGE_CURVE('',#1987,#1985,#1232,.T.);
#2510=EDGE_CURVE('',#1982,#1967,#1233,.T.);
#2511=EDGE_CURVE('',#1988,#1989,#27,.T.);
#2512=EDGE_CURVE('',#1989,#1990,#1234,.T.);
#2513=EDGE_CURVE('',#1990,#1991,#1235,.T.);
#2514=EDGE_CURVE('',#1991,#1992,#1236,.T.);
#2515=EDGE_CURVE('',#1992,#1988,#1237,.T.);
#2516=EDGE_CURVE('',#1993,#1994,#1238,.T.);
#2517=EDGE_CURVE('',#1994,#1991,#899,.T.);
#2518=EDGE_CURVE('',#1990,#1993,#900,.T.);
#2519=EDGE_CURVE('',#1995,#1996,#1239,.T.);
#2520=EDGE_CURVE('',#1996,#1994,#1240,.T.);
#2521=EDGE_CURVE('',#1993,#1995,#1241,.T.);
#2522=EDGE_CURVE('',#1997,#1998,#1242,.T.);
#2523=EDGE_CURVE('',#1998,#1996,#901,.T.);
#2524=EDGE_CURVE('',#1995,#1997,#902,.T.);
#2525=EDGE_CURVE('',#1999,#2000,#1243,.T.);
#2526=EDGE_CURVE('',#2000,#1998,#1244,.T.);
#2527=EDGE_CURVE('',#1997,#2001,#1245,.T.);
#2528=EDGE_CURVE('',#2001,#1999,#28,.T.);
#2529=EDGE_CURVE('',#1992,#2000,#1246,.T.);
#2530=EDGE_CURVE('',#1999,#2002,#29,.T.);
#2531=EDGE_CURVE('',#2003,#2002,#1247,.T.);
#2532=EDGE_CURVE('',#2003,#1988,#30,.T.);
#2533=EDGE_CURVE('',#1965,#2004,#1248,.T.);
#2534=EDGE_CURVE('',#2004,#2005,#903,.T.);
#2535=EDGE_CURVE('',#2005,#1959,#1249,.T.);
#2536=EDGE_CURVE('',#2001,#2006,#1250,.T.);
#2537=EDGE_CURVE('',#2006,#2007,#904,.T.);
#2538=EDGE_CURVE('',#2007,#2002,#1251,.T.);
#2539=EDGE_CURVE('',#1974,#1959,#1252,.T.);
#2540=EDGE_CURVE('',#1960,#1978,#1253,.T.);
#2541=EDGE_CURVE('',#2003,#1987,#1254,.T.);
#2542=EDGE_CURVE('',#1985,#2002,#1255,.T.);
#2543=EDGE_CURVE('',#1975,#2005,#1256,.T.);
#2544=EDGE_CURVE('',#1986,#2007,#1257,.T.);
#2545=EDGE_CURVE('',#2008,#2003,#1258,.T.);
#2546=EDGE_CURVE('',#2008,#2009,#905,.T.);
#2547=EDGE_CURVE('',#2009,#1989,#1259,.T.);
#2548=EDGE_CURVE('',#2009,#2010,#1260,.T.);
#2549=EDGE_CURVE('',#1990,#2010,#1261,.T.);
#2550=EDGE_CURVE('',#2011,#1931,#906,.T.);
#2551=EDGE_CURVE('',#2012,#2011,#1262,.T.);
#2552=EDGE_CURVE('',#2012,#2010,#907,.T.);
#2553=EDGE_CURVE('',#2008,#2013,#1263,.T.);
#2554=EDGE_CURVE('',#1973,#2013,#908,.T.);
#2555=EDGE_CURVE('',#2014,#2004,#1264,.T.);
#2556=EDGE_CURVE('',#2014,#1926,#1265,.T.);
#2557=EDGE_CURVE('',#2013,#1987,#1266,.T.);
#2558=EDGE_CURVE('',#2015,#1960,#1267,.T.);
#2559=EDGE_CURVE('',#2015,#2016,#909,.T.);
#2560=EDGE_CURVE('',#2016,#1953,#1268,.T.);
#2561=EDGE_CURVE('',#2017,#2016,#1269,.T.);
#2562=EDGE_CURVE('',#2017,#2018,#1270,.T.);
#2563=EDGE_CURVE('',#2018,#1962,#1271,.T.);
#2564=EDGE_CURVE('',#1944,#2017,#1272,.T.);
#2565=EDGE_CURVE('',#2015,#2019,#1273,.T.);
#2566=EDGE_CURVE('',#1984,#2019,#910,.T.);
#2567=EDGE_CURVE('',#2006,#2020,#1274,.T.);
#2568=EDGE_CURVE('',#2020,#2021,#911,.T.);
#2569=EDGE_CURVE('',#2022,#2021,#1275,.T.);
#2570=EDGE_CURVE('',#1939,#2022,#912,.T.);
#2571=EDGE_CURVE('',#2019,#1978,#1276,.T.);
#2572=EDGE_CURVE('',#1997,#2020,#1277,.T.);
#2573=EDGE_CURVE('',#1963,#2023,#1278,.T.);
#2574=EDGE_CURVE('',#2023,#2014,#1279,.T.);
#2575=EDGE_CURVE('',#2024,#1950,#913,.F.);
#2576=EDGE_CURVE('',#2024,#1946,#1280,.T.);
#2577=EDGE_CURVE('',#1945,#2025,#1281,.T.);
#2578=EDGE_CURVE('',#2024,#2025,#914,.T.);
#2579=EDGE_CURVE('',#1951,#2026,#915,.F.);
#2580=EDGE_CURVE('',#1949,#2026,#1282,.T.);
#2581=EDGE_CURVE('',#1942,#2026,#916,.T.);
#2582=EDGE_CURVE('',#2027,#1932,#1283,.T.);
#2583=EDGE_CURVE('',#2027,#1937,#917,.F.);
#2584=EDGE_CURVE('',#2027,#1928,#918,.T.);
#2585=EDGE_CURVE('',#1938,#2028,#919,.F.);
#2586=EDGE_CURVE('',#1935,#2028,#1284,.T.);
#2587=EDGE_CURVE('',#2029,#2028,#920,.T.);
#2588=EDGE_CURVE('',#2029,#1936,#1285,.T.);
#2589=EDGE_CURVE('',#2025,#2030,#921,.T.);
#2590=EDGE_CURVE('',#2030,#2031,#1286,.T.);
#2591=EDGE_CURVE('',#2031,#2032,#1287,.T.);
#2592=EDGE_CURVE('',#2032,#2033,#1288,.T.);
#2593=EDGE_CURVE('',#2033,#2029,#922,.T.);
#2594=EDGE_CURVE('',#2023,#1927,#1289,.T.);
#2595=EDGE_CURVE('',#1943,#2018,#1290,.T.);
#2596=EDGE_CURVE('',#2034,#2034,#923,.T.);
#2597=EDGE_CURVE('',#2035,#2035,#924,.T.);
#2598=EDGE_CURVE('',#2036,#2036,#925,.T.);
#2599=EDGE_CURVE('',#2037,#2037,#926,.T.);
#2600=EDGE_CURVE('',#1993,#2038,#1291,.T.);
#2601=EDGE_CURVE('',#2038,#2039,#1292,.T.);
#2602=EDGE_CURVE('',#2040,#2039,#927,.T.);
#2603=EDGE_CURVE('',#2040,#2041,#1293,.T.);
#2604=EDGE_CURVE('',#2042,#2041,#928,.T.);
#2605=EDGE_CURVE('',#2042,#2043,#1294,.T.);
#2606=EDGE_CURVE('',#2044,#2043,#929,.T.);
#2607=EDGE_CURVE('',#2044,#2045,#1295,.T.);
#2608=EDGE_CURVE('',#2045,#1995,#1296,.T.);
#2609=EDGE_CURVE('',#2045,#2046,#1297,.T.);
#2610=EDGE_CURVE('',#2022,#2046,#1298,.T.);
#2611=EDGE_CURVE('',#2021,#2045,#1299,.T.);
#2612=EDGE_CURVE('',#2030,#2046,#1300,.T.);
#2613=EDGE_CURVE('',#2046,#2047,#1301,.T.);
#2614=EDGE_CURVE('',#2031,#2047,#1302,.T.);
#2615=EDGE_CURVE('',#2048,#2033,#1303,.T.);
#2616=EDGE_CURVE('',#2011,#2048,#1304,.T.);
#2617=EDGE_CURVE('',#2038,#2048,#1305,.T.);
#2618=EDGE_CURVE('',#2012,#2038,#1306,.T.);
#2619=EDGE_CURVE('',#2049,#2050,#91,.T.);
#2620=EDGE_CURVE('',#2050,#2051,#92,.F.);
#2621=EDGE_CURVE('',#2051,#2052,#93,.T.);
#2622=EDGE_CURVE('',#2052,#2049,#94,.T.);
#2623=EDGE_CURVE('',#2052,#2053,#95,.T.);
#2624=EDGE_CURVE('',#2053,#2054,#96,.F.);
#2625=EDGE_CURVE('',#2054,#2049,#97,.T.);
#2626=EDGE_CURVE('',#2050,#2055,#1307,.T.);
#2627=EDGE_CURVE('',#2039,#2054,#1308,.T.);
#2628=EDGE_CURVE('',#2048,#2056,#1309,.T.);
#2629=EDGE_CURVE('',#2055,#2056,#1310,.T.);
#2630=EDGE_CURVE('',#2057,#2058,#98,.T.);
#2631=EDGE_CURVE('',#2058,#2059,#99,.F.);
#2632=EDGE_CURVE('',#2059,#2060,#100,.T.);
#2633=EDGE_CURVE('',#2060,#2057,#101,.T.);
#2634=EDGE_CURVE('',#2060,#2061,#102,.T.);
#2635=EDGE_CURVE('',#2061,#2062,#103,.F.);
#2636=EDGE_CURVE('',#2062,#2057,#104,.T.);
#2637=EDGE_CURVE('',#2058,#2051,#930,.T.);
#2638=EDGE_CURVE('',#2052,#2057,#931,.T.);
#2639=EDGE_CURVE('',#2053,#2062,#932,.T.);
#2640=EDGE_CURVE('',#2063,#2064,#105,.T.);
#2641=EDGE_CURVE('',#2064,#2065,#106,.F.);
#2642=EDGE_CURVE('',#2065,#2066,#107,.T.);
#2643=EDGE_CURVE('',#2066,#2063,#108,.T.);
#2644=EDGE_CURVE('',#2066,#2067,#109,.T.);
#2645=EDGE_CURVE('',#2067,#2068,#110,.F.);
#2646=EDGE_CURVE('',#2068,#2063,#111,.T.);
#2647=EDGE_CURVE('',#2059,#2069,#1311,.T.);
#2648=EDGE_CURVE('',#2070,#2069,#1312,.T.);
#2649=EDGE_CURVE('',#2064,#2070,#1313,.T.);
#2650=EDGE_CURVE('',#2041,#2068,#1314,.T.);
#2651=EDGE_CURVE('',#2040,#2061,#1315,.T.);
#2652=EDGE_CURVE('',#2071,#2072,#112,.T.);
#2653=EDGE_CURVE('',#2072,#2073,#113,.F.);
#2654=EDGE_CURVE('',#2073,#2074,#114,.T.);
#2655=EDGE_CURVE('',#2074,#2071,#115,.T.);
#2656=EDGE_CURVE('',#2074,#2075,#116,.T.);
#2657=EDGE_CURVE('',#2075,#2076,#117,.F.);
#2658=EDGE_CURVE('',#2076,#2071,#118,.T.);
#2659=EDGE_CURVE('',#2072,#2065,#933,.T.);
#2660=EDGE_CURVE('',#2066,#2071,#934,.T.);
#2661=EDGE_CURVE('',#2067,#2076,#935,.T.);
#2662=EDGE_CURVE('',#2077,#2078,#119,.T.);
#2663=EDGE_CURVE('',#2078,#2079,#120,.F.);
#2664=EDGE_CURVE('',#2079,#2080,#121,.T.);
#2665=EDGE_CURVE('',#2080,#2077,#122,.T.);
#2666=EDGE_CURVE('',#2080,#2081,#123,.T.);
#2667=EDGE_CURVE('',#2081,#2082,#124,.F.);
#2668=EDGE_CURVE('',#2082,#2077,#125,.T.);
#2669=EDGE_CURVE('',#2083,#2077,#936,.T.);
#2670=EDGE_CURVE('',#2084,#2083,#126,.T.);
#2671=EDGE_CURVE('',#2078,#2084,#937,.T.);
#2672=EDGE_CURVE('',#2085,#2082,#938,.T.);
#2673=EDGE_CURVE('',#2083,#2085,#127,.T.);
#2674=EDGE_CURVE('',#2086,#2087,#128,.T.);
#2675=EDGE_CURVE('',#2087,#2084,#129,.F.);
#2676=EDGE_CURVE('',#2083,#2086,#130,.T.);
#2677=EDGE_CURVE('',#2085,#2088,#131,.F.);
#2678=EDGE_CURVE('',#2088,#2086,#132,.T.);
#2679=EDGE_CURVE('',#2073,#2089,#1316,.T.);
#2680=EDGE_CURVE('',#2090,#2089,#1317,.T.);
#2681=EDGE_CURVE('',#2087,#2090,#1318,.T.);
#2682=EDGE_CURVE('',#2043,#2088,#1319,.T.);
#2683=EDGE_CURVE('',#2042,#2075,#1320,.T.);
#2684=EDGE_CURVE('',#2044,#2081,#1321,.T.);
#2685=EDGE_CURVE('',#2056,#2032,#1322,.T.);
#2686=EDGE_CURVE('',#2069,#2055,#939,.T.);
#2687=EDGE_CURVE('',#2089,#2070,#940,.T.);
#2688=EDGE_CURVE('',#2091,#2090,#941,.T.);
#2689=EDGE_CURVE('',#2079,#2091,#1323,.T.);
#2690=EDGE_CURVE('',#2047,#2091,#1324,.T.);
#2691=EDGE_CURVE('',#2092,#2092,#942,.T.);
#2692=EDGE_CURVE('',#2092,#2093,#1325,.T.);
#2693=EDGE_CURVE('',#2093,#2093,#943,.T.);
#2694=EDGE_CURVE('',#2093,#2037,#1326,.T.);
#2695=EDGE_CURVE('',#2094,#2094,#944,.T.);
#2696=EDGE_CURVE('',#2094,#2095,#1327,.T.);
#2697=EDGE_CURVE('',#2095,#2095,#945,.T.);
#2698=EDGE_CURVE('',#2095,#2035,#1328,.T.);
#2699=EDGE_CURVE('',#2096,#2096,#946,.T.);
#2700=EDGE_CURVE('',#2096,#2097,#1329,.T.);
#2701=EDGE_CURVE('',#2097,#2097,#947,.T.);
#2702=EDGE_CURVE('',#2097,#2034,#1330,.T.);
#2703=EDGE_CURVE('',#2098,#2098,#948,.T.);
#2704=EDGE_CURVE('',#2098,#2099,#1331,.T.);
#2705=EDGE_CURVE('',#2099,#2099,#949,.T.);
#2706=EDGE_CURVE('',#2099,#2036,#1332,.T.);
#2707=ORIENTED_EDGE('',*,*,#2100,.T.);
#2708=ORIENTED_EDGE('',*,*,#2101,.T.);
#2709=ORIENTED_EDGE('',*,*,#2102,.T.);
#2710=ORIENTED_EDGE('',*,*,#2103,.T.);
#2711=ORIENTED_EDGE('',*,*,#2104,.T.);
#2712=ORIENTED_EDGE('',*,*,#2105,.T.);
#2713=ORIENTED_EDGE('',*,*,#2100,.F.);
#2714=ORIENTED_EDGE('',*,*,#2106,.T.);
#2715=ORIENTED_EDGE('',*,*,#2107,.T.);
#2716=ORIENTED_EDGE('',*,*,#2108,.T.);
#2717=ORIENTED_EDGE('',*,*,#2104,.F.);
#2718=ORIENTED_EDGE('',*,*,#2109,.T.);
#2719=ORIENTED_EDGE('',*,*,#2110,.T.);
#2720=ORIENTED_EDGE('',*,*,#2111,.T.);
#2721=ORIENTED_EDGE('',*,*,#2107,.F.);
#2722=ORIENTED_EDGE('',*,*,#2112,.T.);
#2723=ORIENTED_EDGE('',*,*,#2113,.T.);
#2724=ORIENTED_EDGE('',*,*,#2114,.T.);
#2725=ORIENTED_EDGE('',*,*,#2110,.F.);
#2726=ORIENTED_EDGE('',*,*,#2115,.T.);
#2727=ORIENTED_EDGE('',*,*,#2116,.T.);
#2728=ORIENTED_EDGE('',*,*,#2117,.T.);
#2729=ORIENTED_EDGE('',*,*,#2113,.F.);
#2730=ORIENTED_EDGE('',*,*,#2118,.T.);
#2731=ORIENTED_EDGE('',*,*,#2119,.T.);
#2732=ORIENTED_EDGE('',*,*,#2120,.T.);
#2733=ORIENTED_EDGE('',*,*,#2116,.F.);
#2734=ORIENTED_EDGE('',*,*,#2121,.T.);
#2735=ORIENTED_EDGE('',*,*,#2102,.F.);
#2736=ORIENTED_EDGE('',*,*,#2122,.T.);
#2737=ORIENTED_EDGE('',*,*,#2119,.F.);
#2738=ORIENTED_EDGE('',*,*,#2123,.T.);
#2739=ORIENTED_EDGE('',*,*,#2112,.F.);
#2740=ORIENTED_EDGE('',*,*,#2124,.F.);
#2741=ORIENTED_EDGE('',*,*,#2125,.F.);
#2742=ORIENTED_EDGE('',*,*,#2126,.T.);
#2743=ORIENTED_EDGE('',*,*,#2127,.F.);
#2744=ORIENTED_EDGE('',*,*,#2128,.T.);
#2745=ORIENTED_EDGE('',*,*,#2129,.F.);
#2746=ORIENTED_EDGE('',*,*,#2130,.T.);
#2747=ORIENTED_EDGE('',*,*,#2131,.F.);
#2748=ORIENTED_EDGE('',*,*,#2132,.T.);
#2749=ORIENTED_EDGE('',*,*,#2133,.F.);
#2750=ORIENTED_EDGE('',*,*,#2134,.F.);
#2751=ORIENTED_EDGE('',*,*,#2135,.F.);
#2752=ORIENTED_EDGE('',*,*,#2136,.T.);
#2753=ORIENTED_EDGE('',*,*,#2109,.F.);
#2754=ORIENTED_EDGE('',*,*,#2137,.F.);
#2755=ORIENTED_EDGE('',*,*,#2138,.T.);
#2756=ORIENTED_EDGE('',*,*,#2124,.T.);
#2757=ORIENTED_EDGE('',*,*,#2106,.F.);
#2758=ORIENTED_EDGE('',*,*,#2139,.F.);
#2759=ORIENTED_EDGE('',*,*,#2140,.T.);
#2760=ORIENTED_EDGE('',*,*,#2137,.T.);
#2761=ORIENTED_EDGE('',*,*,#2103,.F.);
#2762=ORIENTED_EDGE('',*,*,#2141,.F.);
#2763=ORIENTED_EDGE('',*,*,#2142,.F.);
#2764=ORIENTED_EDGE('',*,*,#2143,.T.);
#2765=ORIENTED_EDGE('',*,*,#2139,.T.);
#2766=ORIENTED_EDGE('',*,*,#2101,.F.);
#2767=ORIENTED_EDGE('',*,*,#2105,.F.);
#2768=ORIENTED_EDGE('',*,*,#2108,.F.);
#2769=ORIENTED_EDGE('',*,*,#2111,.F.);
#2770=ORIENTED_EDGE('',*,*,#2114,.F.);
#2771=ORIENTED_EDGE('',*,*,#2117,.F.);
#2772=ORIENTED_EDGE('',*,*,#2120,.F.);
#2773=ORIENTED_EDGE('',*,*,#2122,.F.);
#2774=ORIENTED_EDGE('',*,*,#2144,.T.);
#2775=ORIENTED_EDGE('',*,*,#2145,.T.);
#2776=ORIENTED_EDGE('',*,*,#2146,.T.);
#2777=ORIENTED_EDGE('',*,*,#2147,.T.);
#2778=ORIENTED_EDGE('',*,*,#2148,.T.);
#2779=ORIENTED_EDGE('',*,*,#2149,.T.);
#2780=ORIENTED_EDGE('',*,*,#2144,.F.);
#2781=ORIENTED_EDGE('',*,*,#2150,.T.);
#2782=ORIENTED_EDGE('',*,*,#2151,.T.);
#2783=ORIENTED_EDGE('',*,*,#2152,.T.);
#2784=ORIENTED_EDGE('',*,*,#2148,.F.);
#2785=ORIENTED_EDGE('',*,*,#2153,.T.);
#2786=ORIENTED_EDGE('',*,*,#2154,.T.);
#2787=ORIENTED_EDGE('',*,*,#2155,.T.);
#2788=ORIENTED_EDGE('',*,*,#2151,.F.);
#2789=ORIENTED_EDGE('',*,*,#2156,.T.);
#2790=ORIENTED_EDGE('',*,*,#2157,.T.);
#2791=ORIENTED_EDGE('',*,*,#2158,.T.);
#2792=ORIENTED_EDGE('',*,*,#2154,.F.);
#2793=ORIENTED_EDGE('',*,*,#2159,.T.);
#2794=ORIENTED_EDGE('',*,*,#2160,.T.);
#2795=ORIENTED_EDGE('',*,*,#2161,.T.);
#2796=ORIENTED_EDGE('',*,*,#2157,.F.);
#2797=ORIENTED_EDGE('',*,*,#2162,.T.);
#2798=ORIENTED_EDGE('',*,*,#2163,.T.);
#2799=ORIENTED_EDGE('',*,*,#2164,.T.);
#2800=ORIENTED_EDGE('',*,*,#2160,.F.);
#2801=ORIENTED_EDGE('',*,*,#2165,.T.);
#2802=ORIENTED_EDGE('',*,*,#2146,.F.);
#2803=ORIENTED_EDGE('',*,*,#2166,.T.);
#2804=ORIENTED_EDGE('',*,*,#2163,.F.);
#2805=ORIENTED_EDGE('',*,*,#2167,.T.);
#2806=ORIENTED_EDGE('',*,*,#2156,.F.);
#2807=ORIENTED_EDGE('',*,*,#2168,.F.);
#2808=ORIENTED_EDGE('',*,*,#2169,.T.);
#2809=ORIENTED_EDGE('',*,*,#2170,.T.);
#2810=ORIENTED_EDGE('',*,*,#2153,.F.);
#2811=ORIENTED_EDGE('',*,*,#2171,.F.);
#2812=ORIENTED_EDGE('',*,*,#2172,.T.);
#2813=ORIENTED_EDGE('',*,*,#2173,.T.);
#2814=ORIENTED_EDGE('',*,*,#2168,.T.);
#2815=ORIENTED_EDGE('',*,*,#2150,.F.);
#2816=ORIENTED_EDGE('',*,*,#2174,.F.);
#2817=ORIENTED_EDGE('',*,*,#2175,.T.);
#2818=ORIENTED_EDGE('',*,*,#2171,.T.);
#2819=ORIENTED_EDGE('',*,*,#2147,.F.);
#2820=ORIENTED_EDGE('',*,*,#2176,.F.);
#2821=ORIENTED_EDGE('',*,*,#2177,.F.);
#2822=ORIENTED_EDGE('',*,*,#2178,.T.);
#2823=ORIENTED_EDGE('',*,*,#2174,.T.);
#2824=ORIENTED_EDGE('',*,*,#2145,.F.);
#2825=ORIENTED_EDGE('',*,*,#2149,.F.);
#2826=ORIENTED_EDGE('',*,*,#2152,.F.);
#2827=ORIENTED_EDGE('',*,*,#2155,.F.);
#2828=ORIENTED_EDGE('',*,*,#2158,.F.);
#2829=ORIENTED_EDGE('',*,*,#2161,.F.);
#2830=ORIENTED_EDGE('',*,*,#2164,.F.);
#2831=ORIENTED_EDGE('',*,*,#2166,.F.);
#2832=ORIENTED_EDGE('',*,*,#2179,.T.);
#2833=ORIENTED_EDGE('',*,*,#2180,.T.);
#2834=ORIENTED_EDGE('',*,*,#2181,.T.);
#2835=ORIENTED_EDGE('',*,*,#2182,.F.);
#2836=ORIENTED_EDGE('',*,*,#2183,.T.);
#2837=ORIENTED_EDGE('',*,*,#2184,.T.);
#2838=ORIENTED_EDGE('',*,*,#2185,.T.);
#2839=ORIENTED_EDGE('',*,*,#2182,.T.);
#2840=ORIENTED_EDGE('',*,*,#2186,.T.);
#2841=ORIENTED_EDGE('',*,*,#2187,.T.);
#2842=ORIENTED_EDGE('',*,*,#2184,.F.);
#2843=ORIENTED_EDGE('',*,*,#2188,.T.);
#2844=ORIENTED_EDGE('',*,*,#2189,.T.);
#2845=ORIENTED_EDGE('',*,*,#2190,.T.);
#2846=ORIENTED_EDGE('',*,*,#2186,.F.);
#2847=ORIENTED_EDGE('',*,*,#2191,.T.);
#2848=ORIENTED_EDGE('',*,*,#2192,.T.);
#2849=ORIENTED_EDGE('',*,*,#2193,.T.);
#2850=ORIENTED_EDGE('',*,*,#2189,.F.);
#2851=ORIENTED_EDGE('',*,*,#2194,.T.);
#2852=ORIENTED_EDGE('',*,*,#2195,.T.);
#2853=ORIENTED_EDGE('',*,*,#2192,.F.);
#2854=ORIENTED_EDGE('',*,*,#2196,.T.);
#2855=ORIENTED_EDGE('',*,*,#2180,.F.);
#2856=ORIENTED_EDGE('',*,*,#2188,.F.);
#2857=ORIENTED_EDGE('',*,*,#2197,.F.);
#2858=ORIENTED_EDGE('',*,*,#2198,.T.);
#2859=ORIENTED_EDGE('',*,*,#2199,.T.);
#2860=ORIENTED_EDGE('',*,*,#2200,.T.);
#2861=ORIENTED_EDGE('',*,*,#2183,.F.);
#2862=ORIENTED_EDGE('',*,*,#2201,.F.);
#2863=ORIENTED_EDGE('',*,*,#2202,.T.);
#2864=ORIENTED_EDGE('',*,*,#2197,.T.);
#2865=ORIENTED_EDGE('',*,*,#2181,.F.);
#2866=ORIENTED_EDGE('',*,*,#2203,.F.);
#2867=ORIENTED_EDGE('',*,*,#2204,.T.);
#2868=ORIENTED_EDGE('',*,*,#2201,.T.);
#2869=ORIENTED_EDGE('',*,*,#2179,.F.);
#2870=ORIENTED_EDGE('',*,*,#2185,.F.);
#2871=ORIENTED_EDGE('',*,*,#2187,.F.);
#2872=ORIENTED_EDGE('',*,*,#2190,.F.);
#2873=ORIENTED_EDGE('',*,*,#2193,.F.);
#2874=ORIENTED_EDGE('',*,*,#2195,.F.);
#2875=ORIENTED_EDGE('',*,*,#2205,.F.);
#2876=ORIENTED_EDGE('',*,*,#2206,.T.);
#2877=ORIENTED_EDGE('',*,*,#2207,.F.);
#2878=ORIENTED_EDGE('',*,*,#2208,.F.);
#2879=ORIENTED_EDGE('',*,*,#2209,.F.);
#2880=ORIENTED_EDGE('',*,*,#2208,.T.);
#2881=ORIENTED_EDGE('',*,*,#2210,.F.);
#2882=ORIENTED_EDGE('',*,*,#2211,.F.);
#2883=ORIENTED_EDGE('',*,*,#2212,.F.);
#2884=ORIENTED_EDGE('',*,*,#2211,.T.);
#2885=ORIENTED_EDGE('',*,*,#2213,.F.);
#2886=ORIENTED_EDGE('',*,*,#2214,.F.);
#2887=ORIENTED_EDGE('',*,*,#2215,.F.);
#2888=ORIENTED_EDGE('',*,*,#2214,.T.);
#2889=ORIENTED_EDGE('',*,*,#2216,.F.);
#2890=ORIENTED_EDGE('',*,*,#2217,.F.);
#2891=ORIENTED_EDGE('',*,*,#2218,.F.);
#2892=ORIENTED_EDGE('',*,*,#2217,.T.);
#2893=ORIENTED_EDGE('',*,*,#2219,.F.);
#2894=ORIENTED_EDGE('',*,*,#2206,.F.);
#2895=ORIENTED_EDGE('',*,*,#2219,.T.);
#2896=ORIENTED_EDGE('',*,*,#2216,.T.);
#2897=ORIENTED_EDGE('',*,*,#2213,.T.);
#2898=ORIENTED_EDGE('',*,*,#2210,.T.);
#2899=ORIENTED_EDGE('',*,*,#2207,.T.);
#2900=ORIENTED_EDGE('',*,*,#2220,.F.);
#2901=ORIENTED_EDGE('',*,*,#2221,.T.);
#2902=ORIENTED_EDGE('',*,*,#2222,.F.);
#2903=ORIENTED_EDGE('',*,*,#2223,.F.);
#2904=ORIENTED_EDGE('',*,*,#2224,.F.);
#2905=ORIENTED_EDGE('',*,*,#2223,.T.);
#2906=ORIENTED_EDGE('',*,*,#2225,.F.);
#2907=ORIENTED_EDGE('',*,*,#2226,.F.);
#2908=ORIENTED_EDGE('',*,*,#2227,.F.);
#2909=ORIENTED_EDGE('',*,*,#2226,.T.);
#2910=ORIENTED_EDGE('',*,*,#2228,.F.);
#2911=ORIENTED_EDGE('',*,*,#2229,.F.);
#2912=ORIENTED_EDGE('',*,*,#2230,.F.);
#2913=ORIENTED_EDGE('',*,*,#2229,.T.);
#2914=ORIENTED_EDGE('',*,*,#2231,.F.);
#2915=ORIENTED_EDGE('',*,*,#2232,.F.);
#2916=ORIENTED_EDGE('',*,*,#2233,.F.);
#2917=ORIENTED_EDGE('',*,*,#2232,.T.);
#2918=ORIENTED_EDGE('',*,*,#2234,.F.);
#2919=ORIENTED_EDGE('',*,*,#2221,.F.);
#2920=ORIENTED_EDGE('',*,*,#2234,.T.);
#2921=ORIENTED_EDGE('',*,*,#2231,.T.);
#2922=ORIENTED_EDGE('',*,*,#2228,.T.);
#2923=ORIENTED_EDGE('',*,*,#2225,.T.);
#2924=ORIENTED_EDGE('',*,*,#2222,.T.);
#2925=ORIENTED_EDGE('',*,*,#2235,.F.);
#2926=ORIENTED_EDGE('',*,*,#2236,.T.);
#2927=ORIENTED_EDGE('',*,*,#2237,.F.);
#2928=ORIENTED_EDGE('',*,*,#2238,.F.);
#2929=ORIENTED_EDGE('',*,*,#2239,.F.);
#2930=ORIENTED_EDGE('',*,*,#2238,.T.);
#2931=ORIENTED_EDGE('',*,*,#2240,.F.);
#2932=ORIENTED_EDGE('',*,*,#2241,.F.);
#2933=ORIENTED_EDGE('',*,*,#2242,.F.);
#2934=ORIENTED_EDGE('',*,*,#2241,.T.);
#2935=ORIENTED_EDGE('',*,*,#2243,.F.);
#2936=ORIENTED_EDGE('',*,*,#2244,.F.);
#2937=ORIENTED_EDGE('',*,*,#2245,.F.);
#2938=ORIENTED_EDGE('',*,*,#2244,.T.);
#2939=ORIENTED_EDGE('',*,*,#2246,.F.);
#2940=ORIENTED_EDGE('',*,*,#2247,.F.);
#2941=ORIENTED_EDGE('',*,*,#2248,.F.);
#2942=ORIENTED_EDGE('',*,*,#2247,.T.);
#2943=ORIENTED_EDGE('',*,*,#2249,.F.);
#2944=ORIENTED_EDGE('',*,*,#2236,.F.);
#2945=ORIENTED_EDGE('',*,*,#2249,.T.);
#2946=ORIENTED_EDGE('',*,*,#2246,.T.);
#2947=ORIENTED_EDGE('',*,*,#2243,.T.);
#2948=ORIENTED_EDGE('',*,*,#2240,.T.);
#2949=ORIENTED_EDGE('',*,*,#2237,.T.);
#2950=ORIENTED_EDGE('',*,*,#2250,.F.);
#2951=ORIENTED_EDGE('',*,*,#2251,.T.);
#2952=ORIENTED_EDGE('',*,*,#2252,.F.);
#2953=ORIENTED_EDGE('',*,*,#2253,.F.);
#2954=ORIENTED_EDGE('',*,*,#2254,.F.);
#2955=ORIENTED_EDGE('',*,*,#2253,.T.);
#2956=ORIENTED_EDGE('',*,*,#2255,.F.);
#2957=ORIENTED_EDGE('',*,*,#2256,.F.);
#2958=ORIENTED_EDGE('',*,*,#2257,.F.);
#2959=ORIENTED_EDGE('',*,*,#2256,.T.);
#2960=ORIENTED_EDGE('',*,*,#2258,.F.);
#2961=ORIENTED_EDGE('',*,*,#2259,.F.);
#2962=ORIENTED_EDGE('',*,*,#2260,.F.);
#2963=ORIENTED_EDGE('',*,*,#2259,.T.);
#2964=ORIENTED_EDGE('',*,*,#2261,.F.);
#2965=ORIENTED_EDGE('',*,*,#2262,.F.);
#2966=ORIENTED_EDGE('',*,*,#2263,.F.);
#2967=ORIENTED_EDGE('',*,*,#2262,.T.);
#2968=ORIENTED_EDGE('',*,*,#2264,.F.);
#2969=ORIENTED_EDGE('',*,*,#2251,.F.);
#2970=ORIENTED_EDGE('',*,*,#2264,.T.);
#2971=ORIENTED_EDGE('',*,*,#2261,.T.);
#2972=ORIENTED_EDGE('',*,*,#2258,.T.);
#2973=ORIENTED_EDGE('',*,*,#2255,.T.);
#2974=ORIENTED_EDGE('',*,*,#2252,.T.);
#2975=ORIENTED_EDGE('',*,*,#2265,.T.);
#2976=ORIENTED_EDGE('',*,*,#2266,.T.);
#2977=ORIENTED_EDGE('',*,*,#2267,.T.);
#2978=ORIENTED_EDGE('',*,*,#2268,.T.);
#2979=ORIENTED_EDGE('',*,*,#2269,.T.);
#2980=ORIENTED_EDGE('',*,*,#2270,.T.);
#2981=ORIENTED_EDGE('',*,*,#2271,.T.);
#2982=ORIENTED_EDGE('',*,*,#2268,.F.);
#2983=ORIENTED_EDGE('',*,*,#2265,.F.);
#2984=ORIENTED_EDGE('',*,*,#2272,.T.);
#2985=ORIENTED_EDGE('',*,*,#2273,.F.);
#2986=ORIENTED_EDGE('',*,*,#2274,.F.);
#2987=ORIENTED_EDGE('',*,*,#2271,.F.);
#2988=ORIENTED_EDGE('',*,*,#2275,.F.);
#2989=ORIENTED_EDGE('',*,*,#2276,.F.);
#2990=ORIENTED_EDGE('',*,*,#2272,.F.);
#2991=ORIENTED_EDGE('',*,*,#2277,.T.);
#2992=ORIENTED_EDGE('',*,*,#2278,.T.);
#2993=ORIENTED_EDGE('',*,*,#2273,.T.);
#2994=ORIENTED_EDGE('',*,*,#2279,.T.);
#2995=ORIENTED_EDGE('',*,*,#2276,.T.);
#2996=ORIENTED_EDGE('',*,*,#2280,.T.);
#2997=ORIENTED_EDGE('',*,*,#2281,.T.);
#2998=ORIENTED_EDGE('',*,*,#2279,.F.);
#2999=ORIENTED_EDGE('',*,*,#2282,.T.);
#3000=ORIENTED_EDGE('',*,*,#2277,.F.);
#3001=ORIENTED_EDGE('',*,*,#2281,.F.);
#3002=ORIENTED_EDGE('',*,*,#2283,.T.);
#3003=ORIENTED_EDGE('',*,*,#2127,.T.);
#3004=ORIENTED_EDGE('',*,*,#2284,.T.);
#3005=ORIENTED_EDGE('',*,*,#2285,.T.);
#3006=ORIENTED_EDGE('',*,*,#2286,.T.);
#3007=ORIENTED_EDGE('',*,*,#2287,.T.);
#3008=ORIENTED_EDGE('',*,*,#2288,.T.);
#3009=ORIENTED_EDGE('',*,*,#2289,.T.);
#3010=ORIENTED_EDGE('',*,*,#2290,.T.);
#3011=ORIENTED_EDGE('',*,*,#2291,.T.);
#3012=ORIENTED_EDGE('',*,*,#2292,.T.);
#3013=ORIENTED_EDGE('',*,*,#2289,.F.);
#3014=ORIENTED_EDGE('',*,*,#2286,.F.);
#3015=ORIENTED_EDGE('',*,*,#2293,.T.);
#3016=ORIENTED_EDGE('',*,*,#2294,.F.);
#3017=ORIENTED_EDGE('',*,*,#2295,.F.);
#3018=ORIENTED_EDGE('',*,*,#2292,.F.);
#3019=ORIENTED_EDGE('',*,*,#2296,.F.);
#3020=ORIENTED_EDGE('',*,*,#2297,.F.);
#3021=ORIENTED_EDGE('',*,*,#2293,.F.);
#3022=ORIENTED_EDGE('',*,*,#2298,.T.);
#3023=ORIENTED_EDGE('',*,*,#2299,.T.);
#3024=ORIENTED_EDGE('',*,*,#2294,.T.);
#3025=ORIENTED_EDGE('',*,*,#2300,.T.);
#3026=ORIENTED_EDGE('',*,*,#2297,.T.);
#3027=ORIENTED_EDGE('',*,*,#2301,.T.);
#3028=ORIENTED_EDGE('',*,*,#2302,.T.);
#3029=ORIENTED_EDGE('',*,*,#2300,.F.);
#3030=ORIENTED_EDGE('',*,*,#2303,.T.);
#3031=ORIENTED_EDGE('',*,*,#2298,.F.);
#3032=ORIENTED_EDGE('',*,*,#2302,.F.);
#3033=ORIENTED_EDGE('',*,*,#2304,.T.);
#3034=ORIENTED_EDGE('',*,*,#2131,.T.);
#3035=ORIENTED_EDGE('',*,*,#2305,.T.);
#3036=ORIENTED_EDGE('',*,*,#2306,.F.);
#3037=ORIENTED_EDGE('',*,*,#2307,.F.);
#3038=ORIENTED_EDGE('',*,*,#2308,.T.);
#3039=ORIENTED_EDGE('',*,*,#2309,.T.);
#3040=ORIENTED_EDGE('',*,*,#2310,.T.);
#3041=ORIENTED_EDGE('',*,*,#2311,.T.);
#3042=ORIENTED_EDGE('',*,*,#2307,.T.);
#3043=ORIENTED_EDGE('',*,*,#2312,.T.);
#3044=ORIENTED_EDGE('',*,*,#2306,.T.);
#3045=ORIENTED_EDGE('',*,*,#2313,.T.);
#3046=ORIENTED_EDGE('',*,*,#2314,.T.);
#3047=ORIENTED_EDGE('',*,*,#2312,.F.);
#3048=ORIENTED_EDGE('',*,*,#2310,.F.);
#3049=ORIENTED_EDGE('',*,*,#2315,.F.);
#3050=ORIENTED_EDGE('',*,*,#2316,.F.);
#3051=ORIENTED_EDGE('',*,*,#2317,.F.);
#3052=ORIENTED_EDGE('',*,*,#2314,.F.);
#3053=ORIENTED_EDGE('',*,*,#2318,.F.);
#3054=ORIENTED_EDGE('',*,*,#2319,.F.);
#3055=ORIENTED_EDGE('',*,*,#2315,.T.);
#3056=ORIENTED_EDGE('',*,*,#2320,.T.);
#3057=ORIENTED_EDGE('',*,*,#2321,.T.);
#3058=ORIENTED_EDGE('',*,*,#2316,.T.);
#3059=ORIENTED_EDGE('',*,*,#2322,.T.);
#3060=ORIENTED_EDGE('',*,*,#2319,.T.);
#3061=ORIENTED_EDGE('',*,*,#2323,.T.);
#3062=ORIENTED_EDGE('',*,*,#2324,.T.);
#3063=ORIENTED_EDGE('',*,*,#2322,.F.);
#3064=ORIENTED_EDGE('',*,*,#2325,.T.);
#3065=ORIENTED_EDGE('',*,*,#2326,.T.);
#3066=ORIENTED_EDGE('',*,*,#2327,.T.);
#3067=ORIENTED_EDGE('',*,*,#2320,.F.);
#3068=ORIENTED_EDGE('',*,*,#2324,.F.);
#3069=ORIENTED_EDGE('',*,*,#2328,.T.);
#3070=ORIENTED_EDGE('',*,*,#2129,.T.);
#3071=ORIENTED_EDGE('',*,*,#2329,.T.);
#3072=ORIENTED_EDGE('',*,*,#2269,.F.);
#3073=ORIENTED_EDGE('',*,*,#2267,.F.);
#3074=ORIENTED_EDGE('',*,*,#2330,.T.);
#3075=ORIENTED_EDGE('',*,*,#2331,.T.);
#3076=ORIENTED_EDGE('',*,*,#2332,.T.);
#3077=ORIENTED_EDGE('',*,*,#2133,.T.);
#3078=ORIENTED_EDGE('',*,*,#2333,.T.);
#3079=ORIENTED_EDGE('',*,*,#2290,.F.);
#3080=ORIENTED_EDGE('',*,*,#2288,.F.);
#3081=ORIENTED_EDGE('',*,*,#2296,.T.);
#3082=ORIENTED_EDGE('',*,*,#2291,.F.);
#3083=ORIENTED_EDGE('',*,*,#2333,.F.);
#3084=ORIENTED_EDGE('',*,*,#2132,.F.);
#3085=ORIENTED_EDGE('',*,*,#2304,.F.);
#3086=ORIENTED_EDGE('',*,*,#2301,.F.);
#3087=ORIENTED_EDGE('',*,*,#2318,.T.);
#3088=ORIENTED_EDGE('',*,*,#2313,.F.);
#3089=ORIENTED_EDGE('',*,*,#2305,.F.);
#3090=ORIENTED_EDGE('',*,*,#2130,.F.);
#3091=ORIENTED_EDGE('',*,*,#2328,.F.);
#3092=ORIENTED_EDGE('',*,*,#2323,.F.);
#3093=ORIENTED_EDGE('',*,*,#2275,.T.);
#3094=ORIENTED_EDGE('',*,*,#2270,.F.);
#3095=ORIENTED_EDGE('',*,*,#2329,.F.);
#3096=ORIENTED_EDGE('',*,*,#2128,.F.);
#3097=ORIENTED_EDGE('',*,*,#2283,.F.);
#3098=ORIENTED_EDGE('',*,*,#2280,.F.);
#3099=ORIENTED_EDGE('',*,*,#2334,.F.);
#3100=ORIENTED_EDGE('',*,*,#2335,.T.);
#3101=ORIENTED_EDGE('',*,*,#2336,.F.);
#3102=ORIENTED_EDGE('',*,*,#2337,.F.);
#3103=ORIENTED_EDGE('',*,*,#2338,.F.);
#3104=ORIENTED_EDGE('',*,*,#2337,.T.);
#3105=ORIENTED_EDGE('',*,*,#2339,.F.);
#3106=ORIENTED_EDGE('',*,*,#2340,.F.);
#3107=ORIENTED_EDGE('',*,*,#2341,.F.);
#3108=ORIENTED_EDGE('',*,*,#2340,.T.);
#3109=ORIENTED_EDGE('',*,*,#2342,.F.);
#3110=ORIENTED_EDGE('',*,*,#2343,.F.);
#3111=ORIENTED_EDGE('',*,*,#2344,.F.);
#3112=ORIENTED_EDGE('',*,*,#2343,.T.);
#3113=ORIENTED_EDGE('',*,*,#2345,.F.);
#3114=ORIENTED_EDGE('',*,*,#2335,.F.);
#3115=ORIENTED_EDGE('',*,*,#2345,.T.);
#3116=ORIENTED_EDGE('',*,*,#2342,.T.);
#3117=ORIENTED_EDGE('',*,*,#2339,.T.);
#3118=ORIENTED_EDGE('',*,*,#2336,.T.);
#3119=ORIENTED_EDGE('',*,*,#2346,.F.);
#3120=ORIENTED_EDGE('',*,*,#2347,.T.);
#3121=ORIENTED_EDGE('',*,*,#2348,.F.);
#3122=ORIENTED_EDGE('',*,*,#2349,.F.);
#3123=ORIENTED_EDGE('',*,*,#2350,.F.);
#3124=ORIENTED_EDGE('',*,*,#2349,.T.);
#3125=ORIENTED_EDGE('',*,*,#2351,.F.);
#3126=ORIENTED_EDGE('',*,*,#2352,.F.);
#3127=ORIENTED_EDGE('',*,*,#2353,.F.);
#3128=ORIENTED_EDGE('',*,*,#2352,.T.);
#3129=ORIENTED_EDGE('',*,*,#2354,.F.);
#3130=ORIENTED_EDGE('',*,*,#2355,.F.);
#3131=ORIENTED_EDGE('',*,*,#2356,.F.);
#3132=ORIENTED_EDGE('',*,*,#2355,.T.);
#3133=ORIENTED_EDGE('',*,*,#2357,.F.);
#3134=ORIENTED_EDGE('',*,*,#2347,.F.);
#3135=ORIENTED_EDGE('',*,*,#2357,.T.);
#3136=ORIENTED_EDGE('',*,*,#2354,.T.);
#3137=ORIENTED_EDGE('',*,*,#2351,.T.);
#3138=ORIENTED_EDGE('',*,*,#2348,.T.);
#3139=ORIENTED_EDGE('',*,*,#2191,.F.);
#3140=ORIENTED_EDGE('',*,*,#2200,.F.);
#3141=ORIENTED_EDGE('',*,*,#2358,.T.);
#3142=ORIENTED_EDGE('',*,*,#2359,.T.);
#3143=ORIENTED_EDGE('',*,*,#2360,.F.);
#3144=ORIENTED_EDGE('',*,*,#2361,.T.);
#3145=ORIENTED_EDGE('',*,*,#2362,.F.);
#3146=ORIENTED_EDGE('',*,*,#2358,.F.);
#3147=ORIENTED_EDGE('',*,*,#2167,.F.);
#3148=ORIENTED_EDGE('',*,*,#2363,.F.);
#3149=ORIENTED_EDGE('',*,*,#2361,.F.);
#3150=ORIENTED_EDGE('',*,*,#2176,.T.);
#3151=ORIENTED_EDGE('',*,*,#2364,.F.);
#3152=ORIENTED_EDGE('',*,*,#2365,.T.);
#3153=ORIENTED_EDGE('',*,*,#2366,.F.);
#3154=ORIENTED_EDGE('',*,*,#2169,.F.);
#3155=ORIENTED_EDGE('',*,*,#2123,.F.);
#3156=ORIENTED_EDGE('',*,*,#2367,.F.);
#3157=ORIENTED_EDGE('',*,*,#2365,.F.);
#3158=ORIENTED_EDGE('',*,*,#2141,.T.);
#3159=ORIENTED_EDGE('',*,*,#2360,.T.);
#3160=ORIENTED_EDGE('',*,*,#2199,.F.);
#3161=ORIENTED_EDGE('',*,*,#2368,.T.);
#3162=ORIENTED_EDGE('',*,*,#2177,.T.);
#3163=ORIENTED_EDGE('',*,*,#2364,.T.);
#3164=ORIENTED_EDGE('',*,*,#2173,.F.);
#3165=ORIENTED_EDGE('',*,*,#2369,.T.);
#3166=ORIENTED_EDGE('',*,*,#2142,.T.);
#3167=ORIENTED_EDGE('',*,*,#2274,.T.);
#3168=ORIENTED_EDGE('',*,*,#2278,.F.);
#3169=ORIENTED_EDGE('',*,*,#2282,.F.);
#3170=ORIENTED_EDGE('',*,*,#2370,.F.);
#3171=ORIENTED_EDGE('',*,*,#2325,.F.);
#3172=ORIENTED_EDGE('',*,*,#2266,.F.);
#3173=ORIENTED_EDGE('',*,*,#2317,.T.);
#3174=ORIENTED_EDGE('',*,*,#2321,.F.);
#3175=ORIENTED_EDGE('',*,*,#2327,.F.);
#3176=ORIENTED_EDGE('',*,*,#2371,.F.);
#3177=ORIENTED_EDGE('',*,*,#2308,.F.);
#3178=ORIENTED_EDGE('',*,*,#2311,.F.);
#3179=ORIENTED_EDGE('',*,*,#2295,.T.);
#3180=ORIENTED_EDGE('',*,*,#2299,.F.);
#3181=ORIENTED_EDGE('',*,*,#2303,.F.);
#3182=ORIENTED_EDGE('',*,*,#2372,.F.);
#3183=ORIENTED_EDGE('',*,*,#2330,.F.);
#3184=ORIENTED_EDGE('',*,*,#2287,.F.);
#3185=ORIENTED_EDGE('',*,*,#2370,.T.);
#3186=ORIENTED_EDGE('',*,*,#2285,.F.);
#3187=ORIENTED_EDGE('',*,*,#2373,.F.);
#3188=ORIENTED_EDGE('',*,*,#2374,.F.);
#3189=ORIENTED_EDGE('',*,*,#2375,.T.);
#3190=ORIENTED_EDGE('',*,*,#2331,.F.);
#3191=ORIENTED_EDGE('',*,*,#2372,.T.);
#3192=ORIENTED_EDGE('',*,*,#2309,.F.);
#3193=ORIENTED_EDGE('',*,*,#2371,.T.);
#3194=ORIENTED_EDGE('',*,*,#2326,.F.);
#3195=ORIENTED_EDGE('',*,*,#2376,.F.);
#3196=ORIENTED_EDGE('',*,*,#2373,.T.);
#3197=ORIENTED_EDGE('',*,*,#2284,.F.);
#3198=ORIENTED_EDGE('',*,*,#2126,.F.);
#3199=ORIENTED_EDGE('',*,*,#2377,.F.);
#3200=ORIENTED_EDGE('',*,*,#2134,.T.);
#3201=ORIENTED_EDGE('',*,*,#2332,.F.);
#3202=ORIENTED_EDGE('',*,*,#2375,.F.);
#3203=ORIENTED_EDGE('',*,*,#2377,.T.);
#3204=ORIENTED_EDGE('',*,*,#2374,.T.);
#3205=ORIENTED_EDGE('',*,*,#2376,.T.);
#3206=ORIENTED_EDGE('',*,*,#2125,.T.);
#3207=ORIENTED_EDGE('',*,*,#2138,.F.);
#3208=ORIENTED_EDGE('',*,*,#2140,.F.);
#3209=ORIENTED_EDGE('',*,*,#2143,.F.);
#3210=ORIENTED_EDGE('',*,*,#2369,.F.);
#3211=ORIENTED_EDGE('',*,*,#2172,.F.);
#3212=ORIENTED_EDGE('',*,*,#2175,.F.);
#3213=ORIENTED_EDGE('',*,*,#2178,.F.);
#3214=ORIENTED_EDGE('',*,*,#2368,.F.);
#3215=ORIENTED_EDGE('',*,*,#2198,.F.);
#3216=ORIENTED_EDGE('',*,*,#2202,.F.);
#3217=ORIENTED_EDGE('',*,*,#2204,.F.);
#3218=ORIENTED_EDGE('',*,*,#2378,.F.);
#3219=ORIENTED_EDGE('',*,*,#2379,.F.);
#3220=ORIENTED_EDGE('',*,*,#2380,.F.);
#3221=ORIENTED_EDGE('',*,*,#2381,.F.);
#3222=ORIENTED_EDGE('',*,*,#2382,.F.);
#3223=ORIENTED_EDGE('',*,*,#2383,.F.);
#3224=ORIENTED_EDGE('',*,*,#2384,.F.);
#3225=ORIENTED_EDGE('',*,*,#2385,.F.);
#3226=ORIENTED_EDGE('',*,*,#2386,.F.);
#3227=ORIENTED_EDGE('',*,*,#2387,.F.);
#3228=ORIENTED_EDGE('',*,*,#2135,.T.);
#3229=ORIENTED_EDGE('',*,*,#2205,.T.);
#3230=ORIENTED_EDGE('',*,*,#2209,.T.);
#3231=ORIENTED_EDGE('',*,*,#2212,.T.);
#3232=ORIENTED_EDGE('',*,*,#2215,.T.);
#3233=ORIENTED_EDGE('',*,*,#2218,.T.);
#3234=ORIENTED_EDGE('',*,*,#2220,.T.);
#3235=ORIENTED_EDGE('',*,*,#2224,.T.);
#3236=ORIENTED_EDGE('',*,*,#2227,.T.);
#3237=ORIENTED_EDGE('',*,*,#2230,.T.);
#3238=ORIENTED_EDGE('',*,*,#2233,.T.);
#3239=ORIENTED_EDGE('',*,*,#2235,.T.);
#3240=ORIENTED_EDGE('',*,*,#2239,.T.);
#3241=ORIENTED_EDGE('',*,*,#2242,.T.);
#3242=ORIENTED_EDGE('',*,*,#2245,.T.);
#3243=ORIENTED_EDGE('',*,*,#2248,.T.);
#3244=ORIENTED_EDGE('',*,*,#2250,.T.);
#3245=ORIENTED_EDGE('',*,*,#2254,.T.);
#3246=ORIENTED_EDGE('',*,*,#2257,.T.);
#3247=ORIENTED_EDGE('',*,*,#2260,.T.);
#3248=ORIENTED_EDGE('',*,*,#2263,.T.);
#3249=ORIENTED_EDGE('',*,*,#2334,.T.);
#3250=ORIENTED_EDGE('',*,*,#2338,.T.);
#3251=ORIENTED_EDGE('',*,*,#2341,.T.);
#3252=ORIENTED_EDGE('',*,*,#2344,.T.);
#3253=ORIENTED_EDGE('',*,*,#2346,.T.);
#3254=ORIENTED_EDGE('',*,*,#2350,.T.);
#3255=ORIENTED_EDGE('',*,*,#2353,.T.);
#3256=ORIENTED_EDGE('',*,*,#2356,.T.);
#3257=ORIENTED_EDGE('',*,*,#2196,.F.);
#3258=ORIENTED_EDGE('',*,*,#2388,.F.);
#3259=ORIENTED_EDGE('',*,*,#2378,.T.);
#3260=ORIENTED_EDGE('',*,*,#2203,.T.);
#3261=ORIENTED_EDGE('',*,*,#2194,.F.);
#3262=ORIENTED_EDGE('',*,*,#2359,.F.);
#3263=ORIENTED_EDGE('',*,*,#2389,.F.);
#3264=ORIENTED_EDGE('',*,*,#2379,.T.);
#3265=ORIENTED_EDGE('',*,*,#2388,.T.);
#3266=ORIENTED_EDGE('',*,*,#2362,.T.);
#3267=ORIENTED_EDGE('',*,*,#2390,.F.);
#3268=ORIENTED_EDGE('',*,*,#2380,.T.);
#3269=ORIENTED_EDGE('',*,*,#2389,.T.);
#3270=ORIENTED_EDGE('',*,*,#2165,.F.);
#3271=ORIENTED_EDGE('',*,*,#2391,.F.);
#3272=ORIENTED_EDGE('',*,*,#2381,.T.);
#3273=ORIENTED_EDGE('',*,*,#2390,.T.);
#3274=ORIENTED_EDGE('',*,*,#2363,.T.);
#3275=ORIENTED_EDGE('',*,*,#2162,.F.);
#3276=ORIENTED_EDGE('',*,*,#2392,.F.);
#3277=ORIENTED_EDGE('',*,*,#2382,.T.);
#3278=ORIENTED_EDGE('',*,*,#2391,.T.);
#3279=ORIENTED_EDGE('',*,*,#2159,.F.);
#3280=ORIENTED_EDGE('',*,*,#2170,.F.);
#3281=ORIENTED_EDGE('',*,*,#2393,.F.);
#3282=ORIENTED_EDGE('',*,*,#2383,.T.);
#3283=ORIENTED_EDGE('',*,*,#2392,.T.);
#3284=ORIENTED_EDGE('',*,*,#2366,.T.);
#3285=ORIENTED_EDGE('',*,*,#2394,.F.);
#3286=ORIENTED_EDGE('',*,*,#2384,.T.);
#3287=ORIENTED_EDGE('',*,*,#2393,.T.);
#3288=ORIENTED_EDGE('',*,*,#2121,.F.);
#3289=ORIENTED_EDGE('',*,*,#2395,.F.);
#3290=ORIENTED_EDGE('',*,*,#2385,.T.);
#3291=ORIENTED_EDGE('',*,*,#2394,.T.);
#3292=ORIENTED_EDGE('',*,*,#2367,.T.);
#3293=ORIENTED_EDGE('',*,*,#2118,.F.);
#3294=ORIENTED_EDGE('',*,*,#2396,.F.);
#3295=ORIENTED_EDGE('',*,*,#2386,.T.);
#3296=ORIENTED_EDGE('',*,*,#2395,.T.);
#3297=ORIENTED_EDGE('',*,*,#2115,.F.);
#3298=ORIENTED_EDGE('',*,*,#2136,.F.);
#3299=ORIENTED_EDGE('',*,*,#2387,.T.);
#3300=ORIENTED_EDGE('',*,*,#2396,.T.);
#3301=ORIENTED_EDGE('',*,*,#2397,.F.);
#3302=ORIENTED_EDGE('',*,*,#2398,.F.);
#3303=ORIENTED_EDGE('',*,*,#2399,.T.);
#3304=ORIENTED_EDGE('',*,*,#2400,.T.);
#3305=ORIENTED_EDGE('',*,*,#2401,.F.);
#3306=ORIENTED_EDGE('',*,*,#2402,.F.);
#3307=ORIENTED_EDGE('',*,*,#2403,.F.);
#3308=ORIENTED_EDGE('',*,*,#2404,.T.);
#3309=ORIENTED_EDGE('',*,*,#2405,.T.);
#3310=ORIENTED_EDGE('',*,*,#2399,.F.);
#3311=ORIENTED_EDGE('',*,*,#2406,.F.);
#3312=ORIENTED_EDGE('',*,*,#2407,.F.);
#3313=ORIENTED_EDGE('',*,*,#2408,.F.);
#3314=ORIENTED_EDGE('',*,*,#2409,.T.);
#3315=ORIENTED_EDGE('',*,*,#2404,.F.);
#3316=ORIENTED_EDGE('',*,*,#2410,.F.);
#3317=ORIENTED_EDGE('',*,*,#2411,.F.);
#3318=ORIENTED_EDGE('',*,*,#2400,.F.);
#3319=ORIENTED_EDGE('',*,*,#2405,.F.);
#3320=ORIENTED_EDGE('',*,*,#2409,.F.);
#3321=ORIENTED_EDGE('',*,*,#2412,.F.);
#3322=ORIENTED_EDGE('',*,*,#2413,.F.);
#3323=ORIENTED_EDGE('',*,*,#2414,.T.);
#3324=ORIENTED_EDGE('',*,*,#2415,.T.);
#3325=ORIENTED_EDGE('',*,*,#2416,.F.);
#3326=ORIENTED_EDGE('',*,*,#2417,.F.);
#3327=ORIENTED_EDGE('',*,*,#2418,.F.);
#3328=ORIENTED_EDGE('',*,*,#2419,.T.);
#3329=ORIENTED_EDGE('',*,*,#2420,.T.);
#3330=ORIENTED_EDGE('',*,*,#2414,.F.);
#3331=ORIENTED_EDGE('',*,*,#2421,.F.);
#3332=ORIENTED_EDGE('',*,*,#2422,.F.);
#3333=ORIENTED_EDGE('',*,*,#2423,.F.);
#3334=ORIENTED_EDGE('',*,*,#2424,.T.);
#3335=ORIENTED_EDGE('',*,*,#2419,.F.);
#3336=ORIENTED_EDGE('',*,*,#2425,.F.);
#3337=ORIENTED_EDGE('',*,*,#2415,.F.);
#3338=ORIENTED_EDGE('',*,*,#2420,.F.);
#3339=ORIENTED_EDGE('',*,*,#2424,.F.);
#3340=ORIENTED_EDGE('',*,*,#2426,.F.);
#3341=ORIENTED_EDGE('',*,*,#2406,.T.);
#3342=ORIENTED_EDGE('',*,*,#2427,.F.);
#3343=ORIENTED_EDGE('',*,*,#2428,.T.);
#3344=ORIENTED_EDGE('',*,*,#2429,.T.);
#3345=ORIENTED_EDGE('',*,*,#2430,.F.);
#3346=ORIENTED_EDGE('',*,*,#2431,.T.);
#3347=ORIENTED_EDGE('',*,*,#2397,.T.);
#3348=ORIENTED_EDGE('',*,*,#2432,.T.);
#3349=ORIENTED_EDGE('',*,*,#2433,.T.);
#3350=ORIENTED_EDGE('',*,*,#2434,.F.);
#3351=ORIENTED_EDGE('',*,*,#2407,.T.);
#3352=ORIENTED_EDGE('',*,*,#2431,.F.);
#3353=ORIENTED_EDGE('',*,*,#2435,.F.);
#3354=ORIENTED_EDGE('',*,*,#2436,.F.);
#3355=ORIENTED_EDGE('',*,*,#2437,.F.);
#3356=ORIENTED_EDGE('',*,*,#2402,.T.);
#3357=ORIENTED_EDGE('',*,*,#2438,.F.);
#3358=ORIENTED_EDGE('',*,*,#2439,.F.);
#3359=ORIENTED_EDGE('',*,*,#2440,.F.);
#3360=ORIENTED_EDGE('',*,*,#2441,.F.);
#3361=ORIENTED_EDGE('',*,*,#2432,.F.);
#3362=ORIENTED_EDGE('',*,*,#2401,.T.);
#3363=ORIENTED_EDGE('',*,*,#2411,.T.);
#3364=ORIENTED_EDGE('',*,*,#2408,.T.);
#3365=ORIENTED_EDGE('',*,*,#2437,.T.);
#3366=ORIENTED_EDGE('',*,*,#2442,.F.);
#3367=ORIENTED_EDGE('',*,*,#2443,.F.);
#3368=ORIENTED_EDGE('',*,*,#2444,.F.);
#3369=ORIENTED_EDGE('',*,*,#2438,.T.);
#3370=ORIENTED_EDGE('',*,*,#2421,.T.);
#3371=ORIENTED_EDGE('',*,*,#2445,.T.);
#3372=ORIENTED_EDGE('',*,*,#2446,.F.);
#3373=ORIENTED_EDGE('',*,*,#2447,.T.);
#3374=ORIENTED_EDGE('',*,*,#2412,.T.);
#3375=ORIENTED_EDGE('',*,*,#2448,.T.);
#3376=ORIENTED_EDGE('',*,*,#2449,.F.);
#3377=ORIENTED_EDGE('',*,*,#2450,.F.);
#3378=ORIENTED_EDGE('',*,*,#2451,.T.);
#3379=ORIENTED_EDGE('',*,*,#2452,.T.);
#3380=ORIENTED_EDGE('',*,*,#2422,.T.);
#3381=ORIENTED_EDGE('',*,*,#2447,.F.);
#3382=ORIENTED_EDGE('',*,*,#2453,.F.);
#3383=ORIENTED_EDGE('',*,*,#2454,.T.);
#3384=ORIENTED_EDGE('',*,*,#2455,.F.);
#3385=ORIENTED_EDGE('',*,*,#2456,.T.);
#3386=ORIENTED_EDGE('',*,*,#2417,.T.);
#3387=ORIENTED_EDGE('',*,*,#2457,.T.);
#3388=ORIENTED_EDGE('',*,*,#2458,.F.);
#3389=ORIENTED_EDGE('',*,*,#2459,.F.);
#3390=ORIENTED_EDGE('',*,*,#2448,.F.);
#3391=ORIENTED_EDGE('',*,*,#2416,.T.);
#3392=ORIENTED_EDGE('',*,*,#2426,.T.);
#3393=ORIENTED_EDGE('',*,*,#2423,.T.);
#3394=ORIENTED_EDGE('',*,*,#2456,.F.);
#3395=ORIENTED_EDGE('',*,*,#2460,.F.);
#3396=ORIENTED_EDGE('',*,*,#2461,.F.);
#3397=ORIENTED_EDGE('',*,*,#2462,.F.);
#3398=ORIENTED_EDGE('',*,*,#2457,.F.);
#3399=ORIENTED_EDGE('',*,*,#2463,.T.);
#3400=ORIENTED_EDGE('',*,*,#2464,.T.);
#3401=ORIENTED_EDGE('',*,*,#2465,.T.);
#3402=ORIENTED_EDGE('',*,*,#2466,.T.);
#3403=ORIENTED_EDGE('',*,*,#2467,.T.);
#3404=ORIENTED_EDGE('',*,*,#2467,.F.);
#3405=ORIENTED_EDGE('',*,*,#2468,.T.);
#3406=ORIENTED_EDGE('',*,*,#2469,.F.);
#3407=ORIENTED_EDGE('',*,*,#2470,.T.);
#3408=ORIENTED_EDGE('',*,*,#2471,.T.);
#3409=ORIENTED_EDGE('',*,*,#2472,.T.);
#3410=ORIENTED_EDGE('',*,*,#2466,.F.);
#3411=ORIENTED_EDGE('',*,*,#2473,.F.);
#3412=ORIENTED_EDGE('',*,*,#2474,.F.);
#3413=ORIENTED_EDGE('',*,*,#2468,.F.);
#3414=ORIENTED_EDGE('',*,*,#2465,.F.);
#3415=ORIENTED_EDGE('',*,*,#2475,.F.);
#3416=ORIENTED_EDGE('',*,*,#2476,.T.);
#3417=ORIENTED_EDGE('',*,*,#2477,.T.);
#3418=ORIENTED_EDGE('',*,*,#2478,.F.);
#3419=ORIENTED_EDGE('',*,*,#2473,.T.);
#3420=ORIENTED_EDGE('',*,*,#2469,.T.);
#3421=ORIENTED_EDGE('',*,*,#2474,.T.);
#3422=ORIENTED_EDGE('',*,*,#2478,.T.);
#3423=ORIENTED_EDGE('',*,*,#2479,.T.);
#3424=ORIENTED_EDGE('',*,*,#2480,.T.);
#3425=ORIENTED_EDGE('',*,*,#2481,.T.);
#3426=ORIENTED_EDGE('',*,*,#2482,.T.);
#3427=ORIENTED_EDGE('',*,*,#2483,.T.);
#3428=ORIENTED_EDGE('',*,*,#2484,.T.);
#3429=ORIENTED_EDGE('',*,*,#2485,.T.);
#3430=ORIENTED_EDGE('',*,*,#2486,.T.);
#3431=ORIENTED_EDGE('',*,*,#2485,.F.);
#3432=ORIENTED_EDGE('',*,*,#2487,.F.);
#3433=ORIENTED_EDGE('',*,*,#2488,.T.);
#3434=ORIENTED_EDGE('',*,*,#2489,.F.);
#3435=ORIENTED_EDGE('',*,*,#2484,.F.);
#3436=ORIENTED_EDGE('',*,*,#2490,.F.);
#3437=ORIENTED_EDGE('',*,*,#2491,.F.);
#3438=ORIENTED_EDGE('',*,*,#2492,.T.);
#3439=ORIENTED_EDGE('',*,*,#2487,.T.);
#3440=ORIENTED_EDGE('',*,*,#2483,.F.);
#3441=ORIENTED_EDGE('',*,*,#2493,.T.);
#3442=ORIENTED_EDGE('',*,*,#2494,.F.);
#3443=ORIENTED_EDGE('',*,*,#2495,.T.);
#3444=ORIENTED_EDGE('',*,*,#2496,.F.);
#3445=ORIENTED_EDGE('',*,*,#2490,.T.);
#3446=ORIENTED_EDGE('',*,*,#2497,.T.);
#3447=ORIENTED_EDGE('',*,*,#2498,.T.);
#3448=ORIENTED_EDGE('',*,*,#2499,.T.);
#3449=ORIENTED_EDGE('',*,*,#2494,.T.);
#3450=ORIENTED_EDGE('',*,*,#2500,.T.);
#3451=ORIENTED_EDGE('',*,*,#2501,.T.);
#3452=ORIENTED_EDGE('',*,*,#2498,.F.);
#3453=ORIENTED_EDGE('',*,*,#2502,.F.);
#3454=ORIENTED_EDGE('',*,*,#2503,.F.);
#3455=ORIENTED_EDGE('',*,*,#2504,.F.);
#3456=ORIENTED_EDGE('',*,*,#2497,.F.);
#3457=ORIENTED_EDGE('',*,*,#2505,.F.);
#3458=ORIENTED_EDGE('',*,*,#2506,.F.);
#3459=ORIENTED_EDGE('',*,*,#2507,.T.);
#3460=ORIENTED_EDGE('',*,*,#2502,.T.);
#3461=ORIENTED_EDGE('',*,*,#2481,.F.);
#3462=ORIENTED_EDGE('',*,*,#2508,.T.);
#3463=ORIENTED_EDGE('',*,*,#2509,.T.);
#3464=ORIENTED_EDGE('',*,*,#2505,.T.);
#3465=ORIENTED_EDGE('',*,*,#2501,.F.);
#3466=ORIENTED_EDGE('',*,*,#2510,.T.);
#3467=ORIENTED_EDGE('',*,*,#2511,.T.);
#3468=ORIENTED_EDGE('',*,*,#2512,.T.);
#3469=ORIENTED_EDGE('',*,*,#2513,.T.);
#3470=ORIENTED_EDGE('',*,*,#2514,.T.);
#3471=ORIENTED_EDGE('',*,*,#2515,.T.);
#3472=ORIENTED_EDGE('',*,*,#2516,.T.);
#3473=ORIENTED_EDGE('',*,*,#2517,.T.);
#3474=ORIENTED_EDGE('',*,*,#2513,.F.);
#3475=ORIENTED_EDGE('',*,*,#2518,.T.);
#3476=ORIENTED_EDGE('',*,*,#2519,.T.);
#3477=ORIENTED_EDGE('',*,*,#2520,.T.);
#3478=ORIENTED_EDGE('',*,*,#2516,.F.);
#3479=ORIENTED_EDGE('',*,*,#2521,.T.);
#3480=ORIENTED_EDGE('',*,*,#2522,.T.);
#3481=ORIENTED_EDGE('',*,*,#2523,.T.);
#3482=ORIENTED_EDGE('',*,*,#2519,.F.);
#3483=ORIENTED_EDGE('',*,*,#2524,.T.);
#3484=ORIENTED_EDGE('',*,*,#2525,.T.);
#3485=ORIENTED_EDGE('',*,*,#2526,.T.);
#3486=ORIENTED_EDGE('',*,*,#2522,.F.);
#3487=ORIENTED_EDGE('',*,*,#2527,.T.);
#3488=ORIENTED_EDGE('',*,*,#2528,.T.);
#3489=ORIENTED_EDGE('',*,*,#2514,.F.);
#3490=ORIENTED_EDGE('',*,*,#2517,.F.);
#3491=ORIENTED_EDGE('',*,*,#2520,.F.);
#3492=ORIENTED_EDGE('',*,*,#2523,.F.);
#3493=ORIENTED_EDGE('',*,*,#2526,.F.);
#3494=ORIENTED_EDGE('',*,*,#2529,.F.);
#3495=ORIENTED_EDGE('',*,*,#2515,.F.);
#3496=ORIENTED_EDGE('',*,*,#2529,.T.);
#3497=ORIENTED_EDGE('',*,*,#2525,.F.);
#3498=ORIENTED_EDGE('',*,*,#2530,.T.);
#3499=ORIENTED_EDGE('',*,*,#2531,.F.);
#3500=ORIENTED_EDGE('',*,*,#2532,.T.);
#3501=ORIENTED_EDGE('',*,*,#2480,.F.);
#3502=ORIENTED_EDGE('',*,*,#2533,.T.);
#3503=ORIENTED_EDGE('',*,*,#2534,.T.);
#3504=ORIENTED_EDGE('',*,*,#2535,.T.);
#3505=ORIENTED_EDGE('',*,*,#2470,.F.);
#3506=ORIENTED_EDGE('',*,*,#2528,.F.);
#3507=ORIENTED_EDGE('',*,*,#2536,.T.);
#3508=ORIENTED_EDGE('',*,*,#2537,.T.);
#3509=ORIENTED_EDGE('',*,*,#2538,.T.);
#3510=ORIENTED_EDGE('',*,*,#2530,.F.);
#3511=ORIENTED_EDGE('',*,*,#2539,.F.);
#3512=ORIENTED_EDGE('',*,*,#2496,.T.);
#3513=ORIENTED_EDGE('',*,*,#2540,.F.);
#3514=ORIENTED_EDGE('',*,*,#2471,.F.);
#3515=ORIENTED_EDGE('',*,*,#2541,.F.);
#3516=ORIENTED_EDGE('',*,*,#2531,.T.);
#3517=ORIENTED_EDGE('',*,*,#2542,.F.);
#3518=ORIENTED_EDGE('',*,*,#2509,.F.);
#3519=ORIENTED_EDGE('',*,*,#2539,.T.);
#3520=ORIENTED_EDGE('',*,*,#2535,.F.);
#3521=ORIENTED_EDGE('',*,*,#2543,.F.);
#3522=ORIENTED_EDGE('',*,*,#2491,.T.);
#3523=ORIENTED_EDGE('',*,*,#2542,.T.);
#3524=ORIENTED_EDGE('',*,*,#2538,.F.);
#3525=ORIENTED_EDGE('',*,*,#2544,.F.);
#3526=ORIENTED_EDGE('',*,*,#2506,.T.);
#3527=ORIENTED_EDGE('',*,*,#2511,.F.);
#3528=ORIENTED_EDGE('',*,*,#2532,.F.);
#3529=ORIENTED_EDGE('',*,*,#2545,.F.);
#3530=ORIENTED_EDGE('',*,*,#2546,.T.);
#3531=ORIENTED_EDGE('',*,*,#2547,.T.);
#3532=ORIENTED_EDGE('',*,*,#2512,.F.);
#3533=ORIENTED_EDGE('',*,*,#2547,.F.);
#3534=ORIENTED_EDGE('',*,*,#2548,.T.);
#3535=ORIENTED_EDGE('',*,*,#2549,.F.);
#3536=ORIENTED_EDGE('',*,*,#2398,.T.);
#3537=ORIENTED_EDGE('',*,*,#2434,.T.);
#3538=ORIENTED_EDGE('',*,*,#2550,.F.);
#3539=ORIENTED_EDGE('',*,*,#2551,.F.);
#3540=ORIENTED_EDGE('',*,*,#2552,.T.);
#3541=ORIENTED_EDGE('',*,*,#2548,.F.);
#3542=ORIENTED_EDGE('',*,*,#2546,.F.);
#3543=ORIENTED_EDGE('',*,*,#2553,.T.);
#3544=ORIENTED_EDGE('',*,*,#2554,.F.);
#3545=ORIENTED_EDGE('',*,*,#2488,.F.);
#3546=ORIENTED_EDGE('',*,*,#2492,.F.);
#3547=ORIENTED_EDGE('',*,*,#2543,.T.);
#3548=ORIENTED_EDGE('',*,*,#2534,.F.);
#3549=ORIENTED_EDGE('',*,*,#2555,.F.);
#3550=ORIENTED_EDGE('',*,*,#2556,.T.);
#3551=ORIENTED_EDGE('',*,*,#2427,.T.);
#3552=ORIENTED_EDGE('',*,*,#2410,.T.);
#3553=ORIENTED_EDGE('',*,*,#2403,.T.);
#3554=ORIENTED_EDGE('',*,*,#2486,.F.);
#3555=ORIENTED_EDGE('',*,*,#2489,.T.);
#3556=ORIENTED_EDGE('',*,*,#2554,.T.);
#3557=ORIENTED_EDGE('',*,*,#2557,.T.);
#3558=ORIENTED_EDGE('',*,*,#2508,.F.);
#3559=ORIENTED_EDGE('',*,*,#2463,.F.);
#3560=ORIENTED_EDGE('',*,*,#2472,.F.);
#3561=ORIENTED_EDGE('',*,*,#2558,.F.);
#3562=ORIENTED_EDGE('',*,*,#2559,.T.);
#3563=ORIENTED_EDGE('',*,*,#2560,.T.);
#3564=ORIENTED_EDGE('',*,*,#2464,.F.);
#3565=ORIENTED_EDGE('',*,*,#2560,.F.);
#3566=ORIENTED_EDGE('',*,*,#2561,.F.);
#3567=ORIENTED_EDGE('',*,*,#2562,.T.);
#3568=ORIENTED_EDGE('',*,*,#2563,.T.);
#3569=ORIENTED_EDGE('',*,*,#2475,.T.);
#3570=ORIENTED_EDGE('',*,*,#2413,.T.);
#3571=ORIENTED_EDGE('',*,*,#2452,.F.);
#3572=ORIENTED_EDGE('',*,*,#2564,.T.);
#3573=ORIENTED_EDGE('',*,*,#2561,.T.);
#3574=ORIENTED_EDGE('',*,*,#2559,.F.);
#3575=ORIENTED_EDGE('',*,*,#2565,.T.);
#3576=ORIENTED_EDGE('',*,*,#2566,.F.);
#3577=ORIENTED_EDGE('',*,*,#2503,.T.);
#3578=ORIENTED_EDGE('',*,*,#2507,.F.);
#3579=ORIENTED_EDGE('',*,*,#2544,.T.);
#3580=ORIENTED_EDGE('',*,*,#2537,.F.);
#3581=ORIENTED_EDGE('',*,*,#2567,.T.);
#3582=ORIENTED_EDGE('',*,*,#2568,.T.);
#3583=ORIENTED_EDGE('',*,*,#2569,.F.);
#3584=ORIENTED_EDGE('',*,*,#2570,.F.);
#3585=ORIENTED_EDGE('',*,*,#2445,.F.);
#3586=ORIENTED_EDGE('',*,*,#2425,.T.);
#3587=ORIENTED_EDGE('',*,*,#2418,.T.);
#3588=ORIENTED_EDGE('',*,*,#2499,.F.);
#3589=ORIENTED_EDGE('',*,*,#2504,.T.);
#3590=ORIENTED_EDGE('',*,*,#2566,.T.);
#3591=ORIENTED_EDGE('',*,*,#2571,.T.);
#3592=ORIENTED_EDGE('',*,*,#2495,.F.);
#3593=ORIENTED_EDGE('',*,*,#2527,.F.);
#3594=ORIENTED_EDGE('',*,*,#2572,.T.);
#3595=ORIENTED_EDGE('',*,*,#2567,.F.);
#3596=ORIENTED_EDGE('',*,*,#2536,.F.);
#3597=ORIENTED_EDGE('',*,*,#2541,.T.);
#3598=ORIENTED_EDGE('',*,*,#2557,.F.);
#3599=ORIENTED_EDGE('',*,*,#2553,.F.);
#3600=ORIENTED_EDGE('',*,*,#2545,.T.);
#3601=ORIENTED_EDGE('',*,*,#2540,.T.);
#3602=ORIENTED_EDGE('',*,*,#2571,.F.);
#3603=ORIENTED_EDGE('',*,*,#2565,.F.);
#3604=ORIENTED_EDGE('',*,*,#2558,.T.);
#3605=ORIENTED_EDGE('',*,*,#2479,.F.);
#3606=ORIENTED_EDGE('',*,*,#2477,.F.);
#3607=ORIENTED_EDGE('',*,*,#2573,.T.);
#3608=ORIENTED_EDGE('',*,*,#2574,.T.);
#3609=ORIENTED_EDGE('',*,*,#2555,.T.);
#3610=ORIENTED_EDGE('',*,*,#2533,.F.);
#3611=ORIENTED_EDGE('',*,*,#2575,.T.);
#3612=ORIENTED_EDGE('',*,*,#2460,.T.);
#3613=ORIENTED_EDGE('',*,*,#2455,.T.);
#3614=ORIENTED_EDGE('',*,*,#2576,.F.);
#3615=ORIENTED_EDGE('',*,*,#2454,.F.);
#3616=ORIENTED_EDGE('',*,*,#2577,.T.);
#3617=ORIENTED_EDGE('',*,*,#2578,.F.);
#3618=ORIENTED_EDGE('',*,*,#2576,.T.);
#3619=ORIENTED_EDGE('',*,*,#2458,.T.);
#3620=ORIENTED_EDGE('',*,*,#2462,.T.);
#3621=ORIENTED_EDGE('',*,*,#2579,.T.);
#3622=ORIENTED_EDGE('',*,*,#2580,.F.);
#3623=ORIENTED_EDGE('',*,*,#2581,.F.);
#3624=ORIENTED_EDGE('',*,*,#2449,.T.);
#3625=ORIENTED_EDGE('',*,*,#2459,.T.);
#3626=ORIENTED_EDGE('',*,*,#2580,.T.);
#3627=ORIENTED_EDGE('',*,*,#2436,.T.);
#3628=ORIENTED_EDGE('',*,*,#2582,.F.);
#3629=ORIENTED_EDGE('',*,*,#2583,.T.);
#3630=ORIENTED_EDGE('',*,*,#2442,.T.);
#3631=ORIENTED_EDGE('',*,*,#2584,.F.);
#3632=ORIENTED_EDGE('',*,*,#2582,.T.);
#3633=ORIENTED_EDGE('',*,*,#2435,.T.);
#3634=ORIENTED_EDGE('',*,*,#2430,.T.);
#3635=ORIENTED_EDGE('',*,*,#2439,.T.);
#3636=ORIENTED_EDGE('',*,*,#2444,.T.);
#3637=ORIENTED_EDGE('',*,*,#2585,.T.);
#3638=ORIENTED_EDGE('',*,*,#2586,.F.);
#3639=ORIENTED_EDGE('',*,*,#2587,.F.);
#3640=ORIENTED_EDGE('',*,*,#2588,.T.);
#3641=ORIENTED_EDGE('',*,*,#2440,.T.);
#3642=ORIENTED_EDGE('',*,*,#2586,.T.);
#3643=ORIENTED_EDGE('',*,*,#2578,.T.);
#3644=ORIENTED_EDGE('',*,*,#2589,.T.);
#3645=ORIENTED_EDGE('',*,*,#2590,.T.);
#3646=ORIENTED_EDGE('',*,*,#2591,.T.);
#3647=ORIENTED_EDGE('',*,*,#2592,.T.);
#3648=ORIENTED_EDGE('',*,*,#2593,.T.);
#3649=ORIENTED_EDGE('',*,*,#2587,.T.);
#3650=ORIENTED_EDGE('',*,*,#2585,.F.);
#3651=ORIENTED_EDGE('',*,*,#2443,.T.);
#3652=ORIENTED_EDGE('',*,*,#2583,.F.);
#3653=ORIENTED_EDGE('',*,*,#2584,.T.);
#3654=ORIENTED_EDGE('',*,*,#2429,.F.);
#3655=ORIENTED_EDGE('',*,*,#2594,.F.);
#3656=ORIENTED_EDGE('',*,*,#2573,.F.);
#3657=ORIENTED_EDGE('',*,*,#2476,.F.);
#3658=ORIENTED_EDGE('',*,*,#2563,.F.);
#3659=ORIENTED_EDGE('',*,*,#2595,.F.);
#3660=ORIENTED_EDGE('',*,*,#2450,.T.);
#3661=ORIENTED_EDGE('',*,*,#2581,.T.);
#3662=ORIENTED_EDGE('',*,*,#2579,.F.);
#3663=ORIENTED_EDGE('',*,*,#2461,.T.);
#3664=ORIENTED_EDGE('',*,*,#2575,.F.);
#3665=ORIENTED_EDGE('',*,*,#2596,.T.);
#3666=ORIENTED_EDGE('',*,*,#2597,.T.);
#3667=ORIENTED_EDGE('',*,*,#2598,.T.);
#3668=ORIENTED_EDGE('',*,*,#2599,.T.);
#3669=ORIENTED_EDGE('',*,*,#2556,.F.);
#3670=ORIENTED_EDGE('',*,*,#2574,.F.);
#3671=ORIENTED_EDGE('',*,*,#2594,.T.);
#3672=ORIENTED_EDGE('',*,*,#2428,.F.);
#3673=ORIENTED_EDGE('',*,*,#2564,.F.);
#3674=ORIENTED_EDGE('',*,*,#2451,.F.);
#3675=ORIENTED_EDGE('',*,*,#2595,.T.);
#3676=ORIENTED_EDGE('',*,*,#2562,.F.);
#3677=ORIENTED_EDGE('',*,*,#2521,.F.);
#3678=ORIENTED_EDGE('',*,*,#2600,.T.);
#3679=ORIENTED_EDGE('',*,*,#2601,.T.);
#3680=ORIENTED_EDGE('',*,*,#2602,.F.);
#3681=ORIENTED_EDGE('',*,*,#2603,.T.);
#3682=ORIENTED_EDGE('',*,*,#2604,.F.);
#3683=ORIENTED_EDGE('',*,*,#2605,.T.);
#3684=ORIENTED_EDGE('',*,*,#2606,.F.);
#3685=ORIENTED_EDGE('',*,*,#2607,.T.);
#3686=ORIENTED_EDGE('',*,*,#2608,.T.);
#3687=ORIENTED_EDGE('',*,*,#2482,.F.);
#3688=ORIENTED_EDGE('',*,*,#2510,.F.);
#3689=ORIENTED_EDGE('',*,*,#2500,.F.);
#3690=ORIENTED_EDGE('',*,*,#2493,.F.);
#3691=ORIENTED_EDGE('',*,*,#2609,.T.);
#3692=ORIENTED_EDGE('',*,*,#2610,.F.);
#3693=ORIENTED_EDGE('',*,*,#2569,.T.);
#3694=ORIENTED_EDGE('',*,*,#2611,.T.);
#3695=ORIENTED_EDGE('',*,*,#2453,.T.);
#3696=ORIENTED_EDGE('',*,*,#2446,.T.);
#3697=ORIENTED_EDGE('',*,*,#2570,.T.);
#3698=ORIENTED_EDGE('',*,*,#2610,.T.);
#3699=ORIENTED_EDGE('',*,*,#2612,.F.);
#3700=ORIENTED_EDGE('',*,*,#2589,.F.);
#3701=ORIENTED_EDGE('',*,*,#2577,.F.);
#3702=ORIENTED_EDGE('',*,*,#2524,.F.);
#3703=ORIENTED_EDGE('',*,*,#2608,.F.);
#3704=ORIENTED_EDGE('',*,*,#2611,.F.);
#3705=ORIENTED_EDGE('',*,*,#2568,.F.);
#3706=ORIENTED_EDGE('',*,*,#2572,.F.);
#3707=ORIENTED_EDGE('',*,*,#2612,.T.);
#3708=ORIENTED_EDGE('',*,*,#2613,.T.);
#3709=ORIENTED_EDGE('',*,*,#2614,.F.);
#3710=ORIENTED_EDGE('',*,*,#2590,.F.);
#3711=ORIENTED_EDGE('',*,*,#2588,.F.);
#3712=ORIENTED_EDGE('',*,*,#2593,.F.);
#3713=ORIENTED_EDGE('',*,*,#2615,.F.);
#3714=ORIENTED_EDGE('',*,*,#2616,.F.);
#3715=ORIENTED_EDGE('',*,*,#2550,.T.);
#3716=ORIENTED_EDGE('',*,*,#2433,.F.);
#3717=ORIENTED_EDGE('',*,*,#2441,.T.);
#3718=ORIENTED_EDGE('',*,*,#2617,.F.);
#3719=ORIENTED_EDGE('',*,*,#2618,.F.);
#3720=ORIENTED_EDGE('',*,*,#2551,.T.);
#3721=ORIENTED_EDGE('',*,*,#2616,.T.);
#3722=ORIENTED_EDGE('',*,*,#2518,.F.);
#3723=ORIENTED_EDGE('',*,*,#2549,.T.);
#3724=ORIENTED_EDGE('',*,*,#2552,.F.);
#3725=ORIENTED_EDGE('',*,*,#2618,.T.);
#3726=ORIENTED_EDGE('',*,*,#2600,.F.);
#3727=ORIENTED_EDGE('',*,*,#2619,.T.);
#3728=ORIENTED_EDGE('',*,*,#2620,.T.);
#3729=ORIENTED_EDGE('',*,*,#2621,.T.);
#3730=ORIENTED_EDGE('',*,*,#2622,.T.);
#3731=ORIENTED_EDGE('',*,*,#2623,.T.);
#3732=ORIENTED_EDGE('',*,*,#2624,.T.);
#3733=ORIENTED_EDGE('',*,*,#2625,.T.);
#3734=ORIENTED_EDGE('',*,*,#2622,.F.);
#3735=ORIENTED_EDGE('',*,*,#2626,.F.);
#3736=ORIENTED_EDGE('',*,*,#2619,.F.);
#3737=ORIENTED_EDGE('',*,*,#2625,.F.);
#3738=ORIENTED_EDGE('',*,*,#2627,.F.);
#3739=ORIENTED_EDGE('',*,*,#2601,.F.);
#3740=ORIENTED_EDGE('',*,*,#2617,.T.);
#3741=ORIENTED_EDGE('',*,*,#2628,.T.);
#3742=ORIENTED_EDGE('',*,*,#2629,.F.);
#3743=ORIENTED_EDGE('',*,*,#2630,.T.);
#3744=ORIENTED_EDGE('',*,*,#2631,.T.);
#3745=ORIENTED_EDGE('',*,*,#2632,.T.);
#3746=ORIENTED_EDGE('',*,*,#2633,.T.);
#3747=ORIENTED_EDGE('',*,*,#2634,.T.);
#3748=ORIENTED_EDGE('',*,*,#2635,.T.);
#3749=ORIENTED_EDGE('',*,*,#2636,.T.);
#3750=ORIENTED_EDGE('',*,*,#2633,.F.);
#3751=ORIENTED_EDGE('',*,*,#2621,.F.);
#3752=ORIENTED_EDGE('',*,*,#2637,.F.);
#3753=ORIENTED_EDGE('',*,*,#2630,.F.);
#3754=ORIENTED_EDGE('',*,*,#2638,.F.);
#3755=ORIENTED_EDGE('',*,*,#2623,.F.);
#3756=ORIENTED_EDGE('',*,*,#2638,.T.);
#3757=ORIENTED_EDGE('',*,*,#2636,.F.);
#3758=ORIENTED_EDGE('',*,*,#2639,.F.);
#3759=ORIENTED_EDGE('',*,*,#2640,.T.);
#3760=ORIENTED_EDGE('',*,*,#2641,.T.);
#3761=ORIENTED_EDGE('',*,*,#2642,.T.);
#3762=ORIENTED_EDGE('',*,*,#2643,.T.);
#3763=ORIENTED_EDGE('',*,*,#2644,.T.);
#3764=ORIENTED_EDGE('',*,*,#2645,.T.);
#3765=ORIENTED_EDGE('',*,*,#2646,.T.);
#3766=ORIENTED_EDGE('',*,*,#2643,.F.);
#3767=ORIENTED_EDGE('',*,*,#2647,.T.);
#3768=ORIENTED_EDGE('',*,*,#2648,.F.);
#3769=ORIENTED_EDGE('',*,*,#2649,.F.);
#3770=ORIENTED_EDGE('',*,*,#2640,.F.);
#3771=ORIENTED_EDGE('',*,*,#2646,.F.);
#3772=ORIENTED_EDGE('',*,*,#2650,.F.);
#3773=ORIENTED_EDGE('',*,*,#2603,.F.);
#3774=ORIENTED_EDGE('',*,*,#2651,.T.);
#3775=ORIENTED_EDGE('',*,*,#2634,.F.);
#3776=ORIENTED_EDGE('',*,*,#2632,.F.);
#3777=ORIENTED_EDGE('',*,*,#2652,.T.);
#3778=ORIENTED_EDGE('',*,*,#2653,.T.);
#3779=ORIENTED_EDGE('',*,*,#2654,.T.);
#3780=ORIENTED_EDGE('',*,*,#2655,.T.);
#3781=ORIENTED_EDGE('',*,*,#2656,.T.);
#3782=ORIENTED_EDGE('',*,*,#2657,.T.);
#3783=ORIENTED_EDGE('',*,*,#2658,.T.);
#3784=ORIENTED_EDGE('',*,*,#2655,.F.);
#3785=ORIENTED_EDGE('',*,*,#2642,.F.);
#3786=ORIENTED_EDGE('',*,*,#2659,.F.);
#3787=ORIENTED_EDGE('',*,*,#2652,.F.);
#3788=ORIENTED_EDGE('',*,*,#2660,.F.);
#3789=ORIENTED_EDGE('',*,*,#2644,.F.);
#3790=ORIENTED_EDGE('',*,*,#2660,.T.);
#3791=ORIENTED_EDGE('',*,*,#2658,.F.);
#3792=ORIENTED_EDGE('',*,*,#2661,.F.);
#3793=ORIENTED_EDGE('',*,*,#2662,.T.);
#3794=ORIENTED_EDGE('',*,*,#2663,.T.);
#3795=ORIENTED_EDGE('',*,*,#2664,.T.);
#3796=ORIENTED_EDGE('',*,*,#2665,.T.);
#3797=ORIENTED_EDGE('',*,*,#2666,.T.);
#3798=ORIENTED_EDGE('',*,*,#2667,.T.);
#3799=ORIENTED_EDGE('',*,*,#2668,.T.);
#3800=ORIENTED_EDGE('',*,*,#2665,.F.);
#3801=ORIENTED_EDGE('',*,*,#2662,.F.);
#3802=ORIENTED_EDGE('',*,*,#2669,.F.);
#3803=ORIENTED_EDGE('',*,*,#2670,.F.);
#3804=ORIENTED_EDGE('',*,*,#2671,.F.);
#3805=ORIENTED_EDGE('',*,*,#2668,.F.);
#3806=ORIENTED_EDGE('',*,*,#2672,.F.);
#3807=ORIENTED_EDGE('',*,*,#2673,.F.);
#3808=ORIENTED_EDGE('',*,*,#2669,.T.);
#3809=ORIENTED_EDGE('',*,*,#2674,.T.);
#3810=ORIENTED_EDGE('',*,*,#2675,.T.);
#3811=ORIENTED_EDGE('',*,*,#2670,.T.);
#3812=ORIENTED_EDGE('',*,*,#2676,.T.);
#3813=ORIENTED_EDGE('',*,*,#2673,.T.);
#3814=ORIENTED_EDGE('',*,*,#2677,.T.);
#3815=ORIENTED_EDGE('',*,*,#2678,.T.);
#3816=ORIENTED_EDGE('',*,*,#2676,.F.);
#3817=ORIENTED_EDGE('',*,*,#2679,.T.);
#3818=ORIENTED_EDGE('',*,*,#2680,.F.);
#3819=ORIENTED_EDGE('',*,*,#2681,.F.);
#3820=ORIENTED_EDGE('',*,*,#2674,.F.);
#3821=ORIENTED_EDGE('',*,*,#2678,.F.);
#3822=ORIENTED_EDGE('',*,*,#2682,.F.);
#3823=ORIENTED_EDGE('',*,*,#2605,.F.);
#3824=ORIENTED_EDGE('',*,*,#2683,.T.);
#3825=ORIENTED_EDGE('',*,*,#2656,.F.);
#3826=ORIENTED_EDGE('',*,*,#2654,.F.);
#3827=ORIENTED_EDGE('',*,*,#2672,.T.);
#3828=ORIENTED_EDGE('',*,*,#2667,.F.);
#3829=ORIENTED_EDGE('',*,*,#2684,.F.);
#3830=ORIENTED_EDGE('',*,*,#2606,.T.);
#3831=ORIENTED_EDGE('',*,*,#2682,.T.);
#3832=ORIENTED_EDGE('',*,*,#2677,.F.);
#3833=ORIENTED_EDGE('',*,*,#2661,.T.);
#3834=ORIENTED_EDGE('',*,*,#2657,.F.);
#3835=ORIENTED_EDGE('',*,*,#2683,.F.);
#3836=ORIENTED_EDGE('',*,*,#2604,.T.);
#3837=ORIENTED_EDGE('',*,*,#2650,.T.);
#3838=ORIENTED_EDGE('',*,*,#2645,.F.);
#3839=ORIENTED_EDGE('',*,*,#2639,.T.);
#3840=ORIENTED_EDGE('',*,*,#2635,.F.);
#3841=ORIENTED_EDGE('',*,*,#2651,.F.);
#3842=ORIENTED_EDGE('',*,*,#2602,.T.);
#3843=ORIENTED_EDGE('',*,*,#2627,.T.);
#3844=ORIENTED_EDGE('',*,*,#2624,.F.);
#3845=ORIENTED_EDGE('',*,*,#2615,.T.);
#3846=ORIENTED_EDGE('',*,*,#2592,.F.);
#3847=ORIENTED_EDGE('',*,*,#2685,.F.);
#3848=ORIENTED_EDGE('',*,*,#2628,.F.);
#3849=ORIENTED_EDGE('',*,*,#2637,.T.);
#3850=ORIENTED_EDGE('',*,*,#2620,.F.);
#3851=ORIENTED_EDGE('',*,*,#2626,.T.);
#3852=ORIENTED_EDGE('',*,*,#2686,.F.);
#3853=ORIENTED_EDGE('',*,*,#2647,.F.);
#3854=ORIENTED_EDGE('',*,*,#2631,.F.);
#3855=ORIENTED_EDGE('',*,*,#2659,.T.);
#3856=ORIENTED_EDGE('',*,*,#2641,.F.);
#3857=ORIENTED_EDGE('',*,*,#2649,.T.);
#3858=ORIENTED_EDGE('',*,*,#2687,.F.);
#3859=ORIENTED_EDGE('',*,*,#2679,.F.);
#3860=ORIENTED_EDGE('',*,*,#2653,.F.);
#3861=ORIENTED_EDGE('',*,*,#2671,.T.);
#3862=ORIENTED_EDGE('',*,*,#2675,.F.);
#3863=ORIENTED_EDGE('',*,*,#2681,.T.);
#3864=ORIENTED_EDGE('',*,*,#2688,.F.);
#3865=ORIENTED_EDGE('',*,*,#2689,.F.);
#3866=ORIENTED_EDGE('',*,*,#2663,.F.);
#3867=ORIENTED_EDGE('',*,*,#2689,.T.);
#3868=ORIENTED_EDGE('',*,*,#2690,.F.);
#3869=ORIENTED_EDGE('',*,*,#2613,.F.);
#3870=ORIENTED_EDGE('',*,*,#2609,.F.);
#3871=ORIENTED_EDGE('',*,*,#2607,.F.);
#3872=ORIENTED_EDGE('',*,*,#2684,.T.);
#3873=ORIENTED_EDGE('',*,*,#2666,.F.);
#3874=ORIENTED_EDGE('',*,*,#2664,.F.);
#3875=ORIENTED_EDGE('',*,*,#2690,.T.);
#3876=ORIENTED_EDGE('',*,*,#2688,.T.);
#3877=ORIENTED_EDGE('',*,*,#2680,.T.);
#3878=ORIENTED_EDGE('',*,*,#2687,.T.);
#3879=ORIENTED_EDGE('',*,*,#2648,.T.);
#3880=ORIENTED_EDGE('',*,*,#2686,.T.);
#3881=ORIENTED_EDGE('',*,*,#2629,.T.);
#3882=ORIENTED_EDGE('',*,*,#2685,.T.);
#3883=ORIENTED_EDGE('',*,*,#2591,.F.);
#3884=ORIENTED_EDGE('',*,*,#2614,.T.);
#3885=ORIENTED_EDGE('',*,*,#2691,.T.);
#3886=ORIENTED_EDGE('',*,*,#2692,.T.);
#3887=ORIENTED_EDGE('',*,*,#2693,.T.);
#3888=ORIENTED_EDGE('',*,*,#2692,.F.);
#3889=ORIENTED_EDGE('',*,*,#2693,.F.);
#3890=ORIENTED_EDGE('',*,*,#2694,.T.);
#3891=ORIENTED_EDGE('',*,*,#2599,.F.);
#3892=ORIENTED_EDGE('',*,*,#2694,.F.);
#3893=ORIENTED_EDGE('',*,*,#2691,.F.);
#3894=ORIENTED_EDGE('',*,*,#2695,.T.);
#3895=ORIENTED_EDGE('',*,*,#2696,.T.);
#3896=ORIENTED_EDGE('',*,*,#2697,.T.);
#3897=ORIENTED_EDGE('',*,*,#2696,.F.);
#3898=ORIENTED_EDGE('',*,*,#2697,.F.);
#3899=ORIENTED_EDGE('',*,*,#2698,.T.);
#3900=ORIENTED_EDGE('',*,*,#2597,.F.);
#3901=ORIENTED_EDGE('',*,*,#2698,.F.);
#3902=ORIENTED_EDGE('',*,*,#2695,.F.);
#3903=ORIENTED_EDGE('',*,*,#2699,.T.);
#3904=ORIENTED_EDGE('',*,*,#2700,.T.);
#3905=ORIENTED_EDGE('',*,*,#2701,.T.);
#3906=ORIENTED_EDGE('',*,*,#2700,.F.);
#3907=ORIENTED_EDGE('',*,*,#2701,.F.);
#3908=ORIENTED_EDGE('',*,*,#2702,.T.);
#3909=ORIENTED_EDGE('',*,*,#2596,.F.);
#3910=ORIENTED_EDGE('',*,*,#2702,.F.);
#3911=ORIENTED_EDGE('',*,*,#2699,.F.);
#3912=ORIENTED_EDGE('',*,*,#2703,.T.);
#3913=ORIENTED_EDGE('',*,*,#2704,.T.);
#3914=ORIENTED_EDGE('',*,*,#2705,.T.);
#3915=ORIENTED_EDGE('',*,*,#2704,.F.);
#3916=ORIENTED_EDGE('',*,*,#2705,.F.);
#3917=ORIENTED_EDGE('',*,*,#2706,.T.);
#3918=ORIENTED_EDGE('',*,*,#2598,.F.);
#3919=ORIENTED_EDGE('',*,*,#2706,.F.);
#3920=ORIENTED_EDGE('',*,*,#2703,.F.);
#3921=CONICAL_SURFACE('',#4202,0.800000000000004,0.78539816339745);
#3922=CONICAL_SURFACE('',#4206,2.95,0.785398163397449);
#3923=CONICAL_SURFACE('',#4210,2.95,0.785398163397445);
#3924=CONICAL_SURFACE('',#4214,0.800000000000003,0.785398163397448);
#3925=CONICAL_SURFACE('',#4228,0.800000000000005,0.785398163397449);
#3926=CONICAL_SURFACE('',#4232,0.800000000000007,0.78539816339745);
#3927=CONICAL_SURFACE('',#4236,0.800000000000005,0.785398163397448);
#3928=CONICAL_SURFACE('',#4240,0.800000000000003,0.785398163397448);
#3929=CONICAL_SURFACE('',#4253,0.8,0.785398163397449);
#3930=CONICAL_SURFACE('',#4257,0.8,0.785398163397449);
#3931=CONICAL_SURFACE('',#4306,1.4,0.785398163397448);
#3932=CONICAL_SURFACE('',#4309,1.4,0.785398163397448);
#3933=CONICAL_SURFACE('',#4312,1.4,0.785398163397448);
#3934=CONICAL_SURFACE('',#4315,1.4,0.785398163397448);
#3935=CONICAL_SURFACE('',#4318,1.4,0.785398163397448);
#3936=CONICAL_SURFACE('',#4321,1.4,0.785398163397448);
#3937=CONICAL_SURFACE('',#4427,2.95,0.785398163397445);
#3938=CONICAL_SURFACE('',#4431,2.95,0.785398163397448);
#3939=CONICAL_SURFACE('',#4506,1.4,0.785398163397448);
#3940=CONICAL_SURFACE('',#4509,1.4,0.785398163397448);
#3941=CONICAL_SURFACE('',#4512,1.4,0.785398163397448);
#3942=CONICAL_SURFACE('',#4515,1.4,0.785398163397448);
#3943=CONICAL_SURFACE('',#4517,1.4,0.785398163397448);
#3944=CONICAL_SURFACE('',#4520,1.4,0.785398163397448);
#3945=CONICAL_SURFACE('',#4535,1.55,0.785398163397448);
#3946=CONICAL_SURFACE('',#4540,1.55,0.785398163397448);
#3947=CONICAL_SURFACE('',#4545,1.55,0.785398163397448);
#3948=CONICAL_SURFACE('',#4550,1.55,0.785398163397448);
#3949=ADVANCED_FACE('',(#342),#3921,.T.);
#3950=ADVANCED_FACE('',(#343),#211,.T.);
#3951=ADVANCED_FACE('',(#344),#3922,.T.);
#3952=ADVANCED_FACE('',(#345),#212,.T.);
#3953=ADVANCED_FACE('',(#346),#3923,.T.);
#3954=ADVANCED_FACE('',(#347),#213,.T.);
#3955=ADVANCED_FACE('',(#348),#3924,.T.);
#3956=ADVANCED_FACE('',(#349),#214,.T.);
#3957=ADVANCED_FACE('',(#350),#215,.T.);
#3958=ADVANCED_FACE('',(#351),#157,.T.);
#3959=ADVANCED_FACE('',(#352),#216,.T.);
#3960=ADVANCED_FACE('',(#353),#158,.T.);
#3961=ADVANCED_FACE('',(#354),#217,.T.);
#3962=ADVANCED_FACE('',(#355),#3925,.T.);
#3963=ADVANCED_FACE('',(#356),#218,.T.);
#3964=ADVANCED_FACE('',(#357),#3926,.T.);
#3965=ADVANCED_FACE('',(#358),#219,.T.);
#3966=ADVANCED_FACE('',(#359),#3927,.T.);
#3967=ADVANCED_FACE('',(#360),#220,.T.);
#3968=ADVANCED_FACE('',(#361),#3928,.T.);
#3969=ADVANCED_FACE('',(#362),#221,.T.);
#3970=ADVANCED_FACE('',(#363),#222,.F.);
#3971=ADVANCED_FACE('',(#364),#159,.T.);
#3972=ADVANCED_FACE('',(#365),#223,.T.);
#3973=ADVANCED_FACE('',(#366),#160,.T.);
#3974=ADVANCED_FACE('',(#367),#224,.T.);
#3975=ADVANCED_FACE('',(#368),#225,.T.);
#3976=ADVANCED_FACE('',(#369),#226,.T.);
#3977=ADVANCED_FACE('',(#370),#3929,.T.);
#3978=ADVANCED_FACE('',(#371),#227,.T.);
#3979=ADVANCED_FACE('',(#372),#3930,.T.);
#3980=ADVANCED_FACE('',(#373),#228,.T.);
#3981=ADVANCED_FACE('',(#374),#161,.T.);
#3982=ADVANCED_FACE('',(#375),#229,.T.);
#3983=ADVANCED_FACE('',(#376),#230,.T.);
#3984=ADVANCED_FACE('',(#377),#231,.T.);
#3985=ADVANCED_FACE('',(#378),#232,.T.);
#3986=ADVANCED_FACE('',(#379),#233,.T.);
#3987=ADVANCED_FACE('',(#380),#234,.T.);
#3988=ADVANCED_FACE('',(#381),#162,.F.);
#3989=ADVANCED_FACE('',(#382),#163,.T.);
#3990=ADVANCED_FACE('',(#383),#235,.T.);
#3991=ADVANCED_FACE('',(#384),#164,.F.);
#3992=ADVANCED_FACE('',(#385),#236,.T.);
#3993=ADVANCED_FACE('',(#386),#237,.T.);
#3994=ADVANCED_FACE('',(#387),#238,.T.);
#3995=ADVANCED_FACE('',(#388),#165,.T.);
#3996=ADVANCED_FACE('',(#389),#239,.T.);
#3997=ADVANCED_FACE('',(#390),#166,.F.);
#3998=ADVANCED_FACE('',(#391),#240,.T.);
#3999=ADVANCED_FACE('',(#392),#241,.T.);
#4000=ADVANCED_FACE('',(#393),#242,.T.);
#4001=ADVANCED_FACE('',(#394),#167,.T.);
#4002=ADVANCED_FACE('',(#395),#243,.T.);
#4003=ADVANCED_FACE('',(#396),#244,.T.);
#4004=ADVANCED_FACE('',(#397),#245,.T.);
#4005=ADVANCED_FACE('',(#398),#246,.T.);
#4006=ADVANCED_FACE('',(#399),#168,.F.);
#4007=ADVANCED_FACE('',(#400),#169,.T.);
#4008=ADVANCED_FACE('',(#401),#247,.T.);
#4009=ADVANCED_FACE('',(#402),#133,.T.);
#4010=ADVANCED_FACE('',(#403),#134,.T.);
#4011=ADVANCED_FACE('',(#404),#3931,.F.);
#4012=ADVANCED_FACE('',(#405),#3932,.F.);
#4013=ADVANCED_FACE('',(#406),#135,.T.);
#4014=ADVANCED_FACE('',(#407),#136,.T.);
#4015=ADVANCED_FACE('',(#408),#248,.T.);
#4016=ADVANCED_FACE('',(#409),#137,.T.);
#4017=ADVANCED_FACE('',(#410),#138,.T.);
#4018=ADVANCED_FACE('',(#411),#3933,.F.);
#4019=ADVANCED_FACE('',(#412),#3934,.F.);
#4020=ADVANCED_FACE('',(#413),#139,.T.);
#4021=ADVANCED_FACE('',(#414),#140,.T.);
#4022=ADVANCED_FACE('',(#415),#249,.T.);
#4023=ADVANCED_FACE('',(#416),#141,.T.);
#4024=ADVANCED_FACE('',(#417),#142,.T.);
#4025=ADVANCED_FACE('',(#418),#3935,.F.);
#4026=ADVANCED_FACE('',(#419),#3936,.F.);
#4027=ADVANCED_FACE('',(#420),#143,.T.);
#4028=ADVANCED_FACE('',(#421),#144,.T.);
#4029=ADVANCED_FACE('',(#422),#250,.T.);
#4030=ADVANCED_FACE('',(#423),#251,.T.);
#4031=ADVANCED_FACE('',(#424),#170,.F.);
#4032=ADVANCED_FACE('',(#425),#171,.F.);
#4033=ADVANCED_FACE('',(#426),#172,.F.);
#4034=ADVANCED_FACE('',(#427),#252,.T.);
#4035=ADVANCED_FACE('',(#428),#253,.T.);
#4036=ADVANCED_FACE('',(#429),#254,.T.);
#4037=ADVANCED_FACE('',(#430),#255,.T.);
#4038=ADVANCED_FACE('',(#431),#256,.T.);
#4039=ADVANCED_FACE('',(#432),#257,.T.);
#4040=ADVANCED_FACE('',(#433),#258,.T.);
#4041=ADVANCED_FACE('',(#434),#259,.T.);
#4042=ADVANCED_FACE('',(#435),#260,.T.);
#4043=ADVANCED_FACE('',(#436),#261,.T.);
#4044=ADVANCED_FACE('',(#437),#262,.F.);
#4045=ADVANCED_FACE('',(#438),#263,.F.);
#4046=ADVANCED_FACE('',(#439),#264,.F.);
#4047=ADVANCED_FACE('',(#440),#265,.F.);
#4048=ADVANCED_FACE('',(#441),#266,.F.);
#4049=ADVANCED_FACE('',(#442),#267,.T.);
#4050=ADVANCED_FACE('',(#443),#268,.T.);
#4051=ADVANCED_FACE('',(#444),#173,.F.);
#4052=ADVANCED_FACE('',(#445),#174,.F.);
#4053=ADVANCED_FACE('',(#446),#175,.F.);
#4054=ADVANCED_FACE('',(#447),#269,.T.);
#4055=ADVANCED_FACE('',(#448),#270,.T.);
#4056=ADVANCED_FACE('',(#449),#271,.T.);
#4057=ADVANCED_FACE('',(#450,#39,#40,#41,#42,#43,#44),#272,.F.);
#4058=ADVANCED_FACE('',(#451),#273,.T.);
#4059=ADVANCED_FACE('',(#452),#176,.T.);
#4060=ADVANCED_FACE('',(#453),#274,.T.);
#4061=ADVANCED_FACE('',(#454),#177,.T.);
#4062=ADVANCED_FACE('',(#455),#275,.T.);
#4063=ADVANCED_FACE('',(#456),#178,.T.);
#4064=ADVANCED_FACE('',(#457),#276,.T.);
#4065=ADVANCED_FACE('',(#458),#179,.T.);
#4066=ADVANCED_FACE('',(#459),#277,.T.);
#4067=ADVANCED_FACE('',(#460),#180,.T.);
#4068=ADVANCED_FACE('',(#461),#278,.F.);
#4069=ADVANCED_FACE('',(#462),#279,.F.);
#4070=ADVANCED_FACE('',(#463),#280,.F.);
#4071=ADVANCED_FACE('',(#464),#281,.F.);
#4072=ADVANCED_FACE('',(#465),#282,.F.);
#4073=ADVANCED_FACE('',(#466),#283,.F.);
#4074=ADVANCED_FACE('',(#467),#284,.F.);
#4075=ADVANCED_FACE('',(#468),#285,.F.);
#4076=ADVANCED_FACE('',(#469),#286,.T.);
#4077=ADVANCED_FACE('',(#470),#287,.T.);
#4078=ADVANCED_FACE('',(#471),#288,.T.);
#4079=ADVANCED_FACE('',(#472),#289,.T.);
#4080=ADVANCED_FACE('',(#473),#290,.T.);
#4081=ADVANCED_FACE('',(#474),#291,.T.);
#4082=ADVANCED_FACE('',(#475),#292,.T.);
#4083=ADVANCED_FACE('',(#476),#293,.T.);
#4084=ADVANCED_FACE('',(#477),#294,.T.);
#4085=ADVANCED_FACE('',(#478),#295,.T.);
#4086=ADVANCED_FACE('',(#479),#296,.T.);
#4087=ADVANCED_FACE('',(#480),#297,.T.);
#4088=ADVANCED_FACE('',(#481),#298,.T.);
#4089=ADVANCED_FACE('',(#482),#299,.F.);
#4090=ADVANCED_FACE('',(#483),#300,.T.);
#4091=ADVANCED_FACE('',(#484),#301,.T.);
#4092=ADVANCED_FACE('',(#485),#302,.T.);
#4093=ADVANCED_FACE('',(#486),#181,.T.);
#4094=ADVANCED_FACE('',(#487),#303,.T.);
#4095=ADVANCED_FACE('',(#488),#304,.T.);
#4096=ADVANCED_FACE('',(#489),#305,.T.);
#4097=ADVANCED_FACE('',(#490),#182,.T.);
#4098=ADVANCED_FACE('',(#491),#306,.T.);
#4099=ADVANCED_FACE('',(#492),#307,.T.);
#4100=ADVANCED_FACE('',(#493),#3937,.T.);
#4101=ADVANCED_FACE('',(#494),#308,.T.);
#4102=ADVANCED_FACE('',(#495),#3938,.T.);
#4103=ADVANCED_FACE('',(#496),#309,.T.);
#4104=ADVANCED_FACE('',(#497),#310,.T.);
#4105=ADVANCED_FACE('',(#498),#311,.T.);
#4106=ADVANCED_FACE('',(#499),#183,.T.);
#4107=ADVANCED_FACE('',(#500),#184,.T.);
#4108=ADVANCED_FACE('',(#501),#312,.F.);
#4109=ADVANCED_FACE('',(#502),#313,.F.);
#4110=ADVANCED_FACE('',(#503),#314,.F.);
#4111=ADVANCED_FACE('',(#504),#315,.F.);
#4112=ADVANCED_FACE('',(#505),#185,.T.);
#4113=ADVANCED_FACE('',(#506),#316,.T.);
#4114=ADVANCED_FACE('',(#507),#317,.T.);
#4115=ADVANCED_FACE('',(#508),#186,.T.);
#4116=ADVANCED_FACE('',(#509),#187,.T.);
#4117=ADVANCED_FACE('',(#510),#318,.T.);
#4118=ADVANCED_FACE('',(#511),#319,.T.);
#4119=ADVANCED_FACE('',(#512),#188,.T.);
#4120=ADVANCED_FACE('',(#513),#320,.T.);
#4121=ADVANCED_FACE('',(#514),#321,.F.);
#4122=ADVANCED_FACE('',(#515),#322,.F.);
#4123=ADVANCED_FACE('',(#516),#323,.T.);
#4124=ADVANCED_FACE('',(#517),#189,.T.);
#4125=ADVANCED_FACE('',(#518),#190,.F.);
#4126=ADVANCED_FACE('',(#519),#191,.T.);
#4127=ADVANCED_FACE('',(#520),#192,.F.);
#4128=ADVANCED_FACE('',(#521),#193,.T.);
#4129=ADVANCED_FACE('',(#522),#194,.F.);
#4130=ADVANCED_FACE('',(#523),#195,.T.);
#4131=ADVANCED_FACE('',(#524),#196,.F.);
#4132=ADVANCED_FACE('',(#525,#45,#46,#47,#48),#324,.T.);
#4133=ADVANCED_FACE('',(#526),#325,.F.);
#4134=ADVANCED_FACE('',(#527),#326,.F.);
#4135=ADVANCED_FACE('',(#528),#327,.T.);
#4136=ADVANCED_FACE('',(#529),#328,.T.);
#4137=ADVANCED_FACE('',(#530),#329,.T.);
#4138=ADVANCED_FACE('',(#531),#197,.F.);
#4139=ADVANCED_FACE('',(#532),#198,.T.);
#4140=ADVANCED_FACE('',(#533),#330,.T.);
#4141=ADVANCED_FACE('',(#534),#199,.F.);
#4142=ADVANCED_FACE('',(#535),#331,.T.);
#4143=ADVANCED_FACE('',(#536),#200,.T.);
#4144=ADVANCED_FACE('',(#537),#145,.T.);
#4145=ADVANCED_FACE('',(#538),#146,.T.);
#4146=ADVANCED_FACE('',(#539),#332,.T.);
#4147=ADVANCED_FACE('',(#540),#147,.T.);
#4148=ADVANCED_FACE('',(#541),#148,.T.);
#4149=ADVANCED_FACE('',(#542),#3939,.F.);
#4150=ADVANCED_FACE('',(#543),#3940,.F.);
#4151=ADVANCED_FACE('',(#544),#149,.T.);
#4152=ADVANCED_FACE('',(#545),#150,.T.);
#4153=ADVANCED_FACE('',(#546),#333,.T.);
#4154=ADVANCED_FACE('',(#547),#151,.T.);
#4155=ADVANCED_FACE('',(#548),#152,.T.);
#4156=ADVANCED_FACE('',(#549),#3941,.F.);
#4157=ADVANCED_FACE('',(#550),#3942,.F.);
#4158=ADVANCED_FACE('',(#551),#153,.T.);
#4159=ADVANCED_FACE('',(#552),#154,.T.);
#4160=ADVANCED_FACE('',(#553),#3943,.F.);
#4161=ADVANCED_FACE('',(#554),#3944,.F.);
#4162=ADVANCED_FACE('',(#555),#155,.T.);
#4163=ADVANCED_FACE('',(#556),#156,.T.);
#4164=ADVANCED_FACE('',(#557),#334,.T.);
#4165=ADVANCED_FACE('',(#558),#201,.F.);
#4166=ADVANCED_FACE('',(#559),#202,.F.);
#4167=ADVANCED_FACE('',(#560),#203,.F.);
#4168=ADVANCED_FACE('',(#561),#335,.T.);
#4169=ADVANCED_FACE('',(#562),#204,.F.);
#4170=ADVANCED_FACE('',(#563),#205,.F.);
#4171=ADVANCED_FACE('',(#564),#206,.F.);
#4172=ADVANCED_FACE('',(#565),#336,.T.);
#4173=ADVANCED_FACE('',(#566),#337,.F.);
#4174=ADVANCED_FACE('',(#567),#3945,.T.);
#4175=ADVANCED_FACE('',(#568),#207,.T.);
#4176=ADVANCED_FACE('',(#569),#338,.T.);
#4177=ADVANCED_FACE('',(#570),#3946,.T.);
#4178=ADVANCED_FACE('',(#571),#208,.T.);
#4179=ADVANCED_FACE('',(#572),#339,.T.);
#4180=ADVANCED_FACE('',(#573),#3947,.T.);
#4181=ADVANCED_FACE('',(#574),#209,.T.);
#4182=ADVANCED_FACE('',(#575),#340,.T.);
#4183=ADVANCED_FACE('',(#576),#3948,.T.);
#4184=ADVANCED_FACE('',(#577),#210,.T.);
#4185=ADVANCED_FACE('',(#578),#341,.T.);
#4186=CLOSED_SHELL('',(#3949,#3950,#3951,#3952,#3953,#3954,#3955,#3956,
#3957,#3958,#3959,#3960,#3961,#3962,#3963,#3964,#3965,#3966,#3967,#3968,
#3969,#3970,#3971,#3972,#3973,#3974,#3975,#3976,#3977,#3978,#3979,#3980,
#3981,#3982,#3983,#3984,#3985,#3986,#3987,#3988,#3989,#3990,#3991,#3992,
#3993,#3994,#3995,#3996,#3997,#3998,#3999,#4000,#4001,#4002,#4003,#4004,
#4005,#4006,#4007,#4008,#4009,#4010,#4011,#4012,#4013,#4014,#4015,#4016,
#4017,#4018,#4019,#4020,#4021,#4022,#4023,#4024,#4025,#4026,#4027,#4028,
#4029,#4030,#4031,#4032,#4033,#4034,#4035,#4036,#4037,#4038,#4039,#4040,
#4041,#4042,#4043,#4044,#4045,#4046,#4047,#4048,#4049,#4050,#4051,#4052,
#4053,#4054,#4055,#4056,#4057,#4058,#4059,#4060,#4061,#4062,#4063,#4064,
#4065,#4066,#4067));
#4187=CLOSED_SHELL('',(#4068,#4069,#4070,#4071,#4072,#4073,#4074,#4075,
#4076,#4077,#4078,#4079,#4080,#4081,#4082,#4083,#4084,#4085,#4086,#4087,
#4088,#4089,#4090,#4091,#4092,#4093,#4094,#4095,#4096,#4097,#4098,#4099,
#4100,#4101,#4102,#4103,#4104,#4105,#4106,#4107,#4108,#4109,#4110,#4111,
#4112,#4113,#4114,#4115,#4116,#4117,#4118,#4119,#4120,#4121,#4122,#4123,
#4124,#4125,#4126,#4127,#4128,#4129,#4130,#4131,#4132,#4133,#4134,#4135,
#4136,#4137,#4138,#4139,#4140,#4141,#4142,#4143,#4144,#4145,#4146,#4147,
#4148,#4149,#4150,#4151,#4152,#4153,#4154,#4155,#4156,#4157,#4158,#4159,
#4160,#4161,#4162,#4163,#4164,#4165,#4166,#4167,#4168,#4169,#4170,#4171,
#4172,#4173,#4174,#4175,#4176,#4177,#4178,#4179,#4180,#4181,#4182,#4183,
#4184,#4185));
#4188=DERIVED_UNIT_ELEMENT(#4190,1.);
#4189=DERIVED_UNIT_ELEMENT(#7597,-3.);
#4190=(
MASS_UNIT()
NAMED_UNIT(*)
SI_UNIT(.KILO.,.GRAM.)
);
#4191=DERIVED_UNIT((#4188,#4189));
#4192=MEASURE_REPRESENTATION_ITEM('density measure',
POSITIVE_RATIO_MEASURE(7850.),#4191);
#4193=PROPERTY_DEFINITION_REPRESENTATION(#4198,#4195);
#4194=PROPERTY_DEFINITION_REPRESENTATION(#4199,#4196);
#4195=REPRESENTATION('material name',(#4197),#7594);
#4196=REPRESENTATION('density',(#4192),#7594);
#4197=DESCRIPTIVE_REPRESENTATION_ITEM('Steel','Steel');
#4198=PROPERTY_DEFINITION('material property','material name',#7609);
#4199=PROPERTY_DEFINITION('material property','density of part',#7609);
#4200=AXIS2_PLACEMENT_3D('',#5651,#4556,#4557);
#4201=AXIS2_PLACEMENT_3D('',#5652,#4558,#4559);
#4202=AXIS2_PLACEMENT_3D('',#5653,#4560,#4561);
#4203=AXIS2_PLACEMENT_3D('',#5658,#4563,#4564);
#4204=AXIS2_PLACEMENT_3D('',#5661,#4566,#4567);
#4205=AXIS2_PLACEMENT_3D('',#5662,#4568,#4569);
#4206=AXIS2_PLACEMENT_3D('',#5668,#4573,#4574);
#4207=AXIS2_PLACEMENT_3D('',#5672,#4576,#4577);
#4208=AXIS2_PLACEMENT_3D('',#5673,#4578,#4579);
#4209=AXIS2_PLACEMENT_3D('',#5674,#4580,#4581);
#4210=AXIS2_PLACEMENT_3D('',#5680,#4585,#4586);
#4211=AXIS2_PLACEMENT_3D('',#5684,#4588,#4589);
#4212=AXIS2_PLACEMENT_3D('',#5685,#4590,#4591);
#4213=AXIS2_PLACEMENT_3D('',#5686,#4592,#4593);
#4214=AXIS2_PLACEMENT_3D('',#5692,#4597,#4598);
#4215=AXIS2_PLACEMENT_3D('',#5696,#4600,#4601);
#4216=AXIS2_PLACEMENT_3D('',#5697,#4602,#4603);
#4217=AXIS2_PLACEMENT_3D('',#5698,#4604,#4605);
#4218=AXIS2_PLACEMENT_3D('',#5701,#4608,#4609);
#4219=AXIS2_PLACEMENT_3D('',#5711,#4614,#4615);
#4220=AXIS2_PLACEMENT_3D('',#5715,#4617,#4618);
#4221=AXIS2_PLACEMENT_3D('',#5719,#4620,#4621);
#4222=AXIS2_PLACEMENT_3D('',#5727,#4626,#4627);
#4223=AXIS2_PLACEMENT_3D('',#5730,#4629,#4630);
#4224=AXIS2_PLACEMENT_3D('',#5731,#4631,#4632);
#4225=AXIS2_PLACEMENT_3D('',#5735,#4635,#4636);
#4226=AXIS2_PLACEMENT_3D('',#5740,#4639,#4640);
#4227=AXIS2_PLACEMENT_3D('',#5741,#4641,#4642);
#4228=AXIS2_PLACEMENT_3D('',#5742,#4643,#4644);
#4229=AXIS2_PLACEMENT_3D('',#5747,#4646,#4647);
#4230=AXIS2_PLACEMENT_3D('',#5750,#4649,#4650);
#4231=AXIS2_PLACEMENT_3D('',#5751,#4651,#4652);
#4232=AXIS2_PLACEMENT_3D('',#5757,#4656,#4657);
#4233=AXIS2_PLACEMENT_3D('',#5761,#4659,#4660);
#4234=AXIS2_PLACEMENT_3D('',#5762,#4661,#4662);
#4235=AXIS2_PLACEMENT_3D('',#5763,#4663,#4664);
#4236=AXIS2_PLACEMENT_3D('',#5769,#4668,#4669);
#4237=AXIS2_PLACEMENT_3D('',#5773,#4671,#4672);
#4238=AXIS2_PLACEMENT_3D('',#5774,#4673,#4674);
#4239=AXIS2_PLACEMENT_3D('',#5775,#4675,#4676);
#4240=AXIS2_PLACEMENT_3D('',#5781,#4680,#4681);
#4241=AXIS2_PLACEMENT_3D('',#5785,#4683,#4684);
#4242=AXIS2_PLACEMENT_3D('',#5786,#4685,#4686);
#4243=AXIS2_PLACEMENT_3D('',#5787,#4687,#4688);
#4244=AXIS2_PLACEMENT_3D('',#5790,#4691,#4692);
#4245=AXIS2_PLACEMENT_3D('',#5796,#4696,#4697);
#4246=AXIS2_PLACEMENT_3D('',#5800,#4699,#4700);
#4247=AXIS2_PLACEMENT_3D('',#5802,#4702,#4703);
#4248=AXIS2_PLACEMENT_3D('',#5806,#4706,#4707);
#4249=AXIS2_PLACEMENT_3D('',#5811,#4710,#4711);
#4250=AXIS2_PLACEMENT_3D('',#5812,#4712,#4713);
#4251=AXIS2_PLACEMENT_3D('',#5813,#4714,#4715);
#4252=AXIS2_PLACEMENT_3D('',#5822,#4720,#4721);
#4253=AXIS2_PLACEMENT_3D('',#5828,#4725,#4726);
#4254=AXIS2_PLACEMENT_3D('',#5832,#4728,#4729);
#4255=AXIS2_PLACEMENT_3D('',#5833,#4730,#4731);
#4256=AXIS2_PLACEMENT_3D('',#5834,#4732,#4733);
#4257=AXIS2_PLACEMENT_3D('',#5840,#4737,#4738);
#4258=AXIS2_PLACEMENT_3D('',#5844,#4740,#4741);
#4259=AXIS2_PLACEMENT_3D('',#5845,#4742,#4743);
#4260=AXIS2_PLACEMENT_3D('',#5846,#4744,#4745);
#4261=AXIS2_PLACEMENT_3D('',#5849,#4748,#4749);
#4262=AXIS2_PLACEMENT_3D('',#5853,#4751,#4752);
#4263=AXIS2_PLACEMENT_3D('',#5857,#4755,#4756);
#4264=AXIS2_PLACEMENT_3D('',#5861,#4759,#4760);
#4265=AXIS2_PLACEMENT_3D('',#5865,#4763,#4764);
#4266=AXIS2_PLACEMENT_3D('',#5866,#4765,#4766);
#4267=AXIS2_PLACEMENT_3D('',#5875,#4771,#4772);
#4268=AXIS2_PLACEMENT_3D('',#5881,#4776,#4777);
#4269=AXIS2_PLACEMENT_3D('',#5887,#4781,#4782);
#4270=AXIS2_PLACEMENT_3D('',#5889,#4783,#4784);
#4271=AXIS2_PLACEMENT_3D('',#5891,#4785,#4786);
#4272=AXIS2_PLACEMENT_3D('',#5893,#4788,#4789);
#4273=AXIS2_PLACEMENT_3D('',#5894,#4790,#4791);
#4274=AXIS2_PLACEMENT_3D('',#5895,#4792,#4793);
#4275=AXIS2_PLACEMENT_3D('',#5896,#4794,#4795);
#4276=AXIS2_PLACEMENT_3D('',#5897,#4796,#4797);
#4277=AXIS2_PLACEMENT_3D('',#5900,#4798,#4799);
#4278=AXIS2_PLACEMENT_3D('',#5904,#4801,#4802);
#4279=AXIS2_PLACEMENT_3D('',#5906,#4804,#4805);
#4280=AXIS2_PLACEMENT_3D('',#5912,#4809,#4810);
#4281=AXIS2_PLACEMENT_3D('',#5918,#4814,#4815);
#4282=AXIS2_PLACEMENT_3D('',#5924,#4819,#4820);
#4283=AXIS2_PLACEMENT_3D('',#5925,#4821,#4822);
#4284=AXIS2_PLACEMENT_3D('',#5926,#4823,#4824);
#4285=AXIS2_PLACEMENT_3D('',#5927,#4825,#4826);
#4286=AXIS2_PLACEMENT_3D('',#5928,#4827,#4828);
#4287=AXIS2_PLACEMENT_3D('',#5931,#4829,#4830);
#4288=AXIS2_PLACEMENT_3D('',#5935,#4832,#4833);
#4289=AXIS2_PLACEMENT_3D('',#5937,#4835,#4836);
#4290=AXIS2_PLACEMENT_3D('',#5943,#4840,#4841);
#4291=AXIS2_PLACEMENT_3D('',#5949,#4845,#4846);
#4292=AXIS2_PLACEMENT_3D('',#5955,#4850,#4851);
#4293=AXIS2_PLACEMENT_3D('',#5956,#4852,#4853);
#4294=AXIS2_PLACEMENT_3D('',#5957,#4854,#4855);
#4295=AXIS2_PLACEMENT_3D('',#5958,#4856,#4857);
#4296=AXIS2_PLACEMENT_3D('',#5959,#4858,#4859);
#4297=AXIS2_PLACEMENT_3D('',#5968,#4864,#4865);
#4298=AXIS2_PLACEMENT_3D('',#5974,#4869,#4870);
#4299=AXIS2_PLACEMENT_3D('',#5980,#4874,#4875);
#4300=AXIS2_PLACEMENT_3D('',#5982,#4876,#4877);
#4301=AXIS2_PLACEMENT_3D('',#5984,#4878,#4879);
#4302=AXIS2_PLACEMENT_3D('',#5986,#4881,#4882);
#4303=AXIS2_PLACEMENT_3D('',#5987,#4883,#4884);
#4304=AXIS2_PLACEMENT_3D('',#5988,#4885,#4886);
#4305=AXIS2_PLACEMENT_3D('',#5989,#4887,#4888);
#4306=AXIS2_PLACEMENT_3D('',#6064,#4889,#4890);
#4307=AXIS2_PLACEMENT_3D('',#6066,#4891,#4892);
#4308=AXIS2_PLACEMENT_3D('',#6072,#4893,#4894);
#4309=AXIS2_PLACEMENT_3D('',#6073,#4895,#4896);
#4310=AXIS2_PLACEMENT_3D('',#6075,#4897,#4898);
#4311=AXIS2_PLACEMENT_3D('',#6143,#4899,#4900);
#4312=AXIS2_PLACEMENT_3D('',#6224,#4905,#4906);
#4313=AXIS2_PLACEMENT_3D('',#6226,#4907,#4908);
#4314=AXIS2_PLACEMENT_3D('',#6232,#4909,#4910);
#4315=AXIS2_PLACEMENT_3D('',#6233,#4911,#4912);
#4316=AXIS2_PLACEMENT_3D('',#6235,#4913,#4914);
#4317=AXIS2_PLACEMENT_3D('',#6303,#4915,#4916);
#4318=AXIS2_PLACEMENT_3D('',#6385,#4922,#4923);
#4319=AXIS2_PLACEMENT_3D('',#6387,#4924,#4925);
#4320=AXIS2_PLACEMENT_3D('',#6393,#4926,#4927);
#4321=AXIS2_PLACEMENT_3D('',#6394,#4928,#4929);
#4322=AXIS2_PLACEMENT_3D('',#6396,#4930,#4931);
#4323=AXIS2_PLACEMENT_3D('',#6464,#4932,#4933);
#4324=AXIS2_PLACEMENT_3D('',#6472,#4939,#4940);
#4325=AXIS2_PLACEMENT_3D('',#6479,#4945,#4946);
#4326=AXIS2_PLACEMENT_3D('',#6480,#4947,#4948);
#4327=AXIS2_PLACEMENT_3D('',#6481,#4949,#4950);
#4328=AXIS2_PLACEMENT_3D('',#6482,#4951,#4952);
#4329=AXIS2_PLACEMENT_3D('',#6491,#4957,#4958);
#4330=AXIS2_PLACEMENT_3D('',#6497,#4962,#4963);
#4331=AXIS2_PLACEMENT_3D('',#6503,#4967,#4968);
#4332=AXIS2_PLACEMENT_3D('',#6506,#4971,#4972);
#4333=AXIS2_PLACEMENT_3D('',#6507,#4973,#4974);
#4334=AXIS2_PLACEMENT_3D('',#6516,#4979,#4980);
#4335=AXIS2_PLACEMENT_3D('',#6522,#4984,#4985);
#4336=AXIS2_PLACEMENT_3D('',#6528,#4989,#4990);
#4337=AXIS2_PLACEMENT_3D('',#6531,#4993,#4994);
#4338=AXIS2_PLACEMENT_3D('',#6532,#4995,#4996);
#4339=AXIS2_PLACEMENT_3D('',#6536,#4999,#5000);
#4340=AXIS2_PLACEMENT_3D('',#6541,#5004,#5005);
#4341=AXIS2_PLACEMENT_3D('',#6543,#5007,#5008);
#4342=AXIS2_PLACEMENT_3D('',#6548,#5012,#5013);
#4343=AXIS2_PLACEMENT_3D('',#6550,#5015,#5016);
#4344=AXIS2_PLACEMENT_3D('',#6552,#5018,#5019);
#4345=AXIS2_PLACEMENT_3D('',#6554,#5021,#5022);
#4346=AXIS2_PLACEMENT_3D('',#6555,#5023,#5024);
#4347=AXIS2_PLACEMENT_3D('',#6556,#5025,#5026);
#4348=AXIS2_PLACEMENT_3D('',#6557,#5027,#5028);
#4349=AXIS2_PLACEMENT_3D('',#6558,#5029,#5030);
#4350=AXIS2_PLACEMENT_3D('',#6559,#5031,#5032);
#4351=AXIS2_PLACEMENT_3D('',#6560,#5033,#5034);
#4352=AXIS2_PLACEMENT_3D('',#6566,#5038,#5039);
#4353=AXIS2_PLACEMENT_3D('',#6568,#5041,#5042);
#4354=AXIS2_PLACEMENT_3D('',#6570,#5044,#5045);
#4355=AXIS2_PLACEMENT_3D('',#6574,#5047,#5048);
#4356=AXIS2_PLACEMENT_3D('',#6578,#5050,#5051);
#4357=AXIS2_PLACEMENT_3D('',#6582,#5053,#5054);
#4358=AXIS2_PLACEMENT_3D('',#6586,#5056,#5057);
#4359=AXIS2_PLACEMENT_3D('',#6589,#5059,#5060);
#4360=AXIS2_PLACEMENT_3D('',#6590,#5061,#5062);
#4361=AXIS2_PLACEMENT_3D('',#6592,#5064,#5065);
#4362=AXIS2_PLACEMENT_3D('',#6594,#5067,#5068);
#4363=AXIS2_PLACEMENT_3D('',#6596,#5070,#5071);
#4364=AXIS2_PLACEMENT_3D('',#6598,#5073,#5074);
#4365=AXIS2_PLACEMENT_3D('',#6600,#5076,#5077);
#4366=AXIS2_PLACEMENT_3D('',#6602,#5079,#5080);
#4367=AXIS2_PLACEMENT_3D('',#6604,#5082,#5083);
#4368=AXIS2_PLACEMENT_3D('',#6606,#5085,#5086);
#4369=AXIS2_PLACEMENT_3D('',#6608,#5088,#5089);
#4370=AXIS2_PLACEMENT_3D('',#6609,#5090,#5091);
#4371=AXIS2_PLACEMENT_3D('',#6622,#5098,#5099);
#4372=AXIS2_PLACEMENT_3D('',#6628,#5103,#5104);
#4373=AXIS2_PLACEMENT_3D('',#6638,#5110,#5111);
#4374=AXIS2_PLACEMENT_3D('',#6640,#5113,#5114);
#4375=AXIS2_PLACEMENT_3D('',#6653,#5121,#5122);
#4376=AXIS2_PLACEMENT_3D('',#6659,#5126,#5127);
#4377=AXIS2_PLACEMENT_3D('',#6669,#5133,#5134);
#4378=AXIS2_PLACEMENT_3D('',#6671,#5136,#5137);
#4379=AXIS2_PLACEMENT_3D('',#6681,#5143,#5144);
#4380=AXIS2_PLACEMENT_3D('',#6687,#5148,#5149);
#4381=AXIS2_PLACEMENT_3D('',#6689,#5150,#5151);
#4382=AXIS2_PLACEMENT_3D('',#6691,#5152,#5153);
#4383=AXIS2_PLACEMENT_3D('',#6693,#5155,#5156);
#4384=AXIS2_PLACEMENT_3D('',#6697,#5158,#5159);
#4385=AXIS2_PLACEMENT_3D('',#6699,#5160,#5161);
#4386=AXIS2_PLACEMENT_3D('',#6700,#5162,#5163);
#4387=AXIS2_PLACEMENT_3D('',#6701,#5164,#5165);
#4388=AXIS2_PLACEMENT_3D('',#6707,#5169,#5170);
#4389=AXIS2_PLACEMENT_3D('',#6713,#5174,#5175);
#4390=AXIS2_PLACEMENT_3D('',#6723,#5181,#5182);
#4391=AXIS2_PLACEMENT_3D('',#6725,#5183,#5184);
#4392=AXIS2_PLACEMENT_3D('',#6727,#5185,#5186);
#4393=AXIS2_PLACEMENT_3D('',#6729,#5187,#5188);
#4394=AXIS2_PLACEMENT_3D('',#6731,#5190,#5191);
#4395=AXIS2_PLACEMENT_3D('',#6735,#5193,#5194);
#4396=AXIS2_PLACEMENT_3D('',#6736,#5195,#5196);
#4397=AXIS2_PLACEMENT_3D('',#6737,#5197,#5198);
#4398=AXIS2_PLACEMENT_3D('',#6743,#5202,#5203);
#4399=AXIS2_PLACEMENT_3D('',#6746,#5204,#5205);
#4400=AXIS2_PLACEMENT_3D('',#6754,#5210,#5211);
#4401=AXIS2_PLACEMENT_3D('',#6760,#5214,#5215);
#4402=AXIS2_PLACEMENT_3D('',#6763,#5217,#5218);
#4403=AXIS2_PLACEMENT_3D('',#6764,#5219,#5220);
#4404=AXIS2_PLACEMENT_3D('',#6768,#5223,#5224);
#4405=AXIS2_PLACEMENT_3D('',#6776,#5229,#5230);
#4406=AXIS2_PLACEMENT_3D('',#6779,#5232,#5233);
#4407=AXIS2_PLACEMENT_3D('',#6780,#5234,#5235);
#4408=AXIS2_PLACEMENT_3D('',#6789,#5239,#5240);
#4409=AXIS2_PLACEMENT_3D('',#6792,#5242,#5243);
#4410=AXIS2_PLACEMENT_3D('',#6793,#5244,#5245);
#4411=AXIS2_PLACEMENT_3D('',#6799,#5249,#5250);
#4412=AXIS2_PLACEMENT_3D('',#6801,#5251,#5252);
#4413=AXIS2_PLACEMENT_3D('',#6804,#5254,#5255);
#4414=AXIS2_PLACEMENT_3D('',#6805,#5256,#5257);
#4415=AXIS2_PLACEMENT_3D('',#6811,#5260,#5261);
#4416=AXIS2_PLACEMENT_3D('',#6813,#5263,#5264);
#4417=AXIS2_PLACEMENT_3D('',#6816,#5265,#5266);
#4418=AXIS2_PLACEMENT_3D('',#6819,#5268,#5269);
#4419=AXIS2_PLACEMENT_3D('',#6823,#5272,#5273);
#4420=AXIS2_PLACEMENT_3D('',#6829,#5277,#5278);
#4421=AXIS2_PLACEMENT_3D('',#6831,#5279,#5280);
#4422=AXIS2_PLACEMENT_3D('',#6834,#5282,#5283);
#4423=AXIS2_PLACEMENT_3D('',#6835,#5284,#5285);
#4424=AXIS2_PLACEMENT_3D('',#6837,#5286,#5287);
#4425=AXIS2_PLACEMENT_3D('',#6840,#5290,#5291);
#4426=AXIS2_PLACEMENT_3D('',#6843,#5292,#5293);
#4427=AXIS2_PLACEMENT_3D('',#6851,#5298,#5299);
#4428=AXIS2_PLACEMENT_3D('',#6855,#5301,#5302);
#4429=AXIS2_PLACEMENT_3D('',#6856,#5303,#5304);
#4430=AXIS2_PLACEMENT_3D('',#6857,#5305,#5306);
#4431=AXIS2_PLACEMENT_3D('',#6863,#5310,#5311);
#4432=AXIS2_PLACEMENT_3D('',#6867,#5313,#5314);
#4433=AXIS2_PLACEMENT_3D('',#6868,#5315,#5316);
#4434=AXIS2_PLACEMENT_3D('',#6869,#5317,#5318);
#4435=AXIS2_PLACEMENT_3D('',#6876,#5322,#5323);
#4436=AXIS2_PLACEMENT_3D('',#6877,#5324,#5325);
#4437=AXIS2_PLACEMENT_3D('',#6879,#5327,#5328);
#4438=AXIS2_PLACEMENT_3D('',#6881,#5329,#5330);
#4439=AXIS2_PLACEMENT_3D('',#6884,#5332,#5333);
#4440=AXIS2_PLACEMENT_3D('',#6885,#5334,#5335);
#4441=AXIS2_PLACEMENT_3D('',#6889,#5337,#5338);
#4442=AXIS2_PLACEMENT_3D('',#6891,#5340,#5341);
#4443=AXIS2_PLACEMENT_3D('',#6895,#5343,#5344);
#4444=AXIS2_PLACEMENT_3D('',#6897,#5346,#5347);
#4445=AXIS2_PLACEMENT_3D('',#6900,#5350,#5351);
#4446=AXIS2_PLACEMENT_3D('',#6903,#5354,#5355);
#4447=AXIS2_PLACEMENT_3D('',#6905,#5357,#5358);
#4448=AXIS2_PLACEMENT_3D('',#6907,#5360,#5361);
#4449=AXIS2_PLACEMENT_3D('',#6911,#5363,#5364);
#4450=AXIS2_PLACEMENT_3D('',#6913,#5366,#5367);
#4451=AXIS2_PLACEMENT_3D('',#6917,#5370,#5371);
#4452=AXIS2_PLACEMENT_3D('',#6919,#5372,#5373);
#4453=AXIS2_PLACEMENT_3D('',#6922,#5375,#5376);
#4454=AXIS2_PLACEMENT_3D('',#6925,#5378,#5379);
#4455=AXIS2_PLACEMENT_3D('',#6929,#5382,#5383);
#4456=AXIS2_PLACEMENT_3D('',#6931,#5385,#5386);
#4457=AXIS2_PLACEMENT_3D('',#6935,#5388,#5389);
#4458=AXIS2_PLACEMENT_3D('',#6937,#5391,#5392);
#4459=AXIS2_PLACEMENT_3D('',#6943,#5396,#5397);
#4460=AXIS2_PLACEMENT_3D('',#6947,#5400,#5401);
#4461=AXIS2_PLACEMENT_3D('',#6951,#5403,#5404);
#4462=AXIS2_PLACEMENT_3D('',#6954,#5406,#5407);
#4463=AXIS2_PLACEMENT_3D('',#6955,#5408,#5409);
#4464=AXIS2_PLACEMENT_3D('',#6957,#5411,#5412);
#4465=AXIS2_PLACEMENT_3D('',#6959,#5414,#5415);
#4466=AXIS2_PLACEMENT_3D('',#6960,#5416,#5417);
#4467=AXIS2_PLACEMENT_3D('',#6961,#5418,#5419);
#4468=AXIS2_PLACEMENT_3D('',#6965,#5422,#5423);
#4469=AXIS2_PLACEMENT_3D('',#6967,#5424,#5425);
#4470=AXIS2_PLACEMENT_3D('',#6969,#5427,#5428);
#4471=AXIS2_PLACEMENT_3D('',#6972,#5430,#5431);
#4472=AXIS2_PLACEMENT_3D('',#6973,#5432,#5433);
#4473=AXIS2_PLACEMENT_3D('',#6975,#5434,#5435);
#4474=AXIS2_PLACEMENT_3D('',#6977,#5437,#5438);
#4475=AXIS2_PLACEMENT_3D('',#6978,#5439,#5440);
#4476=AXIS2_PLACEMENT_3D('',#6979,#5441,#5442);
#4477=AXIS2_PLACEMENT_3D('',#6982,#5444,#5445);
#4478=AXIS2_PLACEMENT_3D('',#6983,#5446,#5447);
#4479=AXIS2_PLACEMENT_3D('',#6984,#5448,#5449);
#4480=AXIS2_PLACEMENT_3D('',#6985,#5450,#5451);
#4481=AXIS2_PLACEMENT_3D('',#6987,#5452,#5453);
#4482=AXIS2_PLACEMENT_3D('',#6989,#5455,#5456);
#4483=AXIS2_PLACEMENT_3D('',#6991,#5457,#5458);
#4484=AXIS2_PLACEMENT_3D('',#6993,#5460,#5461);
#4485=AXIS2_PLACEMENT_3D('',#6995,#5462,#5463);
#4486=AXIS2_PLACEMENT_3D('',#7002,#5467,#5468);
#4487=AXIS2_PLACEMENT_3D('',#7006,#5471,#5472);
#4488=AXIS2_PLACEMENT_3D('',#7008,#5473,#5474);
#4489=AXIS2_PLACEMENT_3D('',#7010,#5475,#5476);
#4490=AXIS2_PLACEMENT_3D('',#7012,#5477,#5478);
#4491=AXIS2_PLACEMENT_3D('',#7013,#5479,#5480);
#4492=AXIS2_PLACEMENT_3D('',#7014,#5481,#5482);
#4493=AXIS2_PLACEMENT_3D('',#7015,#5483,#5484);
#4494=AXIS2_PLACEMENT_3D('',#7021,#5487,#5488);
#4495=AXIS2_PLACEMENT_3D('',#7025,#5490,#5491);
#4496=AXIS2_PLACEMENT_3D('',#7029,#5493,#5494);
#4497=AXIS2_PLACEMENT_3D('',#7033,#5497,#5498);
#4498=AXIS2_PLACEMENT_3D('',#7034,#5499,#5500);
#4499=AXIS2_PLACEMENT_3D('',#7039,#5504,#5505);
#4500=AXIS2_PLACEMENT_3D('',#7041,#5507,#5508);
#4501=AXIS2_PLACEMENT_3D('',#7042,#5509,#5510);
#4502=AXIS2_PLACEMENT_3D('',#7046,#5513,#5514);
#4503=AXIS2_PLACEMENT_3D('',#7050,#5517,#5518);
#4504=AXIS2_PLACEMENT_3D('',#7053,#5521,#5522);
#4505=AXIS2_PLACEMENT_3D('',#7128,#5523,#5524);
#4506=AXIS2_PLACEMENT_3D('',#7209,#5529,#5530);
#4507=AXIS2_PLACEMENT_3D('',#7210,#5531,#5532);
#4508=AXIS2_PLACEMENT_3D('',#7211,#5533,#5534);
#4509=AXIS2_PLACEMENT_3D('',#7212,#5535,#5536);
#4510=AXIS2_PLACEMENT_3D('',#7213,#5537,#5538);
#4511=AXIS2_PLACEMENT_3D('',#7288,#5539,#5540);
#4512=AXIS2_PLACEMENT_3D('',#7370,#5546,#5547);
#4513=AXIS2_PLACEMENT_3D('',#7371,#5548,#5549);
#4514=AXIS2_PLACEMENT_3D('',#7372,#5550,#5551);
#4515=AXIS2_PLACEMENT_3D('',#7373,#5552,#5553);
#4516=AXIS2_PLACEMENT_3D('',#7374,#5554,#5555);
#4517=AXIS2_PLACEMENT_3D('',#7449,#5556,#5557);
#4518=AXIS2_PLACEMENT_3D('',#7451,#5558,#5559);
#4519=AXIS2_PLACEMENT_3D('',#7457,#5560,#5561);
#4520=AXIS2_PLACEMENT_3D('',#7458,#5562,#5563);
#4521=AXIS2_PLACEMENT_3D('',#7460,#5564,#5565);
#4522=AXIS2_PLACEMENT_3D('',#7528,#5566,#5567);
#4523=AXIS2_PLACEMENT_3D('',#7536,#5573,#5574);
#4524=AXIS2_PLACEMENT_3D('',#7538,#5576,#5577);
#4525=AXIS2_PLACEMENT_3D('',#7539,#5578,#5579);
#4526=AXIS2_PLACEMENT_3D('',#7540,#5580,#5581);
#4527=AXIS2_PLACEMENT_3D('',#7542,#5583,#5584);
#4528=AXIS2_PLACEMENT_3D('',#7543,#5585,#5586);
#4529=AXIS2_PLACEMENT_3D('',#7544,#5587,#5588);
#4530=AXIS2_PLACEMENT_3D('',#7545,#5589,#5590);
#4531=AXIS2_PLACEMENT_3D('',#7546,#5591,#5592);
#4532=AXIS2_PLACEMENT_3D('',#7548,#5593,#5594);
#4533=AXIS2_PLACEMENT_3D('',#7550,#5596,#5597);
#4534=AXIS2_PLACEMENT_3D('',#7552,#5599,#5600);
#4535=AXIS2_PLACEMENT_3D('',#7553,#5601,#5602);
#4536=AXIS2_PLACEMENT_3D('',#7555,#5603,#5604);
#4537=AXIS2_PLACEMENT_3D('',#7558,#5606,#5607);
#4538=AXIS2_PLACEMENT_3D('',#7559,#5608,#5609);
#4539=AXIS2_PLACEMENT_3D('',#7561,#5611,#5612);
#4540=AXIS2_PLACEMENT_3D('',#7562,#5613,#5614);
#4541=AXIS2_PLACEMENT_3D('',#7564,#5615,#5616);
#4542=AXIS2_PLACEMENT_3D('',#7567,#5618,#5619);
#4543=AXIS2_PLACEMENT_3D('',#7568,#5620,#5621);
#4544=AXIS2_PLACEMENT_3D('',#7570,#5623,#5624);
#4545=AXIS2_PLACEMENT_3D('',#7571,#5625,#5626);
#4546=AXIS2_PLACEMENT_3D('',#7573,#5627,#5628);
#4547=AXIS2_PLACEMENT_3D('',#7576,#5630,#5631);
#4548=AXIS2_PLACEMENT_3D('',#7577,#5632,#5633);
#4549=AXIS2_PLACEMENT_3D('',#7579,#5635,#5636);
#4550=AXIS2_PLACEMENT_3D('',#7580,#5637,#5638);
#4551=AXIS2_PLACEMENT_3D('',#7582,#5639,#5640);
#4552=AXIS2_PLACEMENT_3D('',#7585,#5642,#5643);
#4553=AXIS2_PLACEMENT_3D('',#7586,#5644,#5645);
#4554=AXIS2_PLACEMENT_3D('',#7588,#5647,#5648);
#4555=AXIS2_PLACEMENT_3D('',#7589,#5649,#5650);
#4556=DIRECTION('axis',(0.,0.,1.));
#4557=DIRECTION('refdir',(1.,0.,0.));
#4558=DIRECTION('axis',(0.,0.,1.));
#4559=DIRECTION('refdir',(1.,0.,0.));
#4560=DIRECTION('center_axis',(0.,1.,0.));
#4561=DIRECTION('ref_axis',(-1.99840144432527E-14,0.,-1.));
#4562=DIRECTION('',(-0.70710678118655,-0.707106781186545,0.));
#4563=DIRECTION('center_axis',(0.,1.,0.));
#4564=DIRECTION('ref_axis',(-1.99840144432527E-14,0.,-1.));
#4565=DIRECTION('',(-1.57009245868377E-14,0.707106781186547,-0.707106781186548));
#4566=DIRECTION('center_axis',(0.,-1.,0.));
#4567=DIRECTION('ref_axis',(-1.99840144432527E-14,0.,-1.));
#4568=DIRECTION('center_axis',(0.707106781186547,-0.707106781186548,-1.8471675984515E-15));
#4569=DIRECTION('ref_axis',(-2.61228946970625E-15,0.,-1.));
#4570=DIRECTION('',(-0.707106781186548,-0.707106781186547,0.));
#4571=DIRECTION('',(-2.61228946970625E-15,0.,-1.));
#4572=DIRECTION('',(2.61228946970625E-15,0.,1.));
#4573=DIRECTION('center_axis',(0.,1.,0.));
#4574=DIRECTION('ref_axis',(1.,0.,0.));
#4575=DIRECTION('',(0.,-0.707106781186547,-0.707106781186548));
#4576=DIRECTION('center_axis',(0.,1.,0.));
#4577=DIRECTION('ref_axis',(1.,0.,0.));
#4578=DIRECTION('center_axis',(0.,-1.,0.));
#4579=DIRECTION('ref_axis',(1.,0.,0.));
#4580=DIRECTION('center_axis',(0.,-0.707106781186548,0.707106781186547));
#4581=DIRECTION('ref_axis',(1.,0.,0.));
#4582=DIRECTION('',(1.96261557335472E-15,-0.707106781186547,-0.707106781186548));
#4583=DIRECTION('',(1.,0.,0.));
#4584=DIRECTION('',(-1.,0.,0.));
#4585=DIRECTION('center_axis',(0.,1.,0.));
#4586=DIRECTION('ref_axis',(0.,0.,1.));
#4587=DIRECTION('',(0.707106781184831,-0.70710678118655,-1.55719515399487E-6));
#4588=DIRECTION('center_axis',(0.,1.,0.));
#4589=DIRECTION('ref_axis',(0.,0.,1.));
#4590=DIRECTION('center_axis',(0.,-1.,0.));
#4591=DIRECTION('ref_axis',(0.,0.,1.));
#4592=DIRECTION('center_axis',(-0.707106781186547,-0.707106781186548,6.35420468125741E-12));
#4593=DIRECTION('ref_axis',(8.98620243832884E-12,0.,1.));
#4594=DIRECTION('',(0.707106781186548,-0.707106781186547,-6.35102399537587E-12));
#4595=DIRECTION('',(8.98620243832884E-12,0.,1.));
#4596=DIRECTION('',(-8.98620243832884E-12,0.,-1.));
#4597=DIRECTION('center_axis',(0.,1.,0.));
#4598=DIRECTION('ref_axis',(-1.,0.,-4.44089209850061E-15));
#4599=DIRECTION('',(-4.99681924976111E-12,-0.707106781186547,0.707106781186548));
#4600=DIRECTION('center_axis',(0.,1.,0.));
#4601=DIRECTION('ref_axis',(-1.,0.,-4.44089209850061E-15));
#4602=DIRECTION('center_axis',(0.,-1.,0.));
#4603=DIRECTION('ref_axis',(-1.,0.,-4.44089209850061E-15));
#4604=DIRECTION('center_axis',(0.,-0.707106781186548,-0.707106781186547));
#4605=DIRECTION('ref_axis',(-1.,0.,0.));
#4606=DIRECTION('',(-1.,0.,0.));
#4607=DIRECTION('',(1.,0.,0.));
#4608=DIRECTION('center_axis',(0.,0.,1.));
#4609=DIRECTION('ref_axis',(-1.,0.,0.));
#4610=DIRECTION('',(0.,-1.,0.));
#4611=DIRECTION('',(1.,0.,0.));
#4612=DIRECTION('',(0.,1.,0.));
#4613=DIRECTION('',(1.,0.,0.));
#4614=DIRECTION('center_axis',(0.,0.,-1.));
#4615=DIRECTION('ref_axis',(-1.,0.,0.));
#4616=DIRECTION('',(1.,0.,0.));
#4617=DIRECTION('center_axis',(0.,0.,-1.));
#4618=DIRECTION('ref_axis',(-1.,0.,0.));
#4619=DIRECTION('',(1.,0.,0.));
#4620=DIRECTION('center_axis',(0.,0.,-1.));
#4621=DIRECTION('ref_axis',(-1.,0.,0.));
#4622=DIRECTION('',(1.,0.,0.));
#4623=DIRECTION('',(0.,1.,0.));
#4624=DIRECTION('',(1.,0.,0.));
#4625=DIRECTION('',(0.,-1.,0.));
#4626=DIRECTION('center_axis',(0.,-1.,0.));
#4627=DIRECTION('ref_axis',(1.,0.,0.));
#4628=DIRECTION('',(0.,-1.,0.));
#4629=DIRECTION('center_axis',(0.,-1.,0.));
#4630=DIRECTION('ref_axis',(1.,0.,0.));
#4631=DIRECTION('center_axis',(1.,0.,-2.61228946970625E-15));
#4632=DIRECTION('ref_axis',(2.61228946970625E-15,0.,1.));
#4633=DIRECTION('',(0.,-1.,0.));
#4634=DIRECTION('',(2.61228946970625E-15,0.,1.));
#4635=DIRECTION('center_axis',(0.,-1.,0.));
#4636=DIRECTION('ref_axis',(-1.99840144432527E-14,0.,-1.));
#4637=DIRECTION('',(0.,-1.,0.));
#4638=DIRECTION('',(0.,-1.,0.));
#4639=DIRECTION('center_axis',(0.,-1.,0.));
#4640=DIRECTION('ref_axis',(-1.99840144432527E-14,0.,-1.));
#4641=DIRECTION('center_axis',(0.,-1.,0.));
#4642=DIRECTION('ref_axis',(1.,0.,0.));
#4643=DIRECTION('center_axis',(0.,1.,0.));
#4644=DIRECTION('ref_axis',(-2.2204460492503E-14,0.,-1.));
#4645=DIRECTION('',(-0.707106781186548,-0.707106781186547,3.92523114670943E-15));
#4646=DIRECTION('center_axis',(0.,1.,0.));
#4647=DIRECTION('ref_axis',(-2.2204460492503E-14,0.,-1.));
#4648=DIRECTION('',(-1.57009245868377E-14,0.707106781186547,-0.707106781186548));
#4649=DIRECTION('center_axis',(0.,-1.,0.));
#4650=DIRECTION('ref_axis',(-2.2204460492503E-14,0.,-1.));
#4651=DIRECTION('center_axis',(0.707106781186547,-0.707106781186548,0.));
#4652=DIRECTION('ref_axis',(0.,0.,-1.));
#4653=DIRECTION('',(-0.707106781186548,-0.707106781186547,0.));
#4654=DIRECTION('',(0.,0.,-1.));
#4655=DIRECTION('',(0.,0.,1.));
#4656=DIRECTION('center_axis',(0.,1.,0.));
#4657=DIRECTION('ref_axis',(1.,0.,4.44089209850059E-15));
#4658=DIRECTION('',(1.57009245868377E-14,-0.707106781186547,-0.707106781186548));
#4659=DIRECTION('center_axis',(0.,1.,0.));
#4660=DIRECTION('ref_axis',(1.,0.,4.44089209850059E-15));
#4661=DIRECTION('center_axis',(0.,-1.,0.));
#4662=DIRECTION('ref_axis',(1.,0.,4.44089209850059E-15));
#4663=DIRECTION('center_axis',(0.,-0.707106781186548,0.707106781186547));
#4664=DIRECTION('ref_axis',(1.,0.,0.));
#4665=DIRECTION('',(0.,-0.707106781186547,-0.707106781186548));
#4666=DIRECTION('',(1.,0.,0.));
#4667=DIRECTION('',(-1.,0.,0.));
#4668=DIRECTION('center_axis',(0.,1.,0.));
#4669=DIRECTION('ref_axis',(7.06767977476371E-12,0.,1.));
#4670=DIRECTION('',(0.707106781186548,-0.707106781186547,-7.85046229341887E-15));
#4671=DIRECTION('center_axis',(0.,1.,0.));
#4672=DIRECTION('ref_axis',(7.06767977476371E-12,0.,1.));
#4673=DIRECTION('center_axis',(0.,-1.,0.));
#4674=DIRECTION('ref_axis',(7.06767977476371E-12,0.,1.));
#4675=DIRECTION('center_axis',(-0.707106781186545,-0.70710678118655,-1.96261557335471E-16));
#4676=DIRECTION('ref_axis',(-2.77555756156289E-16,0.,1.));
#4677=DIRECTION('',(0.70710678118655,-0.707106781186545,0.));
#4678=DIRECTION('',(-2.77555756156289E-16,0.,1.));
#4679=DIRECTION('',(2.77555756156289E-16,0.,-1.));
#4680=DIRECTION('center_axis',(0.,1.,0.));
#4681=DIRECTION('ref_axis',(-1.,0.,-2.22044604925031E-15));
#4682=DIRECTION('',(-4.99681924976111E-12,-0.707106781186547,0.707106781186548));
#4683=DIRECTION('center_axis',(0.,1.,0.));
#4684=DIRECTION('ref_axis',(-1.,0.,-2.22044604925031E-15));
#4685=DIRECTION('center_axis',(0.,-1.,0.));
#4686=DIRECTION('ref_axis',(-1.,0.,-2.22044604925031E-15));
#4687=DIRECTION('center_axis',(0.,-0.707106781186548,-0.707106781186547));
#4688=DIRECTION('ref_axis',(-1.,0.,0.));
#4689=DIRECTION('',(-1.,0.,0.));
#4690=DIRECTION('',(1.,0.,0.));
#4691=DIRECTION('center_axis',(0.,0.,-1.));
#4692=DIRECTION('ref_axis',(0.,-1.,0.));
#4693=DIRECTION('',(0.,-1.,0.));
#4694=DIRECTION('',(-1.,0.,0.));
#4695=DIRECTION('',(0.,-1.,0.));
#4696=DIRECTION('center_axis',(0.,-1.,0.));
#4697=DIRECTION('ref_axis',(1.,0.,4.44089209850059E-15));
#4698=DIRECTION('',(0.,-1.,0.));
#4699=DIRECTION('center_axis',(0.,-1.,0.));
#4700=DIRECTION('ref_axis',(1.,0.,4.44089209850059E-15));
#4701=DIRECTION('',(0.,-1.,0.));
#4702=DIRECTION('center_axis',(1.,0.,0.));
#4703=DIRECTION('ref_axis',(0.,0.,1.));
#4704=DIRECTION('',(0.,-1.,0.));
#4705=DIRECTION('',(0.,0.,1.));
#4706=DIRECTION('center_axis',(0.,-1.,0.));
#4707=DIRECTION('ref_axis',(-2.2204460492503E-14,0.,-1.));
#4708=DIRECTION('',(0.,-1.,0.));
#4709=DIRECTION('',(0.,-1.,0.));
#4710=DIRECTION('center_axis',(0.,-1.,0.));
#4711=DIRECTION('ref_axis',(-2.2204460492503E-14,0.,-1.));
#4712=DIRECTION('center_axis',(0.,-1.,0.));
#4713=DIRECTION('ref_axis',(1.,0.,0.));
#4714=DIRECTION('center_axis',(2.4532694666934E-16,-0.707106781186548,-0.707106781186547));
#4715=DIRECTION('ref_axis',(-1.,0.,-3.46944695195361E-16));
#4716=DIRECTION('',(-1.,0.,-3.46944695195361E-16));
#4717=DIRECTION('',(-0.577350269189626,0.577350269189626,-0.577350269189626));
#4718=DIRECTION('',(1.,0.,3.46944695195361E-16));
#4719=DIRECTION('',(0.577350269189622,0.577350269189622,-0.577350269189633));
#4720=DIRECTION('center_axis',(0.707106781186547,-0.707106781186548,0.));
#4721=DIRECTION('ref_axis',(0.,0.,-1.));
#4722=DIRECTION('',(0.,0.,1.));
#4723=DIRECTION('',(-0.707106781186548,-0.707106781186547,0.));
#4724=DIRECTION('',(0.,0.,-1.));
#4725=DIRECTION('center_axis',(0.,1.,0.));
#4726=DIRECTION('ref_axis',(1.,0.,2.22044604925031E-15));
#4727=DIRECTION('',(1.57009245868377E-14,-0.707106781186547,-0.707106781186548));
#4728=DIRECTION('center_axis',(0.,1.,0.));
#4729=DIRECTION('ref_axis',(1.,0.,2.22044604925031E-15));
#4730=DIRECTION('center_axis',(0.,-1.,0.));
#4731=DIRECTION('ref_axis',(1.,0.,2.22044604925031E-15));
#4732=DIRECTION('center_axis',(0.,-0.707106781186548,0.707106781186547));
#4733=DIRECTION('ref_axis',(1.,0.,0.));
#4734=DIRECTION('',(0.,-0.707106781186546,-0.707106781186549));
#4735=DIRECTION('',(1.,0.,0.));
#4736=DIRECTION('',(-1.,0.,0.));
#4737=DIRECTION('center_axis',(0.,1.,0.));
#4738=DIRECTION('ref_axis',(7.07212066686225E-12,0.,1.));
#4739=DIRECTION('',(0.707106781186546,-0.707106781186549,0.));
#4740=DIRECTION('center_axis',(0.,1.,0.));
#4741=DIRECTION('ref_axis',(7.07212066686225E-12,0.,1.));
#4742=DIRECTION('center_axis',(0.,-1.,0.));
#4743=DIRECTION('ref_axis',(7.07212066686225E-12,0.,1.));
#4744=DIRECTION('center_axis',(-0.707106781186547,-0.707106781186548,0.));
#4745=DIRECTION('ref_axis',(0.,0.,1.));
#4746=DIRECTION('',(0.,0.,1.));
#4747=DIRECTION('',(0.,0.,-1.));
#4748=DIRECTION('center_axis',(0.,-1.,0.));
#4749=DIRECTION('ref_axis',(1.,0.,2.22044604925031E-15));
#4750=DIRECTION('',(0.,-1.,0.));
#4751=DIRECTION('center_axis',(0.,-1.,0.));
#4752=DIRECTION('ref_axis',(1.,0.,2.22044604925031E-15));
#4753=DIRECTION('',(0.,-1.,0.));
#4754=DIRECTION('',(0.,-1.,0.));
#4755=DIRECTION('center_axis',(1.,0.,0.));
#4756=DIRECTION('ref_axis',(0.,0.,1.));
#4757=DIRECTION('',(0.,-1.,0.));
#4758=DIRECTION('',(0.,0.,1.));
#4759=DIRECTION('center_axis',(3.46944695195361E-16,0.,-1.));
#4760=DIRECTION('ref_axis',(1.,0.,3.46944695195361E-16));
#4761=DIRECTION('',(0.,-1.,0.));
#4762=DIRECTION('',(1.,0.,3.46944695195361E-16));
#4763=DIRECTION('center_axis',(0.,-1.,0.));
#4764=DIRECTION('ref_axis',(1.,0.,0.));
#4765=DIRECTION('center_axis',(1.,0.,0.));
#4766=DIRECTION('ref_axis',(0.,0.,-1.));
#4767=DIRECTION('',(0.,0.,1.));
#4768=DIRECTION('',(0.,1.,0.));
#4769=DIRECTION('',(0.,0.,-1.));
#4770=DIRECTION('',(0.,1.,0.));
#4771=DIRECTION('center_axis',(0.,0.,1.));
#4772=DIRECTION('ref_axis',(1.,0.,0.));
#4773=DIRECTION('',(-1.,0.,0.));
#4774=DIRECTION('',(1.,0.,0.));
#4775=DIRECTION('',(0.,1.,0.));
#4776=DIRECTION('center_axis',(-1.,0.,0.));
#4777=DIRECTION('ref_axis',(0.,0.,1.));
#4778=DIRECTION('',(0.,0.,-1.));
#4779=DIRECTION('',(0.,0.,1.));
#4780=DIRECTION('',(0.,1.,0.));
#4781=DIRECTION('center_axis',(0.,1.,0.));
#4782=DIRECTION('ref_axis',(-0.666666666666668,0.,0.745355992499928));
#4783=DIRECTION('center_axis',(0.,1.,0.));
#4784=DIRECTION('ref_axis',(-0.666666666666668,0.,0.745355992499928));
#4785=DIRECTION('center_axis',(0.,-1.,0.));
#4786=DIRECTION('ref_axis',(-0.666666666666668,0.,0.745355992499928));
#4787=DIRECTION('',(0.,1.,0.));
#4788=DIRECTION('center_axis',(0.,1.,0.));
#4789=DIRECTION('ref_axis',(1.,0.,0.));
#4790=DIRECTION('center_axis',(0.,-1.,0.));
#4791=DIRECTION('ref_axis',(1.,0.,0.));
#4792=DIRECTION('center_axis',(0.,1.,0.));
#4793=DIRECTION('ref_axis',(1.,0.,0.));
#4794=DIRECTION('center_axis',(0.,1.,0.));
#4795=DIRECTION('ref_axis',(-1.,0.,0.));
#4796=DIRECTION('center_axis',(0.,1.,0.));
#4797=DIRECTION('ref_axis',(0.,0.,1.));
#4798=DIRECTION('center_axis',(0.,1.,0.));
#4799=DIRECTION('ref_axis',(0.,0.,1.));
#4800=DIRECTION('',(0.,1.,0.));
#4801=DIRECTION('center_axis',(0.,-1.,0.));
#4802=DIRECTION('ref_axis',(0.,0.,1.));
#4803=DIRECTION('',(0.,1.,0.));
#4804=DIRECTION('center_axis',(1.,0.,0.));
#4805=DIRECTION('ref_axis',(0.,0.,-1.));
#4806=DIRECTION('',(0.,0.,1.));
#4807=DIRECTION('',(0.,0.,-1.));
#4808=DIRECTION('',(0.,1.,0.));
#4809=DIRECTION('center_axis',(0.,0.,1.));
#4810=DIRECTION('ref_axis',(1.,0.,0.));
#4811=DIRECTION('',(-1.,0.,0.));
#4812=DIRECTION('',(1.,0.,0.));
#4813=DIRECTION('',(0.,1.,0.));
#4814=DIRECTION('center_axis',(-1.,0.,0.));
#4815=DIRECTION('ref_axis',(0.,0.,1.));
#4816=DIRECTION('',(0.,0.,-1.));
#4817=DIRECTION('',(0.,0.,1.));
#4818=DIRECTION('',(0.,1.,0.));
#4819=DIRECTION('center_axis',(0.,1.,0.));
#4820=DIRECTION('ref_axis',(-2.77555756156289E-15,0.,-1.));
#4821=DIRECTION('center_axis',(0.,-1.,0.));
#4822=DIRECTION('ref_axis',(-2.77555756156289E-15,0.,-1.));
#4823=DIRECTION('center_axis',(0.,1.,0.));
#4824=DIRECTION('ref_axis',(-2.77555756156289E-15,0.,-1.));
#4825=DIRECTION('center_axis',(0.,1.,0.));
#4826=DIRECTION('ref_axis',(-1.,0.,0.));
#4827=DIRECTION('center_axis',(0.,1.,0.));
#4828=DIRECTION('ref_axis',(-0.000198525470267233,0.,-0.999999980293819));
#4829=DIRECTION('center_axis',(0.,1.,0.));
#4830=DIRECTION('ref_axis',(-0.000198525470267233,0.,-0.999999980293819));
#4831=DIRECTION('',(0.,1.,0.));
#4832=DIRECTION('center_axis',(0.,-1.,0.));
#4833=DIRECTION('ref_axis',(-0.000198525470267233,0.,-0.999999980293819));
#4834=DIRECTION('',(0.,1.,0.));
#4835=DIRECTION('center_axis',(-1.,0.,0.));
#4836=DIRECTION('ref_axis',(0.,0.,1.));
#4837=DIRECTION('',(0.,0.,-1.));
#4838=DIRECTION('',(0.,0.,1.));
#4839=DIRECTION('',(0.,1.,0.));
#4840=DIRECTION('center_axis',(0.,0.,-1.));
#4841=DIRECTION('ref_axis',(-1.,0.,0.));
#4842=DIRECTION('',(1.,0.,0.));
#4843=DIRECTION('',(-1.,0.,0.));
#4844=DIRECTION('',(0.,1.,0.));
#4845=DIRECTION('center_axis',(1.,0.,5.12410514899159E-16));
#4846=DIRECTION('ref_axis',(5.12410514899159E-16,0.,-1.));
#4847=DIRECTION('',(-5.12410514899159E-16,0.,1.));
#4848=DIRECTION('',(5.12410514899159E-16,0.,-1.));
#4849=DIRECTION('',(0.,1.,0.));
#4850=DIRECTION('center_axis',(0.,1.,0.));
#4851=DIRECTION('ref_axis',(0.00268009135455107,0.,0.999996408548716));
#4852=DIRECTION('center_axis',(0.,-1.,0.));
#4853=DIRECTION('ref_axis',(0.00268009135455107,0.,0.999996408548716));
#4854=DIRECTION('center_axis',(0.,1.,0.));
#4855=DIRECTION('ref_axis',(0.00268009135455107,0.,0.999996408548716));
#4856=DIRECTION('center_axis',(0.,1.,0.));
#4857=DIRECTION('ref_axis',(-1.,0.,0.));
#4858=DIRECTION('center_axis',(-1.,0.,3.41607009932772E-16));
#4859=DIRECTION('ref_axis',(3.41607009932772E-16,0.,1.));
#4860=DIRECTION('',(-3.41607009932772E-16,0.,-1.));
#4861=DIRECTION('',(0.,1.,0.));
#4862=DIRECTION('',(3.41607009932772E-16,0.,1.));
#4863=DIRECTION('',(0.,1.,0.));
#4864=DIRECTION('center_axis',(0.,0.,-1.));
#4865=DIRECTION('ref_axis',(-1.,0.,0.));
#4866=DIRECTION('',(1.,0.,0.));
#4867=DIRECTION('',(-1.,0.,0.));
#4868=DIRECTION('',(0.,1.,0.));
#4869=DIRECTION('center_axis',(1.,0.,0.));
#4870=DIRECTION('ref_axis',(0.,0.,-1.));
#4871=DIRECTION('',(0.,0.,1.));
#4872=DIRECTION('',(0.,0.,-1.));
#4873=DIRECTION('',(0.,1.,0.));
#4874=DIRECTION('center_axis',(0.,1.,0.));
#4875=DIRECTION('ref_axis',(0.668651919716414,0.,-0.74357555786857));
#4876=DIRECTION('center_axis',(0.,1.,0.));
#4877=DIRECTION('ref_axis',(0.668651919716414,0.,-0.74357555786857));
#4878=DIRECTION('center_axis',(0.,-1.,0.));
#4879=DIRECTION('ref_axis',(0.668651919716414,0.,-0.74357555786857));
#4880=DIRECTION('',(0.,1.,0.));
#4881=DIRECTION('center_axis',(0.,1.,0.));
#4882=DIRECTION('ref_axis',(-1.,0.,0.));
#4883=DIRECTION('center_axis',(0.,-1.,0.));
#4884=DIRECTION('ref_axis',(-1.,0.,0.));
#4885=DIRECTION('center_axis',(0.,1.,0.));
#4886=DIRECTION('ref_axis',(-1.,0.,0.));
#4887=DIRECTION('center_axis',(0.,1.,0.));
#4888=DIRECTION('ref_axis',(-1.,0.,0.));
#4889=DIRECTION('center_axis',(0.,0.,-1.));
#4890=DIRECTION('ref_axis',(-1.,0.,0.));
#4891=DIRECTION('center_axis',(0.,0.,1.));
#4892=DIRECTION('ref_axis',(-1.,0.,0.));
#4893=DIRECTION('center_axis',(0.,0.,1.));
#4894=DIRECTION('ref_axis',(-1.,0.,0.));
#4895=DIRECTION('center_axis',(0.,0.,1.));
#4896=DIRECTION('ref_axis',(-1.,0.,0.));
#4897=DIRECTION('center_axis',(0.,0.,-1.));
#4898=DIRECTION('ref_axis',(-1.,0.,0.));
#4899=DIRECTION('center_axis',(0.,1.,0.));
#4900=DIRECTION('ref_axis',(0.,0.,1.));
#4901=DIRECTION('',(0.,0.,1.));
#4902=DIRECTION('',(0.,0.,1.));
#4903=DIRECTION('',(0.,0.,-1.));
#4904=DIRECTION('',(-1.,0.,0.));
#4905=DIRECTION('center_axis',(0.,0.,-1.));
#4906=DIRECTION('ref_axis',(-1.,0.,0.));
#4907=DIRECTION('center_axis',(0.,0.,1.));
#4908=DIRECTION('ref_axis',(-1.,0.,0.));
#4909=DIRECTION('center_axis',(0.,0.,1.));
#4910=DIRECTION('ref_axis',(-1.,0.,0.));
#4911=DIRECTION('center_axis',(0.,0.,1.));
#4912=DIRECTION('ref_axis',(-1.,0.,0.));
#4913=DIRECTION('center_axis',(0.,0.,-1.));
#4914=DIRECTION('ref_axis',(-1.,0.,0.));
#4915=DIRECTION('center_axis',(0.,1.,0.));
#4916=DIRECTION('ref_axis',(0.,0.,1.));
#4917=DIRECTION('',(0.,0.,1.));
#4918=DIRECTION('',(0.,0.,1.));
#4919=DIRECTION('',(0.,0.,-1.));
#4920=DIRECTION('',(0.,0.,-1.));
#4921=DIRECTION('',(-1.,0.,0.));
#4922=DIRECTION('center_axis',(0.,0.,-1.));
#4923=DIRECTION('ref_axis',(-1.,0.,0.));
#4924=DIRECTION('center_axis',(0.,0.,-1.));
#4925=DIRECTION('ref_axis',(-1.,0.,0.));
#4926=DIRECTION('center_axis',(0.,0.,1.));
#4927=DIRECTION('ref_axis',(-1.,0.,0.));
#4928=DIRECTION('center_axis',(0.,0.,1.));
#4929=DIRECTION('ref_axis',(-1.,0.,0.));
#4930=DIRECTION('center_axis',(0.,0.,-1.));
#4931=DIRECTION('ref_axis',(-1.,0.,0.));
#4932=DIRECTION('center_axis',(0.,1.,0.));
#4933=DIRECTION('ref_axis',(0.,0.,1.));
#4934=DIRECTION('',(0.,0.,-1.));
#4935=DIRECTION('',(-1.,0.,0.));
#4936=DIRECTION('',(0.,0.,1.));
#4937=DIRECTION('',(0.,0.,1.));
#4938=DIRECTION('',(0.,0.,-1.));
#4939=DIRECTION('center_axis',(0.,1.,0.));
#4940=DIRECTION('ref_axis',(0.,0.,1.));
#4941=DIRECTION('',(0.,0.,-1.));
#4942=DIRECTION('',(-1.,0.,0.));
#4943=DIRECTION('',(0.,0.,1.));
#4944=DIRECTION('',(0.,0.,-1.));
#4945=DIRECTION('center_axis',(0.,0.,-1.));
#4946=DIRECTION('ref_axis',(-1.,0.,0.));
#4947=DIRECTION('center_axis',(0.,0.,-1.));
#4948=DIRECTION('ref_axis',(-1.,0.,0.));
#4949=DIRECTION('center_axis',(0.,0.,-1.));
#4950=DIRECTION('ref_axis',(-1.,0.,0.));
#4951=DIRECTION('center_axis',(0.,0.,1.));
#4952=DIRECTION('ref_axis',(1.,0.,0.));
#4953=DIRECTION('',(-1.,0.,0.));
#4954=DIRECTION('',(0.,1.,0.));
#4955=DIRECTION('',(1.,0.,0.));
#4956=DIRECTION('',(0.,1.,0.));
#4957=DIRECTION('center_axis',(-1.,0.,0.));
#4958=DIRECTION('ref_axis',(0.,0.,1.));
#4959=DIRECTION('',(0.,0.,-1.));
#4960=DIRECTION('',(0.,0.,1.));
#4961=DIRECTION('',(0.,1.,0.));
#4962=DIRECTION('center_axis',(0.,0.,-1.));
#4963=DIRECTION('ref_axis',(-1.,0.,0.));
#4964=DIRECTION('',(1.,0.,0.));
#4965=DIRECTION('',(-1.,0.,0.));
#4966=DIRECTION('',(0.,1.,0.));
#4967=DIRECTION('center_axis',(1.,0.,0.));
#4968=DIRECTION('ref_axis',(0.,0.,-1.));
#4969=DIRECTION('',(0.,0.,1.));
#4970=DIRECTION('',(0.,0.,-1.));
#4971=DIRECTION('center_axis',(0.,1.,0.));
#4972=DIRECTION('ref_axis',(0.,0.,1.));
#4973=DIRECTION('center_axis',(-1.,0.,0.));
#4974=DIRECTION('ref_axis',(0.,0.,1.));
#4975=DIRECTION('',(0.,0.,-1.));
#4976=DIRECTION('',(0.,1.,0.));
#4977=DIRECTION('',(0.,0.,1.));
#4978=DIRECTION('',(0.,1.,0.));
#4979=DIRECTION('center_axis',(0.,0.,-1.));
#4980=DIRECTION('ref_axis',(-1.,0.,0.));
#4981=DIRECTION('',(1.,0.,0.));
#4982=DIRECTION('',(-1.,0.,0.));
#4983=DIRECTION('',(0.,1.,0.));
#4984=DIRECTION('center_axis',(1.,0.,0.));
#4985=DIRECTION('ref_axis',(0.,0.,-1.));
#4986=DIRECTION('',(0.,0.,1.));
#4987=DIRECTION('',(0.,0.,-1.));
#4988=DIRECTION('',(0.,1.,0.));
#4989=DIRECTION('center_axis',(0.,0.,1.));
#4990=DIRECTION('ref_axis',(1.,0.,0.));
#4991=DIRECTION('',(-1.,0.,0.));
#4992=DIRECTION('',(1.,0.,0.));
#4993=DIRECTION('center_axis',(0.,1.,0.));
#4994=DIRECTION('ref_axis',(0.,0.,1.));
#4995=DIRECTION('center_axis',(0.,0.,-1.));
#4996=DIRECTION('ref_axis',(0.,-1.,0.));
#4997=DIRECTION('',(-1.,0.,0.));
#4998=DIRECTION('',(0.,-1.,0.));
#4999=DIRECTION('center_axis',(0.,1.,-2.31296463463574E-17));
#5000=DIRECTION('ref_axis',(0.,-2.31296463463574E-17,-1.));
#5001=DIRECTION('',(0.,-2.31296463463574E-17,-1.));
#5002=DIRECTION('',(-1.,0.,0.));
#5003=DIRECTION('',(0.,2.31296463463574E-17,1.));
#5004=DIRECTION('center_axis',(0.,0.,1.));
#5005=DIRECTION('ref_axis',(0.,1.,0.));
#5006=DIRECTION('',(0.,-1.,0.));
#5007=DIRECTION('center_axis',(0.,1.,-4.62592926927149E-17));
#5008=DIRECTION('ref_axis',(0.,-4.62592926927149E-17,-1.));
#5009=DIRECTION('',(0.,-4.62592926927149E-17,-1.));
#5010=DIRECTION('',(-1.,0.,0.));
#5011=DIRECTION('',(0.,4.62592926927149E-17,1.));
#5012=DIRECTION('center_axis',(0.,0.,1.));
#5013=DIRECTION('ref_axis',(0.,1.,0.));
#5014=DIRECTION('',(0.,-1.,0.));
#5015=DIRECTION('center_axis',(1.,0.,0.));
#5016=DIRECTION('ref_axis',(0.,0.,1.));
#5017=DIRECTION('',(0.,0.,1.));
#5018=DIRECTION('center_axis',(1.,0.,0.));
#5019=DIRECTION('ref_axis',(0.,0.,1.));
#5020=DIRECTION('',(0.,0.,1.));
#5021=DIRECTION('center_axis',(0.,0.,-1.));
#5022=DIRECTION('ref_axis',(-1.,0.,0.));
#5023=DIRECTION('center_axis',(0.,0.,1.));
#5024=DIRECTION('ref_axis',(-1.,0.,0.));
#5025=DIRECTION('center_axis',(0.,0.,-1.));
#5026=DIRECTION('ref_axis',(-1.,0.,0.));
#5027=DIRECTION('center_axis',(0.,0.,1.));
#5028=DIRECTION('ref_axis',(-1.,0.,0.));
#5029=DIRECTION('center_axis',(0.,0.,-1.));
#5030=DIRECTION('ref_axis',(-1.,0.,0.));
#5031=DIRECTION('center_axis',(0.,0.,1.));
#5032=DIRECTION('ref_axis',(-1.,0.,0.));
#5033=DIRECTION('center_axis',(0.,0.,-1.));
#5034=DIRECTION('ref_axis',(-1.,0.,0.));
#5035=DIRECTION('',(0.,1.,0.));
#5036=DIRECTION('',(1.,0.,0.));
#5037=DIRECTION('',(0.,1.,0.));
#5038=DIRECTION('center_axis',(1.,0.,0.));
#5039=DIRECTION('ref_axis',(0.,0.,-1.));
#5040=DIRECTION('',(0.,0.,1.));
#5041=DIRECTION('center_axis',(-1.,0.,0.));
#5042=DIRECTION('ref_axis',(0.,0.,1.));
#5043=DIRECTION('',(0.,0.,-1.));
#5044=DIRECTION('center_axis',(0.,-1.,0.));
#5045=DIRECTION('ref_axis',(1.,0.,0.));
#5046=DIRECTION('',(0.,0.,-1.));
#5047=DIRECTION('center_axis',(0.,-1.,0.));
#5048=DIRECTION('ref_axis',(7.07212066686225E-12,0.,1.));
#5049=DIRECTION('',(0.,0.,-1.));
#5050=DIRECTION('center_axis',(0.,-1.,0.));
#5051=DIRECTION('ref_axis',(-1.,0.,-2.22044604925031E-15));
#5052=DIRECTION('',(2.77555756156289E-16,0.,-1.));
#5053=DIRECTION('center_axis',(0.,-1.,0.));
#5054=DIRECTION('ref_axis',(7.06767977476371E-12,0.,1.));
#5055=DIRECTION('',(0.,0.,-1.));
#5056=DIRECTION('center_axis',(0.,-1.,0.));
#5057=DIRECTION('ref_axis',(-1.,0.,-4.44089209850061E-15));
#5058=DIRECTION('',(-8.98620243832884E-12,0.,-1.));
#5059=DIRECTION('center_axis',(0.,-1.,0.));
#5060=DIRECTION('ref_axis',(0.,0.,1.));
#5061=DIRECTION('center_axis',(-1.,0.,0.));
#5062=DIRECTION('ref_axis',(0.,0.,-1.));
#5063=DIRECTION('',(0.,-1.,0.));
#5064=DIRECTION('center_axis',(0.,-1.,0.));
#5065=DIRECTION('ref_axis',(7.07212066686225E-12,0.,1.));
#5066=DIRECTION('',(0.,-1.,0.));
#5067=DIRECTION('center_axis',(-1.,0.,0.));
#5068=DIRECTION('ref_axis',(0.,0.,-1.));
#5069=DIRECTION('',(0.,-1.,0.));
#5070=DIRECTION('center_axis',(0.,-1.,0.));
#5071=DIRECTION('ref_axis',(-1.,0.,-2.22044604925031E-15));
#5072=DIRECTION('',(0.,-1.,0.));
#5073=DIRECTION('center_axis',(-1.,0.,-2.77555756156289E-16));
#5074=DIRECTION('ref_axis',(2.77555756156289E-16,0.,-1.));
#5075=DIRECTION('',(0.,-1.,0.));
#5076=DIRECTION('center_axis',(0.,-1.,0.));
#5077=DIRECTION('ref_axis',(7.06767977476371E-12,0.,1.));
#5078=DIRECTION('',(0.,-1.,0.));
#5079=DIRECTION('center_axis',(-1.,0.,0.));
#5080=DIRECTION('ref_axis',(0.,0.,-1.));
#5081=DIRECTION('',(0.,-1.,0.));
#5082=DIRECTION('center_axis',(0.,-1.,0.));
#5083=DIRECTION('ref_axis',(-1.,0.,-4.44089209850061E-15));
#5084=DIRECTION('',(0.,-1.,0.));
#5085=DIRECTION('center_axis',(-1.,0.,8.98620243832884E-12));
#5086=DIRECTION('ref_axis',(-8.98620243832884E-12,0.,-1.));
#5087=DIRECTION('',(0.,-1.,0.));
#5088=DIRECTION('center_axis',(0.,-1.,0.));
#5089=DIRECTION('ref_axis',(0.,0.,1.));
#5090=DIRECTION('center_axis',(0.,0.,1.));
#5091=DIRECTION('ref_axis',(1.,0.,0.));
#5092=DIRECTION('',(0.,1.,0.));
#5093=DIRECTION('',(1.,0.,0.));
#5094=DIRECTION('',(0.,1.,0.));
#5095=DIRECTION('',(1.,0.,0.));
#5096=DIRECTION('',(0.,1.,0.));
#5097=DIRECTION('',(1.,0.,0.));
#5098=DIRECTION('center_axis',(-1.,0.,0.));
#5099=DIRECTION('ref_axis',(0.,0.,1.));
#5100=DIRECTION('',(0.,0.,1.));
#5101=DIRECTION('',(0.,1.,0.));
#5102=DIRECTION('',(0.,0.,1.));
#5103=DIRECTION('center_axis',(0.,0.,-1.));
#5104=DIRECTION('ref_axis',(-1.,0.,0.));
#5105=DIRECTION('',(0.,-1.,0.));
#5106=DIRECTION('',(-1.,0.,0.));
#5107=DIRECTION('',(0.,-1.,0.));
#5108=DIRECTION('',(-1.,0.,0.));
#5109=DIRECTION('',(-1.,0.,0.));
#5110=DIRECTION('center_axis',(0.,1.,0.));
#5111=DIRECTION('ref_axis',(0.,0.,1.));
#5112=DIRECTION('',(5.55111512312578E-17,0.,-1.));
#5113=DIRECTION('center_axis',(0.,0.,-1.));
#5114=DIRECTION('ref_axis',(-1.,0.,0.));
#5115=DIRECTION('',(0.,1.,0.));
#5116=DIRECTION('',(-1.,0.,0.));
#5117=DIRECTION('',(0.,1.,0.));
#5118=DIRECTION('',(-1.,0.,0.));
#5119=DIRECTION('',(0.,1.,0.));
#5120=DIRECTION('',(-1.,0.,0.));
#5121=DIRECTION('center_axis',(1.,0.,-4.44089209850063E-16));
#5122=DIRECTION('ref_axis',(-4.44089209850063E-16,0.,-1.));
#5123=DIRECTION('',(-4.44089209850063E-16,0.,-1.));
#5124=DIRECTION('',(0.,1.,0.));
#5125=DIRECTION('',(-4.44089209850063E-16,0.,-1.));
#5126=DIRECTION('center_axis',(0.,0.,1.));
#5127=DIRECTION('ref_axis',(1.,0.,0.));
#5128=DIRECTION('',(0.,-1.,0.));
#5129=DIRECTION('',(1.,0.,0.));
#5130=DIRECTION('',(0.,-1.,0.));
#5131=DIRECTION('',(1.,0.,0.));
#5132=DIRECTION('',(1.,0.,0.));
#5133=DIRECTION('center_axis',(0.,1.,0.));
#5134=DIRECTION('ref_axis',(0.,0.,1.));
#5135=DIRECTION('',(0.,0.,1.));
#5136=DIRECTION('center_axis',(1.,0.,0.));
#5137=DIRECTION('ref_axis',(0.,1.,0.));
#5138=DIRECTION('',(0.,0.,1.));
#5139=DIRECTION('',(0.,1.,0.));
#5140=DIRECTION('',(0.,0.,1.));
#5141=DIRECTION('',(0.,1.,0.));
#5142=DIRECTION('',(0.,0.,1.));
#5143=DIRECTION('center_axis',(1.,0.,0.));
#5144=DIRECTION('ref_axis',(0.,1.,0.));
#5145=DIRECTION('',(0.,0.,1.));
#5146=DIRECTION('',(0.,-1.,0.));
#5147=DIRECTION('',(0.,0.,1.));
#5148=DIRECTION('center_axis',(0.,-1.,0.));
#5149=DIRECTION('ref_axis',(1.,0.,0.));
#5150=DIRECTION('center_axis',(0.,-1.,0.));
#5151=DIRECTION('ref_axis',(-0.707106781186548,0.,0.707106781186548));
#5152=DIRECTION('center_axis',(0.,1.,0.));
#5153=DIRECTION('ref_axis',(0.707106781186548,0.,-0.707106781186548));
#5154=DIRECTION('',(5.55111512312578E-17,0.,-1.));
#5155=DIRECTION('center_axis',(0.,-1.,0.));
#5156=DIRECTION('ref_axis',(1.,0.,0.));
#5157=DIRECTION('',(5.55111512312578E-17,0.,-1.));
#5158=DIRECTION('center_axis',(0.,1.,0.));
#5159=DIRECTION('ref_axis',(0.00238230365969595,0.,0.99999716231061));
#5160=DIRECTION('center_axis',(0.,-1.,0.));
#5161=DIRECTION('ref_axis',(0.,0.,1.));
#5162=DIRECTION('center_axis',(0.,1.,0.));
#5163=DIRECTION('ref_axis',(1.,0.,0.));
#5164=DIRECTION('center_axis',(1.,0.,5.55111512312578E-17));
#5165=DIRECTION('ref_axis',(5.55111512312578E-17,0.,-1.));
#5166=DIRECTION('',(0.,-1.,0.));
#5167=DIRECTION('',(5.55111512312578E-17,0.,-1.));
#5168=DIRECTION('',(0.,1.,0.));
#5169=DIRECTION('center_axis',(-1.,0.,0.));
#5170=DIRECTION('ref_axis',(0.,-1.,0.));
#5171=DIRECTION('',(0.,0.,1.));
#5172=DIRECTION('',(0.,-1.,0.));
#5173=DIRECTION('',(0.,0.,-1.));
#5174=DIRECTION('center_axis',(-1.,0.,0.));
#5175=DIRECTION('ref_axis',(0.,-1.,0.));
#5176=DIRECTION('',(0.,0.,-1.));
#5177=DIRECTION('',(0.,-1.,0.));
#5178=DIRECTION('',(0.,0.,1.));
#5179=DIRECTION('',(0.,-1.,0.));
#5180=DIRECTION('',(0.,0.,1.));
#5181=DIRECTION('center_axis',(0.,-1.,0.));
#5182=DIRECTION('ref_axis',(1.,0.,0.));
#5183=DIRECTION('center_axis',(0.,1.,0.));
#5184=DIRECTION('ref_axis',(1.,0.,0.));
#5185=DIRECTION('center_axis',(0.,-1.,0.));
#5186=DIRECTION('ref_axis',(0.,0.,1.));
#5187=DIRECTION('center_axis',(0.,1.,0.));
#5188=DIRECTION('ref_axis',(-0.00238230365970039,0.,0.99999716231061));
#5189=DIRECTION('',(0.,0.,-1.));
#5190=DIRECTION('center_axis',(0.,-1.,0.));
#5191=DIRECTION('ref_axis',(1.,0.,0.));
#5192=DIRECTION('',(0.,0.,-1.));
#5193=DIRECTION('center_axis',(0.,1.,0.));
#5194=DIRECTION('ref_axis',(-0.707106781186548,0.,-0.707106781186548));
#5195=DIRECTION('center_axis',(0.,-1.,0.));
#5196=DIRECTION('ref_axis',(0.707106781186548,0.,0.707106781186548));
#5197=DIRECTION('center_axis',(-1.,0.,0.));
#5198=DIRECTION('ref_axis',(0.,0.,1.));
#5199=DIRECTION('',(0.,-1.,0.));
#5200=DIRECTION('',(0.,0.,1.));
#5201=DIRECTION('',(0.,1.,0.));
#5202=DIRECTION('center_axis',(0.707106781186548,0.707106781186548,0.));
#5203=DIRECTION('ref_axis',(0.,0.,-1.));
#5204=DIRECTION('center_axis',(0.707106781186548,0.707106781186548,0.));
#5205=DIRECTION('ref_axis',(0.707106781186547,-0.707106781186547,0.));
#5206=DIRECTION('',(0.,0.,-1.));
#5207=DIRECTION('',(-0.707106781186547,0.707106781186547,0.));
#5208=DIRECTION('',(0.,0.,1.));
#5209=DIRECTION('',(0.577350269189626,-0.577350269189626,0.577350269189625));
#5210=DIRECTION('center_axis',(0.,0.707106781186547,0.707106781186548));
#5211=DIRECTION('ref_axis',(1.,0.,0.));
#5212=DIRECTION('',(-1.,0.,0.));
#5213=DIRECTION('',(0.577350269189626,0.577350269189626,-0.577350269189625));
#5214=DIRECTION('center_axis',(0.,0.707106781186547,0.707106781186548));
#5215=DIRECTION('ref_axis',(0.,-0.707106781186548,0.707106781186547));
#5216=DIRECTION('',(1.,0.,0.));
#5217=DIRECTION('center_axis',(0.,0.707106781186547,0.707106781186548));
#5218=DIRECTION('ref_axis',(0.,-0.707106781186548,0.707106781186547));
#5219=DIRECTION('center_axis',(0.,1.,0.));
#5220=DIRECTION('ref_axis',(-1.,0.,0.));
#5221=DIRECTION('',(1.,0.,0.));
#5222=DIRECTION('',(0.,0.,-1.));
#5223=DIRECTION('center_axis',(0.,0.,1.));
#5224=DIRECTION('ref_axis',(1.,0.,0.));
#5225=DIRECTION('',(0.,1.,0.));
#5226=DIRECTION('',(-1.,0.,0.));
#5227=DIRECTION('',(0.,1.,0.));
#5228=DIRECTION('',(-0.707106781186547,-0.707106781186547,0.));
#5229=DIRECTION('center_axis',(-0.707106781186548,0.707106781186548,0.));
#5230=DIRECTION('ref_axis',(0.,0.,1.));
#5231=DIRECTION('',(0.,0.,1.));
#5232=DIRECTION('center_axis',(-0.707106781186548,0.707106781186548,0.));
#5233=DIRECTION('ref_axis',(-0.707106781186547,-0.707106781186547,0.));
#5234=DIRECTION('center_axis',(-0.707106781186548,0.707106781186548,0.));
#5235=DIRECTION('ref_axis',(0.,0.,1.));
#5236=DIRECTION('',(0.577350332279671,0.577350332279671,-0.577350143009516));
#5237=DIRECTION('',(0.,0.,-1.));
#5238=DIRECTION('',(-0.577350269189626,-0.577350269189626,-0.577350269189626));
#5239=DIRECTION('center_axis',(-0.707106781186548,0.707106781186548,0.));
#5240=DIRECTION('ref_axis',(-0.707106781186547,-0.707106781186547,0.));
#5241=DIRECTION('',(0.,0.,1.));
#5242=DIRECTION('center_axis',(-0.707106781186548,0.707106781186548,0.));
#5243=DIRECTION('ref_axis',(-0.707106781186547,-0.707106781186547,0.));
#5244=DIRECTION('center_axis',(-1.,0.,0.));
#5245=DIRECTION('ref_axis',(0.,-1.,0.));
#5246=DIRECTION('',(0.,1.,0.));
#5247=DIRECTION('',(0.,0.,1.));
#5248=DIRECTION('',(0.,-1.,0.));
#5249=DIRECTION('center_axis',(0.,-1.,0.));
#5250=DIRECTION('ref_axis',(-0.707106781186548,0.,-0.707106781186548));
#5251=DIRECTION('center_axis',(0.,0.707106781186548,-0.707106781186548));
#5252=DIRECTION('ref_axis',(0.,-0.707106781186547,-0.707106781186547));
#5253=DIRECTION('',(0.,1.,0.));
#5254=DIRECTION('center_axis',(0.,1.,0.));
#5255=DIRECTION('ref_axis',(-0.707106781186548,0.,-0.707106781186548));
#5256=DIRECTION('center_axis',(0.,0.707106781186548,-0.707106781186548));
#5257=DIRECTION('ref_axis',(-1.,0.,0.));
#5258=DIRECTION('',(1.,0.,0.));
#5259=DIRECTION('',(-0.577350269189626,0.577350269189626,0.577350269189626));
#5260=DIRECTION('center_axis',(0.,0.707106781186548,-0.707106781186548));
#5261=DIRECTION('ref_axis',(0.,-0.707106781186547,-0.707106781186547));
#5262=DIRECTION('',(1.,0.,0.));
#5263=DIRECTION('center_axis',(0.707106781186548,0.707106781186548,0.));
#5264=DIRECTION('ref_axis',(0.,0.,-1.));
#5265=DIRECTION('center_axis',(0.707106781186548,0.707106781186548,0.));
#5266=DIRECTION('ref_axis',(0.707106781186547,-0.707106781186547,0.));
#5267=DIRECTION('',(0.,0.,-1.));
#5268=DIRECTION('center_axis',(0.707106781186548,0.707106781186548,0.));
#5269=DIRECTION('ref_axis',(0.707106781186547,-0.707106781186547,0.));
#5270=DIRECTION('',(0.,0.,1.));
#5271=DIRECTION('',(0.577350332279671,-0.577350332279671,0.577350143009516));
#5272=DIRECTION('center_axis',(1.,0.,0.));
#5273=DIRECTION('ref_axis',(0.,1.,0.));
#5274=DIRECTION('',(0.,1.,0.));
#5275=DIRECTION('',(0.,0.,1.));
#5276=DIRECTION('',(0.,-1.,0.));
#5277=DIRECTION('center_axis',(0.,-1.,0.));
#5278=DIRECTION('ref_axis',(0.707106781186546,0.,0.707106781186549));
#5279=DIRECTION('center_axis',(0.,0.707106665282706,0.70710689709037));
#5280=DIRECTION('ref_axis',(9.81307625828467E-17,-0.70710689709037,0.707106665282706));
#5281=DIRECTION('',(0.,1.,0.));
#5282=DIRECTION('center_axis',(0.,1.,0.));
#5283=DIRECTION('ref_axis',(0.707106781186546,0.,0.707106781186549));
#5284=DIRECTION('center_axis',(0.,0.707106665282706,0.70710689709037));
#5285=DIRECTION('ref_axis',(1.,0.,0.));
#5286=DIRECTION('center_axis',(0.,0.707106665282706,0.70710689709037));
#5287=DIRECTION('ref_axis',(-9.81307625828467E-17,-0.70710689709037,0.707106665282706));
#5288=DIRECTION('',(1.,0.,0.));
#5289=DIRECTION('',(-1.,0.,0.));
#5290=DIRECTION('center_axis',(-0.707106781186548,0.707106781186548,0.));
#5291=DIRECTION('ref_axis',(0.,0.,1.));
#5292=DIRECTION('center_axis',(-0.707106781186548,0.707106781186548,0.));
#5293=DIRECTION('ref_axis',(-0.707106781186547,-0.707106781186547,0.));
#5294=DIRECTION('',(0.,0.,1.));
#5295=DIRECTION('',(0.707106781186548,0.707106781186548,0.));
#5296=DIRECTION('',(0.,0.,-1.));
#5297=DIRECTION('',(-0.577350269189626,-0.577350269189626,-0.577350269189626));
#5298=DIRECTION('center_axis',(0.,-1.,0.));
#5299=DIRECTION('ref_axis',(-1.,0.,0.));
#5300=DIRECTION('',(0.,0.707106781186551,-0.707106781186544));
#5301=DIRECTION('center_axis',(0.,-1.,0.));
#5302=DIRECTION('ref_axis',(-1.,0.,0.));
#5303=DIRECTION('center_axis',(0.,1.,0.));
#5304=DIRECTION('ref_axis',(-1.,0.,0.));
#5305=DIRECTION('center_axis',(0.,0.70710678118655,0.707106781186546));
#5306=DIRECTION('ref_axis',(1.,0.,0.));
#5307=DIRECTION('',(0.,0.707106781186545,-0.70710678118655));
#5308=DIRECTION('',(-1.,0.,0.));
#5309=DIRECTION('',(1.,0.,0.));
#5310=DIRECTION('center_axis',(0.,-1.,0.));
#5311=DIRECTION('ref_axis',(1.,0.,0.));
#5312=DIRECTION('',(-0.707106781186548,0.707106781186548,0.));
#5313=DIRECTION('center_axis',(0.,-1.,0.));
#5314=DIRECTION('ref_axis',(1.,0.,0.));
#5315=DIRECTION('center_axis',(0.,1.,0.));
#5316=DIRECTION('ref_axis',(1.,0.,0.));
#5317=DIRECTION('center_axis',(0.707106781186548,0.707106781186548,0.));
#5318=DIRECTION('ref_axis',(0.,0.,-1.));
#5319=DIRECTION('',(-0.577350269189626,0.577350269189626,0.577350269189626));
#5320=DIRECTION('',(0.,0.,1.));
#5321=DIRECTION('',(0.,0.,-1.));
#5322=DIRECTION('center_axis',(0.707106781186548,0.707106781186548,0.));
#5323=DIRECTION('ref_axis',(0.707106781186547,-0.707106781186547,0.));
#5324=DIRECTION('center_axis',(0.,1.,0.));
#5325=DIRECTION('ref_axis',(-1.,0.,0.));
#5326=DIRECTION('',(1.,0.,0.));
#5327=DIRECTION('center_axis',(0.,0.707106781186548,-0.707106781186548));
#5328=DIRECTION('ref_axis',(-1.,0.,0.));
#5329=DIRECTION('center_axis',(0.,0.707106781186548,-0.707106781186548));
#5330=DIRECTION('ref_axis',(0.,-0.707106781186547,-0.707106781186547));
#5331=DIRECTION('',(1.,0.,0.));
#5332=DIRECTION('center_axis',(0.,0.707106781186548,-0.707106781186548));
#5333=DIRECTION('ref_axis',(0.,-0.707106781186547,-0.707106781186547));
#5334=DIRECTION('center_axis',(0.,1.,0.));
#5335=DIRECTION('ref_axis',(-0.707106781186548,0.,0.707106781186548));
#5336=DIRECTION('',(0.,-1.,0.));
#5337=DIRECTION('center_axis',(0.,1.,0.));
#5338=DIRECTION('ref_axis',(-0.707106781186548,0.,0.707106781186548));
#5339=DIRECTION('',(0.,1.,0.));
#5340=DIRECTION('center_axis',(0.,1.,0.));
#5341=DIRECTION('ref_axis',(0.707106781186546,0.,-0.707106781186549));
#5342=DIRECTION('',(0.,-1.,0.));
#5343=DIRECTION('center_axis',(0.,1.,0.));
#5344=DIRECTION('ref_axis',(0.707106781186546,0.,-0.707106781186549));
#5345=DIRECTION('',(0.,1.,0.));
#5346=DIRECTION('center_axis',(0.,-1.,0.));
#5347=DIRECTION('ref_axis',(0.,0.,-1.));
#5348=DIRECTION('',(0.,0.,-1.));
#5349=DIRECTION('',(0.,0.,1.));
#5350=DIRECTION('center_axis',(0.,-1.,0.));
#5351=DIRECTION('ref_axis',(0.,0.,-1.));
#5352=DIRECTION('',(0.,0.,-1.));
#5353=DIRECTION('',(0.,0.,1.));
#5354=DIRECTION('center_axis',(1.,0.,0.));
#5355=DIRECTION('ref_axis',(0.,0.,-1.));
#5356=DIRECTION('',(0.,0.,-1.));
#5357=DIRECTION('center_axis',(-1.,0.,0.));
#5358=DIRECTION('ref_axis',(0.,0.,1.));
#5359=DIRECTION('',(0.,0.,1.));
#5360=DIRECTION('center_axis',(0.,-1.,0.));
#5361=DIRECTION('ref_axis',(-0.707106781186546,0.,-0.707106781186549));
#5362=DIRECTION('',(0.,1.,0.));
#5363=DIRECTION('center_axis',(0.,1.,0.));
#5364=DIRECTION('ref_axis',(-0.707106781186546,0.,-0.707106781186549));
#5365=DIRECTION('',(0.,1.,0.));
#5366=DIRECTION('center_axis',(-1.,0.,0.));
#5367=DIRECTION('ref_axis',(0.,-1.,0.));
#5368=DIRECTION('',(0.,0.,1.));
#5369=DIRECTION('',(0.,-1.,0.));
#5370=DIRECTION('center_axis',(0.,-1.,0.));
#5371=DIRECTION('ref_axis',(1.,0.,0.));
#5372=DIRECTION('center_axis',(0.,-1.,0.));
#5373=DIRECTION('ref_axis',(1.,0.,0.));
#5374=DIRECTION('',(0.,0.,-1.));
#5375=DIRECTION('center_axis',(0.,-1.,0.));
#5376=DIRECTION('ref_axis',(1.,0.,0.));
#5377=DIRECTION('',(0.,0.,-1.));
#5378=DIRECTION('center_axis',(0.,1.,0.));
#5379=DIRECTION('ref_axis',(-0.707106781186546,0.,0.707106781186549));
#5380=DIRECTION('',(0.,0.,1.));
#5381=DIRECTION('',(1.,0.,0.));
#5382=DIRECTION('center_axis',(0.,1.,0.));
#5383=DIRECTION('ref_axis',(-0.707106781186546,0.,0.707106781186549));
#5384=DIRECTION('',(0.,1.,0.));
#5385=DIRECTION('center_axis',(0.,-1.,0.));
#5386=DIRECTION('ref_axis',(0.707106781186548,0.,0.707106781186548));
#5387=DIRECTION('',(0.,1.,0.));
#5388=DIRECTION('center_axis',(0.,1.,0.));
#5389=DIRECTION('ref_axis',(0.707106781186548,0.,0.707106781186548));
#5390=DIRECTION('',(0.,1.,0.));
#5391=DIRECTION('center_axis',(1.,0.,0.));
#5392=DIRECTION('ref_axis',(0.,1.,0.));
#5393=DIRECTION('',(0.,0.,1.));
#5394=DIRECTION('',(0.,1.,0.));
#5395=DIRECTION('',(0.,0.,-1.));
#5396=DIRECTION('center_axis',(0.,-1.,0.));
#5397=DIRECTION('ref_axis',(1.,0.,0.));
#5398=DIRECTION('',(1.,0.,0.));
#5399=DIRECTION('',(0.,0.,1.));
#5400=DIRECTION('center_axis',(0.,1.,0.));
#5401=DIRECTION('ref_axis',(0.707106781186548,0.,-0.707106781186548));
#5402=DIRECTION('',(0.,0.,1.));
#5403=DIRECTION('center_axis',(0.,-1.,0.));
#5404=DIRECTION('ref_axis',(1.,0.,0.));
#5405=DIRECTION('',(0.,0.,1.));
#5406=DIRECTION('center_axis',(0.,-1.,0.));
#5407=DIRECTION('ref_axis',(1.,0.,0.));
#5408=DIRECTION('center_axis',(0.,1.,0.));
#5409=DIRECTION('ref_axis',(0.707106781186548,0.,-0.707106781186548));
#5410=DIRECTION('',(0.,1.,0.));
#5411=DIRECTION('center_axis',(1.,0.,0.));
#5412=DIRECTION('ref_axis',(0.,1.,0.));
#5413=DIRECTION('',(0.,-1.,0.));
#5414=DIRECTION('center_axis',(1.,0.,0.));
#5415=DIRECTION('ref_axis',(0.,0.,-1.));
#5416=DIRECTION('center_axis',(-1.,0.,0.));
#5417=DIRECTION('ref_axis',(0.,0.,1.));
#5418=DIRECTION('center_axis',(-1.,0.,0.));
#5419=DIRECTION('ref_axis',(0.,-1.,0.));
#5420=DIRECTION('',(0.,0.,1.));
#5421=DIRECTION('',(0.,-1.,0.));
#5422=DIRECTION('center_axis',(0.,-1.,0.));
#5423=DIRECTION('ref_axis',(-0.00238230365970039,0.,0.99999716231061));
#5424=DIRECTION('center_axis',(0.,1.,0.));
#5425=DIRECTION('ref_axis',(-0.00238230365970039,0.,0.99999716231061));
#5426=DIRECTION('',(0.,-1.,0.));
#5427=DIRECTION('center_axis',(0.,-1.,0.));
#5428=DIRECTION('ref_axis',(0.,0.,1.));
#5429=DIRECTION('',(0.,1.,0.));
#5430=DIRECTION('center_axis',(0.,-1.,0.));
#5431=DIRECTION('ref_axis',(0.,0.,1.));
#5432=DIRECTION('center_axis',(0.,1.,0.));
#5433=DIRECTION('ref_axis',(-0.707106781186548,0.,-0.707106781186548));
#5434=DIRECTION('center_axis',(0.,1.,0.));
#5435=DIRECTION('ref_axis',(-0.707106781186548,0.,-0.707106781186548));
#5436=DIRECTION('',(0.,1.,0.));
#5437=DIRECTION('center_axis',(0.,1.,0.));
#5438=DIRECTION('ref_axis',(0.707106781186548,0.,0.707106781186548));
#5439=DIRECTION('center_axis',(0.,-1.,0.));
#5440=DIRECTION('ref_axis',(0.707106781186548,0.,0.707106781186548));
#5441=DIRECTION('center_axis',(0.,1.,0.));
#5442=DIRECTION('ref_axis',(0.707106781186548,0.,-0.707106781186548));
#5443=DIRECTION('',(0.,-1.,0.));
#5444=DIRECTION('center_axis',(0.,1.,0.));
#5445=DIRECTION('ref_axis',(0.707106781186548,0.,-0.707106781186548));
#5446=DIRECTION('center_axis',(0.,-1.,0.));
#5447=DIRECTION('ref_axis',(-0.707106781186548,0.,0.707106781186548));
#5448=DIRECTION('center_axis',(0.,-1.,0.));
#5449=DIRECTION('ref_axis',(-0.707106781186548,0.,0.707106781186548));
#5450=DIRECTION('center_axis',(0.,1.,0.));
#5451=DIRECTION('ref_axis',(0.00238230365969595,0.,0.99999716231061));
#5452=DIRECTION('center_axis',(0.,1.,0.));
#5453=DIRECTION('ref_axis',(0.00238230365969595,0.,0.99999716231061));
#5454=DIRECTION('',(0.,1.,0.));
#5455=DIRECTION('center_axis',(0.,1.,0.));
#5456=DIRECTION('ref_axis',(0.,0.,1.));
#5457=DIRECTION('center_axis',(0.,-1.,0.));
#5458=DIRECTION('ref_axis',(0.,0.,1.));
#5459=DIRECTION('',(0.,-1.,0.));
#5460=DIRECTION('center_axis',(0.,-1.,0.));
#5461=DIRECTION('ref_axis',(1.,0.,0.));
#5462=DIRECTION('center_axis',(0.,-1.,0.));
#5463=DIRECTION('ref_axis',(1.,0.,0.));
#5464=DIRECTION('',(0.,0.,-1.));
#5465=DIRECTION('',(-1.,0.,0.));
#5466=DIRECTION('',(0.,0.,1.));
#5467=DIRECTION('center_axis',(0.,-1.,0.));
#5468=DIRECTION('ref_axis',(1.,0.,0.));
#5469=DIRECTION('',(1.,0.,0.));
#5470=DIRECTION('',(1.,0.,0.));
#5471=DIRECTION('center_axis',(0.,1.,0.));
#5472=DIRECTION('ref_axis',(1.,0.,0.));
#5473=DIRECTION('center_axis',(0.,1.,0.));
#5474=DIRECTION('ref_axis',(1.,0.,0.));
#5475=DIRECTION('center_axis',(0.,1.,0.));
#5476=DIRECTION('ref_axis',(1.,0.,0.));
#5477=DIRECTION('center_axis',(0.,1.,0.));
#5478=DIRECTION('ref_axis',(1.,0.,0.));
#5479=DIRECTION('center_axis',(0.,0.,1.));
#5480=DIRECTION('ref_axis',(1.,0.,0.));
#5481=DIRECTION('center_axis',(0.,0.,1.));
#5482=DIRECTION('ref_axis',(1.,0.,0.));
#5483=DIRECTION('center_axis',(0.,0.,1.));
#5484=DIRECTION('ref_axis',(-1.,0.,0.));
#5485=DIRECTION('',(0.,-1.,0.));
#5486=DIRECTION('',(1.,0.,0.));
#5487=DIRECTION('center_axis',(0.,0.,1.));
#5488=DIRECTION('ref_axis',(-1.,0.,0.));
#5489=DIRECTION('',(1.,0.,0.));
#5490=DIRECTION('center_axis',(0.,0.,1.));
#5491=DIRECTION('ref_axis',(-1.,0.,0.));
#5492=DIRECTION('',(1.,0.,0.));
#5493=DIRECTION('center_axis',(0.,0.,1.));
#5494=DIRECTION('ref_axis',(-1.,0.,0.));
#5495=DIRECTION('',(1.,0.,0.));
#5496=DIRECTION('',(0.,1.,0.));
#5497=DIRECTION('center_axis',(0.,1.,0.));
#5498=DIRECTION('ref_axis',(-1.,0.,0.));
#5499=DIRECTION('center_axis',(-1.,0.,0.));
#5500=DIRECTION('ref_axis',(0.,0.,1.));
#5501=DIRECTION('',(0.,0.,-1.));
#5502=DIRECTION('',(0.,1.,0.));
#5503=DIRECTION('',(0.,1.,0.));
#5504=DIRECTION('center_axis',(0.,1.,0.));
#5505=DIRECTION('ref_axis',(1.,0.,0.));
#5506=DIRECTION('',(0.,-1.,0.));
#5507=DIRECTION('center_axis',(0.,1.,0.));
#5508=DIRECTION('ref_axis',(1.,0.,0.));
#5509=DIRECTION('center_axis',(1.,0.,0.));
#5510=DIRECTION('ref_axis',(0.,-1.,0.));
#5511=DIRECTION('',(0.,0.,-1.));
#5512=DIRECTION('',(0.,-1.,0.));
#5513=DIRECTION('center_axis',(0.,1.,0.));
#5514=DIRECTION('ref_axis',(1.,0.,0.));
#5515=DIRECTION('',(0.,1.,0.));
#5516=DIRECTION('',(0.,1.,0.));
#5517=DIRECTION('center_axis',(1.,0.,0.));
#5518=DIRECTION('ref_axis',(0.,0.,-1.));
#5519=DIRECTION('',(0.,0.,-1.));
#5520=DIRECTION('',(0.,1.,0.));
#5521=DIRECTION('center_axis',(0.,1.,0.));
#5522=DIRECTION('ref_axis',(1.,0.,0.));
#5523=DIRECTION('center_axis',(0.,-1.,0.));
#5524=DIRECTION('ref_axis',(-1.,0.,0.));
#5525=DIRECTION('',(0.,0.,-1.));
#5526=DIRECTION('',(0.,0.,-1.));
#5527=DIRECTION('',(0.,0.,-1.));
#5528=DIRECTION('',(-1.,0.,0.));
#5529=DIRECTION('center_axis',(0.,0.,-1.));
#5530=DIRECTION('ref_axis',(-1.,0.,0.));
#5531=DIRECTION('center_axis',(0.,0.,1.));
#5532=DIRECTION('ref_axis',(-1.,0.,0.));
#5533=DIRECTION('center_axis',(0.,0.,-1.));
#5534=DIRECTION('ref_axis',(-1.,0.,0.));
#5535=DIRECTION('center_axis',(0.,0.,1.));
#5536=DIRECTION('ref_axis',(-1.,0.,0.));
#5537=DIRECTION('center_axis',(0.,0.,-1.));
#5538=DIRECTION('ref_axis',(-1.,0.,0.));
#5539=DIRECTION('center_axis',(0.,-1.,0.));
#5540=DIRECTION('ref_axis',(-1.,0.,0.));
#5541=DIRECTION('',(0.,0.,-1.));
#5542=DIRECTION('',(-1.,0.,0.));
#5543=DIRECTION('',(0.,0.,-1.));
#5544=DIRECTION('',(0.,0.,-1.));
#5545=DIRECTION('',(0.,0.,-1.));
#5546=DIRECTION('center_axis',(0.,0.,-1.));
#5547=DIRECTION('ref_axis',(-1.,0.,0.));
#5548=DIRECTION('center_axis',(0.,0.,1.));
#5549=DIRECTION('ref_axis',(-1.,0.,0.));
#5550=DIRECTION('center_axis',(0.,0.,-1.));
#5551=DIRECTION('ref_axis',(-1.,0.,0.));
#5552=DIRECTION('center_axis',(0.,0.,1.));
#5553=DIRECTION('ref_axis',(-1.,0.,0.));
#5554=DIRECTION('center_axis',(0.,0.,-1.));
#5555=DIRECTION('ref_axis',(-1.,0.,0.));
#5556=DIRECTION('center_axis',(0.,0.,-1.));
#5557=DIRECTION('ref_axis',(-1.,0.,0.));
#5558=DIRECTION('center_axis',(0.,0.,-1.));
#5559=DIRECTION('ref_axis',(-1.,0.,0.));
#5560=DIRECTION('center_axis',(0.,0.,1.));
#5561=DIRECTION('ref_axis',(-1.,0.,0.));
#5562=DIRECTION('center_axis',(0.,0.,1.));
#5563=DIRECTION('ref_axis',(-1.,0.,0.));
#5564=DIRECTION('center_axis',(0.,0.,-1.));
#5565=DIRECTION('ref_axis',(-1.,0.,0.));
#5566=DIRECTION('center_axis',(0.,-1.,0.));
#5567=DIRECTION('ref_axis',(-1.,0.,0.));
#5568=DIRECTION('',(0.,0.,-1.));
#5569=DIRECTION('',(-1.,0.,0.));
#5570=DIRECTION('',(0.,0.,-1.));
#5571=DIRECTION('',(0.,0.,-1.));
#5572=DIRECTION('',(0.,0.,-1.));
#5573=DIRECTION('center_axis',(0.,0.,-1.));
#5574=DIRECTION('ref_axis',(-1.,0.,0.));
#5575=DIRECTION('',(0.,0.,-1.));
#5576=DIRECTION('center_axis',(0.,0.,-1.));
#5577=DIRECTION('ref_axis',(-1.,0.,0.));
#5578=DIRECTION('center_axis',(0.,0.,-1.));
#5579=DIRECTION('ref_axis',(-1.,0.,0.));
#5580=DIRECTION('center_axis',(-1.,-1.38777878078145E-15,0.));
#5581=DIRECTION('ref_axis',(-1.38777878078145E-15,1.,0.));
#5582=DIRECTION('',(-1.38777878078145E-15,1.,0.));
#5583=DIRECTION('center_axis',(0.,0.,-1.));
#5584=DIRECTION('ref_axis',(-1.,0.,0.));
#5585=DIRECTION('center_axis',(0.,0.,1.));
#5586=DIRECTION('ref_axis',(-1.,0.,0.));
#5587=DIRECTION('center_axis',(0.,0.,-1.));
#5588=DIRECTION('ref_axis',(-1.,0.,0.));
#5589=DIRECTION('center_axis',(0.,0.,1.));
#5590=DIRECTION('ref_axis',(-1.,0.,0.));
#5591=DIRECTION('center_axis',(0.,0.,-1.));
#5592=DIRECTION('ref_axis',(-1.,0.,0.));
#5593=DIRECTION('center_axis',(0.,0.,1.));
#5594=DIRECTION('ref_axis',(-1.,0.,0.));
#5595=DIRECTION('',(0.,0.,-1.));
#5596=DIRECTION('center_axis',(0.,-1.,0.));
#5597=DIRECTION('ref_axis',(-1.,0.,0.));
#5598=DIRECTION('',(-1.,0.,0.));
#5599=DIRECTION('center_axis',(0.,0.,1.));
#5600=DIRECTION('ref_axis',(-1.,0.,0.));
#5601=DIRECTION('center_axis',(0.,1.,0.));
#5602=DIRECTION('ref_axis',(1.,0.,0.));
#5603=DIRECTION('center_axis',(0.,1.,0.));
#5604=DIRECTION('ref_axis',(1.,0.,0.));
#5605=DIRECTION('',(-0.707106781186547,0.707106781186547,-8.65956056235493E-17));
#5606=DIRECTION('center_axis',(0.,-1.,0.));
#5607=DIRECTION('ref_axis',(1.,0.,0.));
#5608=DIRECTION('center_axis',(0.,-1.,0.));
#5609=DIRECTION('ref_axis',(1.,0.,0.));
#5610=DIRECTION('',(0.,1.,0.));
#5611=DIRECTION('center_axis',(0.,-1.,0.));
#5612=DIRECTION('ref_axis',(1.,0.,0.));
#5613=DIRECTION('center_axis',(0.,1.,0.));
#5614=DIRECTION('ref_axis',(1.,0.,0.));
#5615=DIRECTION('center_axis',(0.,1.,0.));
#5616=DIRECTION('ref_axis',(1.,0.,0.));
#5617=DIRECTION('',(-0.707106781186547,0.707106781186547,-8.65956056235493E-17));
#5618=DIRECTION('center_axis',(0.,-1.,0.));
#5619=DIRECTION('ref_axis',(1.,0.,0.));
#5620=DIRECTION('center_axis',(0.,-1.,0.));
#5621=DIRECTION('ref_axis',(1.,0.,0.));
#5622=DIRECTION('',(0.,1.,0.));
#5623=DIRECTION('center_axis',(0.,-1.,0.));
#5624=DIRECTION('ref_axis',(1.,0.,0.));
#5625=DIRECTION('center_axis',(0.,1.,0.));
#5626=DIRECTION('ref_axis',(1.,0.,0.));
#5627=DIRECTION('center_axis',(0.,1.,0.));
#5628=DIRECTION('ref_axis',(1.,0.,0.));
#5629=DIRECTION('',(-0.707106781186547,0.707106781186548,-8.65956056235493E-17));
#5630=DIRECTION('center_axis',(0.,-1.,0.));
#5631=DIRECTION('ref_axis',(1.,0.,0.));
#5632=DIRECTION('center_axis',(0.,-1.,0.));
#5633=DIRECTION('ref_axis',(1.,0.,0.));
#5634=DIRECTION('',(0.,1.,0.));
#5635=DIRECTION('center_axis',(0.,-1.,0.));
#5636=DIRECTION('ref_axis',(1.,0.,0.));
#5637=DIRECTION('center_axis',(0.,1.,0.));
#5638=DIRECTION('ref_axis',(1.,0.,0.));
#5639=DIRECTION('center_axis',(0.,1.,0.));
#5640=DIRECTION('ref_axis',(1.,0.,0.));
#5641=DIRECTION('',(-0.707106781186547,0.707106781186547,-8.65956056235493E-17));
#5642=DIRECTION('center_axis',(0.,-1.,0.));
#5643=DIRECTION('ref_axis',(1.,0.,0.));
#5644=DIRECTION('center_axis',(0.,-1.,0.));
#5645=DIRECTION('ref_axis',(1.,0.,0.));
#5646=DIRECTION('',(0.,1.,0.));
#5647=DIRECTION('center_axis',(0.,-1.,0.));
#5648=DIRECTION('ref_axis',(1.,0.,0.));
#5649=DIRECTION('',(0.,0.,1.));
#5650=DIRECTION('',(1.,0.,0.));
#5651=CARTESIAN_POINT('',(0.,0.,0.));
#5652=CARTESIAN_POINT('',(0.,0.,0.));
#5653=CARTESIAN_POINT('Origin',(10.85,-1.4,26.));
#5654=CARTESIAN_POINT('',(11.85,-1.2,26.));
#5655=CARTESIAN_POINT('',(11.45,-1.6,26.));
#5656=CARTESIAN_POINT('',(11.85,-1.2,26.));
#5657=CARTESIAN_POINT('',(10.85,-1.6,25.4));
#5658=CARTESIAN_POINT('Origin',(10.85,-1.6,26.));
#5659=CARTESIAN_POINT('',(10.85,-1.2,25.));
#5660=CARTESIAN_POINT('',(10.85,-1.6,25.4));
#5661=CARTESIAN_POINT('Origin',(10.85,-1.2,26.));
#5662=CARTESIAN_POINT('Origin',(11.65,-1.4,21.));
#5663=CARTESIAN_POINT('',(11.85,-1.2,26.85));
#5664=CARTESIAN_POINT('',(11.45,-1.6,26.85));
#5665=CARTESIAN_POINT('',(11.85,-1.2,26.85));
#5666=CARTESIAN_POINT('',(11.45,-1.6,21.));
#5667=CARTESIAN_POINT('',(11.85,-1.2,21.));
#5668=CARTESIAN_POINT('Origin',(8.7,-1.4,26.85));
#5669=CARTESIAN_POINT('',(8.7,-1.2,30.));
#5670=CARTESIAN_POINT('',(8.7,-1.6,29.6));
#5671=CARTESIAN_POINT('',(8.7,-1.2,30.));
#5672=CARTESIAN_POINT('Origin',(8.7,-1.6,26.85));
#5673=CARTESIAN_POINT('Origin',(8.7,-1.2,26.85));
#5674=CARTESIAN_POINT('Origin',(4.35,-1.4,29.8));
#5675=CARTESIAN_POINT('',(-8.7,-1.2,30.));
#5676=CARTESIAN_POINT('',(-8.7,-1.6,29.6));
#5677=CARTESIAN_POINT('',(-8.7,-1.2,30.));
#5678=CARTESIAN_POINT('',(4.35,-1.6,29.6));
#5679=CARTESIAN_POINT('',(4.35,-1.2,30.));
#5680=CARTESIAN_POINT('Origin',(-8.7,-1.4,26.85));
#5681=CARTESIAN_POINT('',(-11.8499999999924,-1.2,26.8500069369505));
#5682=CARTESIAN_POINT('',(-11.4499999999933,-1.6,26.8500060560679));
#5683=CARTESIAN_POINT('',(-11.8499999999924,-1.2,26.8500069369505));
#5684=CARTESIAN_POINT('Origin',(-8.7,-1.6,26.85));
#5685=CARTESIAN_POINT('Origin',(-8.7,-1.2,26.85));
#5686=CARTESIAN_POINT('Origin',(-11.6500000000411,-1.4,21.4250034685267));
#5687=CARTESIAN_POINT('',(-11.85,-1.2,26.));
#5688=CARTESIAN_POINT('',(-11.45,-1.6,25.9999999999964));
#5689=CARTESIAN_POINT('',(-11.85,-1.2,26.));
#5690=CARTESIAN_POINT('',(-11.4500000000411,-1.6,21.4250034685249));
#5691=CARTESIAN_POINT('',(-11.8500000000411,-1.2,21.4250034685285));
#5692=CARTESIAN_POINT('Origin',(-10.85,-1.4,26.));
#5693=CARTESIAN_POINT('',(-10.8499999999929,-1.2,25.));
#5694=CARTESIAN_POINT('',(-10.8499999999958,-1.6,25.4));
#5695=CARTESIAN_POINT('',(-10.8499999999929,-1.2,25.));
#5696=CARTESIAN_POINT('Origin',(-10.85,-1.6,26.));
#5697=CARTESIAN_POINT('Origin',(-10.85,-1.2,26.));
#5698=CARTESIAN_POINT('Origin',(5.42499999999999,-1.4,25.2));
#5699=CARTESIAN_POINT('',(5.42499999999999,-1.6,25.4));
#5700=CARTESIAN_POINT('',(5.42499999999999,-1.2,25.));
#5701=CARTESIAN_POINT('Origin',(8.7,0.,30.));
#5702=CARTESIAN_POINT('',(8.7,0.,30.));
#5703=CARTESIAN_POINT('',(8.7,0.,30.));
#5704=CARTESIAN_POINT('',(8.6,0.,30.));
#5705=CARTESIAN_POINT('',(-8.7,0.,30.));
#5706=CARTESIAN_POINT('',(8.6,8.4,30.));
#5707=CARTESIAN_POINT('',(8.6,0.,30.));
#5708=CARTESIAN_POINT('',(7.5,8.4,30.));
#5709=CARTESIAN_POINT('',(8.6,8.4,30.));
#5710=CARTESIAN_POINT('',(4.5,8.4,30.));
#5711=CARTESIAN_POINT('Origin',(6.,8.4,30.));
#5712=CARTESIAN_POINT('',(1.5,8.4,30.));
#5713=CARTESIAN_POINT('',(8.6,8.4,30.));
#5714=CARTESIAN_POINT('',(-1.5,8.4,30.));
#5715=CARTESIAN_POINT('Origin',(0.,8.4,30.));
#5716=CARTESIAN_POINT('',(-4.5,8.4,30.));
#5717=CARTESIAN_POINT('',(8.6,8.4,30.));
#5718=CARTESIAN_POINT('',(-7.5,8.4,30.));
#5719=CARTESIAN_POINT('Origin',(-6.,8.4,30.));
#5720=CARTESIAN_POINT('',(-8.6,8.4,30.));
#5721=CARTESIAN_POINT('',(8.6,8.4,30.));
#5722=CARTESIAN_POINT('',(-8.6,0.,30.));
#5723=CARTESIAN_POINT('',(-8.6,0.,30.));
#5724=CARTESIAN_POINT('',(-8.7,0.,30.));
#5725=CARTESIAN_POINT('',(-8.7,0.,30.));
#5726=CARTESIAN_POINT('',(-8.7,0.,30.));
#5727=CARTESIAN_POINT('Origin',(8.7,0.,26.85));
#5728=CARTESIAN_POINT('',(11.85,0.,26.85));
#5729=CARTESIAN_POINT('',(11.85,0.,26.85));
#5730=CARTESIAN_POINT('Origin',(8.7,0.,26.85));
#5731=CARTESIAN_POINT('Origin',(11.85,0.,26.));
#5732=CARTESIAN_POINT('',(11.85,0.,26.));
#5733=CARTESIAN_POINT('',(11.85,0.,26.));
#5734=CARTESIAN_POINT('',(11.85,0.,26.));
#5735=CARTESIAN_POINT('Origin',(10.85,0.,26.));
#5736=CARTESIAN_POINT('',(10.85,-0.6,25.));
#5737=CARTESIAN_POINT('',(10.85,0.,25.));
#5738=CARTESIAN_POINT('',(10.85,0.,25.));
#5739=CARTESIAN_POINT('',(10.85,0.,25.));
#5740=CARTESIAN_POINT('Origin',(10.85,0.,26.));
#5741=CARTESIAN_POINT('Origin',(2.22044604925031E-15,-1.6,16.));
#5742=CARTESIAN_POINT('Origin',(10.85,-1.4,13.));
#5743=CARTESIAN_POINT('',(11.85,-1.2,13.));
#5744=CARTESIAN_POINT('',(11.45,-1.6,13.));
#5745=CARTESIAN_POINT('',(11.85,-1.2,13.));
#5746=CARTESIAN_POINT('',(10.85,-1.6,12.4));
#5747=CARTESIAN_POINT('Origin',(10.85,-1.6,13.));
#5748=CARTESIAN_POINT('',(10.85,-1.2,12.));
#5749=CARTESIAN_POINT('',(10.85,-1.6,12.4));
#5750=CARTESIAN_POINT('Origin',(10.85,-1.2,13.));
#5751=CARTESIAN_POINT('Origin',(11.65,-1.4,14.5));
#5752=CARTESIAN_POINT('',(11.85,-1.2,21.));
#5753=CARTESIAN_POINT('',(11.45,-1.6,21.));
#5754=CARTESIAN_POINT('',(11.85,-1.2,21.));
#5755=CARTESIAN_POINT('',(11.45,-1.6,14.5));
#5756=CARTESIAN_POINT('',(11.85,-1.2,14.5));
#5757=CARTESIAN_POINT('Origin',(10.85,-1.4,21.));
#5758=CARTESIAN_POINT('',(10.85,-1.2,22.));
#5759=CARTESIAN_POINT('',(10.85,-1.6,21.6));
#5760=CARTESIAN_POINT('',(10.85,-1.2,22.));
#5761=CARTESIAN_POINT('Origin',(10.85,-1.6,21.));
#5762=CARTESIAN_POINT('Origin',(10.85,-1.2,21.));
#5763=CARTESIAN_POINT('Origin',(5.42499999999999,-1.4,21.8));
#5764=CARTESIAN_POINT('',(-10.8499999999929,-1.2,22.));
#5765=CARTESIAN_POINT('',(-10.8499999999929,-1.6,21.6));
#5766=CARTESIAN_POINT('',(-10.8499999999929,-1.2,22.));
#5767=CARTESIAN_POINT('',(5.42499999999999,-1.6,21.6));
#5768=CARTESIAN_POINT('',(5.42499999999999,-1.2,22.));
#5769=CARTESIAN_POINT('Origin',(-10.85,-1.4,21.));
#5770=CARTESIAN_POINT('',(-11.85,-1.2,21.));
#5771=CARTESIAN_POINT('',(-11.45,-1.6,21.));
#5772=CARTESIAN_POINT('',(-11.85,-1.2,21.));
#5773=CARTESIAN_POINT('Origin',(-10.85,-1.6,21.));
#5774=CARTESIAN_POINT('Origin',(-10.85,-1.2,21.));
#5775=CARTESIAN_POINT('Origin',(-11.65,-1.4,18.5));
#5776=CARTESIAN_POINT('',(-11.85,-1.2,13.));
#5777=CARTESIAN_POINT('',(-11.45,-1.6,13.));
#5778=CARTESIAN_POINT('',(-11.85,-1.2,13.));
#5779=CARTESIAN_POINT('',(-11.45,-1.6,18.5));
#5780=CARTESIAN_POINT('',(-11.85,-1.2,18.5));
#5781=CARTESIAN_POINT('Origin',(-10.85,-1.4,13.));
#5782=CARTESIAN_POINT('',(-10.8499999999929,-1.2,12.));
#5783=CARTESIAN_POINT('',(-10.8499999999958,-1.6,12.4));
#5784=CARTESIAN_POINT('',(-10.8499999999929,-1.2,12.));
#5785=CARTESIAN_POINT('Origin',(-10.85,-1.6,13.));
#5786=CARTESIAN_POINT('Origin',(-10.85,-1.2,13.));
#5787=CARTESIAN_POINT('Origin',(5.42499999999999,-1.4,12.2));
#5788=CARTESIAN_POINT('',(5.42499999999999,-1.6,12.4));
#5789=CARTESIAN_POINT('',(5.42499999999999,-1.2,12.));
#5790=CARTESIAN_POINT('Origin',(10.85,-0.6,22.));
#5791=CARTESIAN_POINT('',(10.85,-0.6,22.));
#5792=CARTESIAN_POINT('',(10.85,0.,22.));
#5793=CARTESIAN_POINT('',(-10.85,-0.6,22.));
#5794=CARTESIAN_POINT('',(10.85,-0.6,22.));
#5795=CARTESIAN_POINT('',(-10.8499999999929,0.,22.));
#5796=CARTESIAN_POINT('Origin',(10.85,0.,21.));
#5797=CARTESIAN_POINT('',(11.85,0.,21.));
#5798=CARTESIAN_POINT('',(11.85,0.,21.));
#5799=CARTESIAN_POINT('',(10.85,0.,22.));
#5800=CARTESIAN_POINT('Origin',(10.85,0.,21.));
#5801=CARTESIAN_POINT('',(10.85,0.,22.));
#5802=CARTESIAN_POINT('Origin',(11.85,0.,13.));
#5803=CARTESIAN_POINT('',(11.85,0.,13.));
#5804=CARTESIAN_POINT('',(11.85,0.,13.));
#5805=CARTESIAN_POINT('',(11.85,0.,13.));
#5806=CARTESIAN_POINT('Origin',(10.85,0.,13.));
#5807=CARTESIAN_POINT('',(10.85,-0.600000000000001,12.));
#5808=CARTESIAN_POINT('',(10.85,0.,12.));
#5809=CARTESIAN_POINT('',(10.85,0.,12.));
#5810=CARTESIAN_POINT('',(10.85,0.,12.));
#5811=CARTESIAN_POINT('Origin',(10.85,0.,13.));
#5812=CARTESIAN_POINT('Origin',(2.22044604925031E-15,-1.6,16.));
#5813=CARTESIAN_POINT('Origin',(-5.925,-1.4,2.2));
#5814=CARTESIAN_POINT('',(11.45,-1.6,2.40000000000001));
#5815=CARTESIAN_POINT('',(-11.45,-1.6,2.4));
#5816=CARTESIAN_POINT('',(-5.925,-1.6,2.4));
#5817=CARTESIAN_POINT('',(-11.85,-1.2,2.));
#5818=CARTESIAN_POINT('',(-11.45,-1.6,2.4));
#5819=CARTESIAN_POINT('',(11.85,-1.2,2.));
#5820=CARTESIAN_POINT('',(-5.925,-1.2,2.));
#5821=CARTESIAN_POINT('',(11.45,-1.6,2.40000000000001));
#5822=CARTESIAN_POINT('Origin',(11.65,-1.4,9.));
#5823=CARTESIAN_POINT('',(11.85,-1.2,8.));
#5824=CARTESIAN_POINT('',(11.85,-1.2,9.));
#5825=CARTESIAN_POINT('',(11.45,-1.6,8.));
#5826=CARTESIAN_POINT('',(11.85,-1.2,8.));
#5827=CARTESIAN_POINT('',(11.45,-1.6,9.));
#5828=CARTESIAN_POINT('Origin',(10.85,-1.4,8.));
#5829=CARTESIAN_POINT('',(10.85,-1.2,9.));
#5830=CARTESIAN_POINT('',(10.85,-1.6,8.6));
#5831=CARTESIAN_POINT('',(10.85,-1.2,9.));
#5832=CARTESIAN_POINT('Origin',(10.85,-1.6,8.));
#5833=CARTESIAN_POINT('Origin',(10.85,-1.2,8.));
#5834=CARTESIAN_POINT('Origin',(5.42499999999999,-1.4,8.8));
#5835=CARTESIAN_POINT('',(-10.8499999999929,-1.2,9.));
#5836=CARTESIAN_POINT('',(-10.8499999999929,-1.6,8.6));
#5837=CARTESIAN_POINT('',(-10.8499999999929,-1.2,9.));
#5838=CARTESIAN_POINT('',(5.42499999999999,-1.6,8.6));
#5839=CARTESIAN_POINT('',(5.42499999999999,-1.2,9.));
#5840=CARTESIAN_POINT('Origin',(-10.85,-1.4,8.));
#5841=CARTESIAN_POINT('',(-11.85,-1.2,8.));
#5842=CARTESIAN_POINT('',(-11.45,-1.6,8.));
#5843=CARTESIAN_POINT('',(-11.85,-1.2,8.));
#5844=CARTESIAN_POINT('Origin',(-10.85,-1.6,8.));
#5845=CARTESIAN_POINT('Origin',(-10.85,-1.2,8.));
#5846=CARTESIAN_POINT('Origin',(-11.65,-1.4,12.));
#5847=CARTESIAN_POINT('',(-11.45,-1.6,12.));
#5848=CARTESIAN_POINT('',(-11.85,-1.2,12.));
#5849=CARTESIAN_POINT('Origin',(10.85,0.,8.));
#5850=CARTESIAN_POINT('',(11.85,0.,8.));
#5851=CARTESIAN_POINT('',(11.85,0.,8.));
#5852=CARTESIAN_POINT('',(10.85,0.,9.));
#5853=CARTESIAN_POINT('Origin',(10.85,0.,8.));
#5854=CARTESIAN_POINT('',(10.85,-0.600000000000001,9.));
#5855=CARTESIAN_POINT('',(10.85,0.,9.));
#5856=CARTESIAN_POINT('',(10.85,0.,9.));
#5857=CARTESIAN_POINT('Origin',(11.85,0.,2.));
#5858=CARTESIAN_POINT('',(11.85,0.,2.));
#5859=CARTESIAN_POINT('',(11.85,0.,2.));
#5860=CARTESIAN_POINT('',(11.85,0.,2.));
#5861=CARTESIAN_POINT('Origin',(-11.85,0.,2.));
#5862=CARTESIAN_POINT('',(-11.85,0.,2.));
#5863=CARTESIAN_POINT('',(-11.85,0.,2.));
#5864=CARTESIAN_POINT('',(-11.85,0.,2.));
#5865=CARTESIAN_POINT('Origin',(2.22044604925031E-15,-1.6,16.));
#5866=CARTESIAN_POINT('Origin',(-9.35,0.,14.5));
#5867=CARTESIAN_POINT('',(-9.35,0.,6.9));
#5868=CARTESIAN_POINT('',(-9.35,0.,14.5));
#5869=CARTESIAN_POINT('',(-9.35,0.,15.25));
#5870=CARTESIAN_POINT('',(-9.35,1.,6.9));
#5871=CARTESIAN_POINT('',(-9.35,0.,6.9));
#5872=CARTESIAN_POINT('',(-9.35,1.,14.5));
#5873=CARTESIAN_POINT('',(-9.35,1.,6.9));
#5874=CARTESIAN_POINT('',(-9.35,0.,14.5));
#5875=CARTESIAN_POINT('Origin',(-10.15,0.,14.5));
#5876=CARTESIAN_POINT('',(-10.15,0.,14.5));
#5877=CARTESIAN_POINT('',(-5.075,0.,14.5));
#5878=CARTESIAN_POINT('',(-10.15,1.,14.5));
#5879=CARTESIAN_POINT('',(-9.25,1.,14.5));
#5880=CARTESIAN_POINT('',(-10.15,0.,14.5));
#5881=CARTESIAN_POINT('Origin',(-10.15,0.,6.34721359549995));
#5882=CARTESIAN_POINT('',(-10.15,0.,6.34721359549995));
#5883=CARTESIAN_POINT('',(-10.15,0.,11.17360679775));
#5884=CARTESIAN_POINT('',(-10.15,1.,6.34721359549995));
#5885=CARTESIAN_POINT('',(-10.15,1.,14.6));
#5886=CARTESIAN_POINT('',(-10.15,0.,6.34721359549995));
#5887=CARTESIAN_POINT('Origin',(-9.75,0.,5.89999999999999));
#5888=CARTESIAN_POINT('',(-9.75,0.,6.5));
#5889=CARTESIAN_POINT('Origin',(-9.75,0.,5.89999999999999));
#5890=CARTESIAN_POINT('',(-9.75,1.,6.5));
#5891=CARTESIAN_POINT('Origin',(-9.75,1.,5.89999999999999));
#5892=CARTESIAN_POINT('',(-9.75,0.,6.5));
#5893=CARTESIAN_POINT('Origin',(-9.75,0.,6.9));
#5894=CARTESIAN_POINT('Origin',(-9.75,0.,6.9));
#5895=CARTESIAN_POINT('Origin',(-9.75,1.,6.9));
#5896=CARTESIAN_POINT('Origin',(-9.75,1.,10.42360679775));
#5897=CARTESIAN_POINT('Origin',(9.75,0.,5.9));
#5898=CARTESIAN_POINT('',(9.75,0.,6.5));
#5899=CARTESIAN_POINT('',(10.15,0.,6.34721359549996));
#5900=CARTESIAN_POINT('Origin',(9.75,0.,5.9));
#5901=CARTESIAN_POINT('',(9.75,1.,6.5));
#5902=CARTESIAN_POINT('',(9.75,0.,6.5));
#5903=CARTESIAN_POINT('',(10.15,1.,6.34721359549996));
#5904=CARTESIAN_POINT('Origin',(9.75,1.,5.9));
#5905=CARTESIAN_POINT('',(10.15,0.,6.34721359549996));
#5906=CARTESIAN_POINT('Origin',(10.15,0.,14.5));
#5907=CARTESIAN_POINT('',(10.15,0.,14.5));
#5908=CARTESIAN_POINT('',(10.15,0.,15.25));
#5909=CARTESIAN_POINT('',(10.15,1.,14.5));
#5910=CARTESIAN_POINT('',(10.15,1.,6.34721359549996));
#5911=CARTESIAN_POINT('',(10.15,0.,14.5));
#5912=CARTESIAN_POINT('Origin',(9.35,0.,14.5));
#5913=CARTESIAN_POINT('',(9.35,0.,14.5));
#5914=CARTESIAN_POINT('',(4.675,0.,14.5));
#5915=CARTESIAN_POINT('',(9.35,1.,14.5));
#5916=CARTESIAN_POINT('',(10.25,1.,14.5));
#5917=CARTESIAN_POINT('',(9.35,0.,14.5));
#5918=CARTESIAN_POINT('Origin',(9.35,0.,6.9));
#5919=CARTESIAN_POINT('',(9.35,0.,6.9));
#5920=CARTESIAN_POINT('',(9.35,0.,11.45));
#5921=CARTESIAN_POINT('',(9.35,1.,6.9));
#5922=CARTESIAN_POINT('',(9.35,1.,14.6));
#5923=CARTESIAN_POINT('',(9.35,0.,6.9));
#5924=CARTESIAN_POINT('Origin',(9.75000000000001,0.,6.9));
#5925=CARTESIAN_POINT('Origin',(9.75000000000001,0.,6.9));
#5926=CARTESIAN_POINT('Origin',(9.75000000000001,1.,6.9));
#5927=CARTESIAN_POINT('Origin',(9.75,1.,10.42360679775));
#5928=CARTESIAN_POINT('Origin',(-9.74880884817015,0.,26.9));
#5929=CARTESIAN_POINT('',(-9.74892796345818,0.,26.2999999822642));
#5930=CARTESIAN_POINT('',(-10.150000019765,0.,26.4538546432991));
#5931=CARTESIAN_POINT('Origin',(-9.74880884817015,0.,26.9));
#5932=CARTESIAN_POINT('',(-9.74892796345818,1.,26.2999999822642));
#5933=CARTESIAN_POINT('',(-9.74892796345818,0.,26.2999999822642));
#5934=CARTESIAN_POINT('',(-10.150000019765,1.,26.4538546432991));
#5935=CARTESIAN_POINT('Origin',(-9.74880884817015,1.,26.9));
#5936=CARTESIAN_POINT('',(-10.150000019765,0.,26.4538546432991));
#5937=CARTESIAN_POINT('Origin',(-10.15,0.,19.5));
#5938=CARTESIAN_POINT('',(-10.15,0.,19.5));
#5939=CARTESIAN_POINT('',(-10.15,0.,17.75));
#5940=CARTESIAN_POINT('',(-10.15,1.,19.5));
#5941=CARTESIAN_POINT('',(-10.15,1.,26.4538546652789));
#5942=CARTESIAN_POINT('',(-10.15,0.,19.5));
#5943=CARTESIAN_POINT('Origin',(-9.35,0.,19.5));
#5944=CARTESIAN_POINT('',(-9.35,0.,19.5));
#5945=CARTESIAN_POINT('',(-4.675,0.,19.5));
#5946=CARTESIAN_POINT('',(-9.35,1.,19.5));
#5947=CARTESIAN_POINT('',(-10.25,1.,19.5));
#5948=CARTESIAN_POINT('',(-9.35,0.,19.5));
#5949=CARTESIAN_POINT('Origin',(-9.35,0.,25.9000014188447));
#5950=CARTESIAN_POINT('',(-9.35,0.,25.9000014188447));
#5951=CARTESIAN_POINT('',(-9.35,0.,20.9500007094223));
#5952=CARTESIAN_POINT('',(-9.35,1.,25.9000014188447));
#5953=CARTESIAN_POINT('',(-9.35,1.,19.4));
#5954=CARTESIAN_POINT('',(-9.35,0.,25.9000014188447));
#5955=CARTESIAN_POINT('Origin',(-9.75,0.,25.9000014188447));
#5956=CARTESIAN_POINT('Origin',(-9.75,0.,25.9000014188447));
#5957=CARTESIAN_POINT('Origin',(-9.75,1.,25.9000014188447));
#5958=CARTESIAN_POINT('Origin',(-9.75000000988252,1.,22.9769273326394));
#5959=CARTESIAN_POINT('Origin',(9.35,0.,19.5));
#5960=CARTESIAN_POINT('',(9.35000000000001,0.,25.9000014188447));
#5961=CARTESIAN_POINT('',(9.35,0.,19.5));
#5962=CARTESIAN_POINT('',(9.35,0.,17.75));
#5963=CARTESIAN_POINT('',(9.35000000000001,1.,25.9000014188447));
#5964=CARTESIAN_POINT('',(9.35000000000001,0.,25.9000014188447));
#5965=CARTESIAN_POINT('',(9.35,1.,19.5));
#5966=CARTESIAN_POINT('',(9.35000000000001,1.,25.9000014188447));
#5967=CARTESIAN_POINT('',(9.35,0.,19.5));
#5968=CARTESIAN_POINT('Origin',(10.15,0.,19.5));
#5969=CARTESIAN_POINT('',(10.15,0.,19.5));
#5970=CARTESIAN_POINT('',(5.075,0.,19.5));
#5971=CARTESIAN_POINT('',(10.15,1.,19.5));
#5972=CARTESIAN_POINT('',(9.25000000000001,1.,19.5));
#5973=CARTESIAN_POINT('',(10.15,0.,19.5));
#5974=CARTESIAN_POINT('Origin',(10.15,0.,26.4538546652789));
#5975=CARTESIAN_POINT('',(10.15,0.,26.4538546652789));
#5976=CARTESIAN_POINT('',(10.15,0.,21.2269273326394));
#5977=CARTESIAN_POINT('',(10.15,1.,26.4538546652789));
#5978=CARTESIAN_POINT('',(10.15,1.,19.4));
#5979=CARTESIAN_POINT('',(10.15,0.,26.4538546652789));
#5980=CARTESIAN_POINT('Origin',(9.74880884817015,0.,26.9));
#5981=CARTESIAN_POINT('',(9.74892796377507,0.,26.3000000118238));
#5982=CARTESIAN_POINT('Origin',(9.74880884817015,0.,26.9));
#5983=CARTESIAN_POINT('',(9.74892796377507,1.,26.3000000118238));
#5984=CARTESIAN_POINT('Origin',(9.74880884817015,1.,26.9));
#5985=CARTESIAN_POINT('',(9.74892796377507,0.,26.3000000118238));
#5986=CARTESIAN_POINT('Origin',(9.75000000000001,0.,25.9000014188447));
#5987=CARTESIAN_POINT('Origin',(9.75000000000001,0.,25.9000014188447));
#5988=CARTESIAN_POINT('Origin',(9.75000000000001,1.,25.9000014188447));
#5989=CARTESIAN_POINT('Origin',(9.75,1.,22.9769273326394));
#5990=CARTESIAN_POINT('Ctrl Pts',(4.50333518724566,8.3000278125526,27.6));
#5991=CARTESIAN_POINT('Ctrl Pts',(4.57016170032256,8.3000302882995,27.6666780921247));
#5992=CARTESIAN_POINT('Ctrl Pts',(4.63699788109475,8.30003323895702,27.7333465165542));
#5993=CARTESIAN_POINT('Ctrl Pts',(4.70384900285057,8.30003704391862,27.8));
#5994=CARTESIAN_POINT('Ctrl Pts',(4.47920909666517,8.33335187503507,27.6241260905805));
#5995=CARTESIAN_POINT('Ctrl Pts',(4.54601087291671,8.333353525533,27.6908289195306));
#5996=CARTESIAN_POINT('Ctrl Pts',(4.61281909429844,8.33335549263801,27.7575253033505));
#5997=CARTESIAN_POINT('Ctrl Pts',(4.67963727633592,8.33335802927908,27.8242117265146));
#5998=CARTESIAN_POINT('Ctrl Pts',(4.45508300608467,8.36667593751753,27.648252181161));
#5999=CARTESIAN_POINT('Ctrl Pts',(4.52186004551085,8.3666767627665,27.7149797469364));
#6000=CARTESIAN_POINT('Ctrl Pts',(4.58864030750213,8.36667774631901,27.7817040901468));
#6001=CARTESIAN_POINT('Ctrl Pts',(4.65542554982128,8.36667901463954,27.8484234530293));
#6002=CARTESIAN_POINT('Ctrl Pts',(4.43095691550418,8.4,27.6723782717415));
#6003=CARTESIAN_POINT('Ctrl Pts',(4.49770921810499,8.4,27.7391305743423));
#6004=CARTESIAN_POINT('Ctrl Pts',(4.56446152070581,8.4,27.8058828769431));
#6005=CARTESIAN_POINT('Ctrl Pts',(4.63121382330663,8.4,27.8726351795439));
#6006=CARTESIAN_POINT('',(4.70384900285057,8.30003704391862,27.8));
#6007=CARTESIAN_POINT('',(4.50333518724566,8.3000278125526,27.6));
#6008=CARTESIAN_POINT('Ctrl Pts',(4.70384900285057,8.30003704391862,27.8));
#6009=CARTESIAN_POINT('Ctrl Pts',(4.63699788109475,8.30003323895702,27.7333465165542));
#6010=CARTESIAN_POINT('Ctrl Pts',(4.57016170032256,8.3000302882995,27.6666780921247));
#6011=CARTESIAN_POINT('Ctrl Pts',(4.50333518724566,8.3000278125526,27.6));
#6012=CARTESIAN_POINT('',(4.5,8.4,27.7414213562373));
#6013=CARTESIAN_POINT('Ctrl Pts',(4.5,8.4,27.7414213562373));
#6014=CARTESIAN_POINT('Ctrl Pts',(4.49999999378882,8.38348039108831,27.7174742469505));
#6015=CARTESIAN_POINT('Ctrl Pts',(4.50027289007611,8.36682100202074,27.6936122684632));
#6016=CARTESIAN_POINT('Ctrl Pts',(4.50083253122259,8.35003079243095,27.6698608568068));
#6017=CARTESIAN_POINT('Ctrl Pts',(4.5013836068797,8.33349756244792,27.646472968214));
#6018=CARTESIAN_POINT('Ctrl Pts',(4.50221307795928,8.31682669960187,27.6231770328372));
#6019=CARTESIAN_POINT('Ctrl Pts',(4.50333518724566,8.3000278125526,27.6));
#6020=CARTESIAN_POINT('',(4.55857864376269,8.4,27.8));
#6021=CARTESIAN_POINT('Ctrl Pts',(4.5,8.4,27.7414213562373));
#6022=CARTESIAN_POINT('Ctrl Pts',(4.51952621458757,8.4,27.7609475708249));
#6023=CARTESIAN_POINT('Ctrl Pts',(4.53905242917513,8.4,27.7804737854124));
#6024=CARTESIAN_POINT('Ctrl Pts',(4.5585786437627,8.4,27.8));
#6025=CARTESIAN_POINT('Ctrl Pts',(4.5585786437627,8.4,27.8));
#6026=CARTESIAN_POINT('Ctrl Pts',(4.58275487670024,8.38333993663407,27.8));
#6027=CARTESIAN_POINT('Ctrl Pts',(4.60694980752803,8.3666783422229,27.8));
#6028=CARTESIAN_POINT('Ctrl Pts',(4.65536376416321,8.33336317793935,27.8));
#6029=CARTESIAN_POINT('Ctrl Pts',(4.67961029352067,8.31669072166397,27.8));
#6030=CARTESIAN_POINT('Ctrl Pts',(4.70384900285057,8.30003704391862,27.8));
#6031=CARTESIAN_POINT('Ctrl Pts',(4.70384900285057,8.30003704391862,27.8));
#6032=CARTESIAN_POINT('Ctrl Pts',(4.63699788109475,8.30003323895702,27.8666534834458));
#6033=CARTESIAN_POINT('Ctrl Pts',(4.57016170032256,8.3000302882995,27.9333219078753));
#6034=CARTESIAN_POINT('Ctrl Pts',(4.50333518724566,8.3000278125526,28.));
#6035=CARTESIAN_POINT('Ctrl Pts',(4.67963727633592,8.33335802927908,27.7757882734854));
#6036=CARTESIAN_POINT('Ctrl Pts',(4.61281909429844,8.33335549263801,27.8424746966495));
#6037=CARTESIAN_POINT('Ctrl Pts',(4.5460108729167,8.333353525533,27.9091710804694));
#6038=CARTESIAN_POINT('Ctrl Pts',(4.47920909666516,8.33335187503507,27.9758739094195));
#6039=CARTESIAN_POINT('Ctrl Pts',(4.65542554982128,8.36667901463954,27.7515765469707));
#6040=CARTESIAN_POINT('Ctrl Pts',(4.58864030750213,8.36667774631901,27.8182959098532));
#6041=CARTESIAN_POINT('Ctrl Pts',(4.52186004551085,8.3666767627665,27.8850202530636));
#6042=CARTESIAN_POINT('Ctrl Pts',(4.45508300608467,8.36667593751753,27.951747818839));
#6043=CARTESIAN_POINT('Ctrl Pts',(4.63121382330663,8.4,27.7273648204561));
#6044=CARTESIAN_POINT('Ctrl Pts',(4.56446152070581,8.4,27.7941171230569));
#6045=CARTESIAN_POINT('Ctrl Pts',(4.49770921810499,8.4,27.8608694256577));
#6046=CARTESIAN_POINT('Ctrl Pts',(4.43095691550417,8.4,27.9276217282585));
#6047=CARTESIAN_POINT('',(4.5,8.4,27.8585786437627));
#6048=CARTESIAN_POINT('Ctrl Pts',(4.55857864376269,8.4,27.8));
#6049=CARTESIAN_POINT('Ctrl Pts',(4.53905242917513,8.4,27.8195262145876));
#6050=CARTESIAN_POINT('Ctrl Pts',(4.51952621458756,8.4,27.8390524291751));
#6051=CARTESIAN_POINT('Ctrl Pts',(4.5,8.4,27.8585786437627));
#6052=CARTESIAN_POINT('',(4.50333518724566,8.3000278125526,28.));
#6053=CARTESIAN_POINT('Ctrl Pts',(4.50333518724566,8.3000278125526,28.));
#6054=CARTESIAN_POINT('Ctrl Pts',(4.50221382184492,8.31681556302983,27.9768383320316));
#6055=CARTESIAN_POINT('Ctrl Pts',(4.50138470701786,8.33347545544212,27.9535579240095));
#6056=CARTESIAN_POINT('Ctrl Pts',(4.50083362794108,8.34999789980323,27.9301856726892));
#6057=CARTESIAN_POINT('Ctrl Pts',(4.50027324648862,8.36679924784815,27.9064188909442));
#6058=CARTESIAN_POINT('Ctrl Pts',(4.49999999378476,8.38346960707365,27.8825413857427));
#6059=CARTESIAN_POINT('Ctrl Pts',(4.5,8.4,27.8585786437627));
#6060=CARTESIAN_POINT('Ctrl Pts',(4.50333518724566,8.3000278125526,28.));
#6061=CARTESIAN_POINT('Ctrl Pts',(4.57016170032256,8.3000302882995,27.9333219078753));
#6062=CARTESIAN_POINT('Ctrl Pts',(4.63699788109475,8.30003323895702,27.8666534834458));
#6063=CARTESIAN_POINT('Ctrl Pts',(4.70384900285057,8.30003704391862,27.8));
#6064=CARTESIAN_POINT('Origin',(6.,8.4,27.7));
#6065=CARTESIAN_POINT('',(7.29615099714944,8.30003704391862,27.8));
#6066=CARTESIAN_POINT('Origin',(6.,8.4,27.8));
#6067=CARTESIAN_POINT('',(7.49666481275434,8.3000278125526,27.6));
#6068=CARTESIAN_POINT('Ctrl Pts',(7.49666481275434,8.3000278125526,27.6));
#6069=CARTESIAN_POINT('Ctrl Pts',(7.42983829967744,8.3000302882995,27.6666780921247));
#6070=CARTESIAN_POINT('Ctrl Pts',(7.36300211890525,8.30003323895702,27.7333465165542));
#6071=CARTESIAN_POINT('Ctrl Pts',(7.29615099714944,8.30003704391862,27.8));
#6072=CARTESIAN_POINT('Origin',(6.,8.4,27.6));
#6073=CARTESIAN_POINT('Origin',(6.,8.4,27.9));
#6074=CARTESIAN_POINT('',(7.49666481275434,8.3000278125526,28.));
#6075=CARTESIAN_POINT('Origin',(6.,8.4,28.));
#6076=CARTESIAN_POINT('Ctrl Pts',(7.29615099714943,8.30003704391862,27.8));
#6077=CARTESIAN_POINT('Ctrl Pts',(7.36300211890525,8.30003323895702,27.8666534834458));
#6078=CARTESIAN_POINT('Ctrl Pts',(7.42983829967744,8.3000302882995,27.9333219078753));
#6079=CARTESIAN_POINT('Ctrl Pts',(7.49666481275434,8.3000278125526,28.));
#6080=CARTESIAN_POINT('Ctrl Pts',(7.29615099714944,8.30003704391862,27.8));
#6081=CARTESIAN_POINT('Ctrl Pts',(7.36300211890525,8.30003323895702,27.7333465165542));
#6082=CARTESIAN_POINT('Ctrl Pts',(7.42983829967744,8.3000302882995,27.6666780921247));
#6083=CARTESIAN_POINT('Ctrl Pts',(7.49666481275434,8.3000278125526,27.6));
#6084=CARTESIAN_POINT('Ctrl Pts',(7.32036272366408,8.33335802927908,27.8242117265146));
#6085=CARTESIAN_POINT('Ctrl Pts',(7.38718090570156,8.33335549263801,27.7575253033505));
#6086=CARTESIAN_POINT('Ctrl Pts',(7.4539891270833,8.333353525533,27.6908289195306));
#6087=CARTESIAN_POINT('Ctrl Pts',(7.52079090333484,8.33335187503507,27.6241260905805));
#6088=CARTESIAN_POINT('Ctrl Pts',(7.34457445017873,8.36667901463954,27.8484234530293));
#6089=CARTESIAN_POINT('Ctrl Pts',(7.41135969249788,8.36667774631901,27.7817040901468));
#6090=CARTESIAN_POINT('Ctrl Pts',(7.47813995448915,8.3666767627665,27.7149797469364));
#6091=CARTESIAN_POINT('Ctrl Pts',(7.54491699391533,8.36667593751753,27.648252181161));
#6092=CARTESIAN_POINT('Ctrl Pts',(7.36878617669337,8.4,27.8726351795439));
#6093=CARTESIAN_POINT('Ctrl Pts',(7.43553847929419,8.4,27.8058828769431));
#6094=CARTESIAN_POINT('Ctrl Pts',(7.50229078189501,8.4,27.7391305743423));
#6095=CARTESIAN_POINT('Ctrl Pts',(7.56904308449583,8.4,27.6723782717415));
#6096=CARTESIAN_POINT('',(7.44142135623731,8.4,27.8));
#6097=CARTESIAN_POINT('',(7.5,8.4,27.7414213562373));
#6098=CARTESIAN_POINT('Ctrl Pts',(7.44142135623731,8.4,27.8));
#6099=CARTESIAN_POINT('Ctrl Pts',(7.46094757082487,8.4,27.7804737854124));
#6100=CARTESIAN_POINT('Ctrl Pts',(7.48047378541244,8.4,27.7609475708249));
#6101=CARTESIAN_POINT('Ctrl Pts',(7.5,8.4,27.7414213562373));
#6102=CARTESIAN_POINT('Ctrl Pts',(7.49666481275434,8.3000278125526,27.6));
#6103=CARTESIAN_POINT('Ctrl Pts',(7.49778597593308,8.31681253560223,27.6231574910971));
#6104=CARTESIAN_POINT('Ctrl Pts',(7.49861499387011,8.333469445733,27.6464336780971));
#6105=CARTESIAN_POINT('Ctrl Pts',(7.49916607379405,8.34998895803093,27.6698016785233));
#6106=CARTESIAN_POINT('Ctrl Pts',(7.49972665658207,8.36679333405411,27.6935726385243));
#6107=CARTESIAN_POINT('Ctrl Pts',(7.50000000621634,8.38346667548895,27.7174543645817));
#6108=CARTESIAN_POINT('Ctrl Pts',(7.5,8.4,27.7414213562373));
#6109=CARTESIAN_POINT('Ctrl Pts',(7.29615099714944,8.30003704391862,27.8));
#6110=CARTESIAN_POINT('Ctrl Pts',(7.32036680557955,8.31667498715435,27.8));
#6111=CARTESIAN_POINT('Ctrl Pts',(7.34459040634706,8.33333166457517,27.8));
#6112=CARTESIAN_POINT('Ctrl Pts',(7.39300438594711,8.36664679802677,27.8));
#6113=CARTESIAN_POINT('Ctrl Pts',(7.41722224436414,8.38332417055016,27.8));
#6114=CARTESIAN_POINT('Ctrl Pts',(7.44142135623731,8.4,27.8));
#6115=CARTESIAN_POINT('Ctrl Pts',(7.49666481275434,8.3000278125526,28.));
#6116=CARTESIAN_POINT('Ctrl Pts',(7.42983829967744,8.3000302882995,27.9333219078753));
#6117=CARTESIAN_POINT('Ctrl Pts',(7.36300211890525,8.30003323895702,27.8666534834458));
#6118=CARTESIAN_POINT('Ctrl Pts',(7.29615099714943,8.30003704391862,27.8));
#6119=CARTESIAN_POINT('Ctrl Pts',(7.52079090333484,8.33335187503507,27.9758739094195));
#6120=CARTESIAN_POINT('Ctrl Pts',(7.45398912708329,8.333353525533,27.9091710804694));
#6121=CARTESIAN_POINT('Ctrl Pts',(7.38718090570156,8.33335549263801,27.8424746966495));
#6122=CARTESIAN_POINT('Ctrl Pts',(7.32036272366408,8.33335802927908,27.7757882734853));
#6123=CARTESIAN_POINT('Ctrl Pts',(7.54491699391533,8.36667593751753,27.951747818839));
#6124=CARTESIAN_POINT('Ctrl Pts',(7.47813995448915,8.3666767627665,27.8850202530636));
#6125=CARTESIAN_POINT('Ctrl Pts',(7.41135969249787,8.36667774631901,27.8182959098532));
#6126=CARTESIAN_POINT('Ctrl Pts',(7.34457445017872,8.36667901463954,27.7515765469707));
#6127=CARTESIAN_POINT('Ctrl Pts',(7.56904308449583,8.4,27.9276217282585));
#6128=CARTESIAN_POINT('Ctrl Pts',(7.50229078189501,8.4,27.8608694256577));
#6129=CARTESIAN_POINT('Ctrl Pts',(7.43553847929419,8.4,27.7941171230569));
#6130=CARTESIAN_POINT('Ctrl Pts',(7.36878617669337,8.4,27.7273648204561));
#6131=CARTESIAN_POINT('',(7.5,8.4,27.8585786437627));
#6132=CARTESIAN_POINT('Ctrl Pts',(7.5,8.4,27.8585786437627));
#6133=CARTESIAN_POINT('Ctrl Pts',(7.50000000620881,8.38348669256052,27.882516618327));
#6134=CARTESIAN_POINT('Ctrl Pts',(7.49972731808036,8.36683371367587,27.9063695239913));
#6135=CARTESIAN_POINT('Ctrl Pts',(7.4991681092879,8.35005001256245,27.9301119542875));
#6136=CARTESIAN_POINT('Ctrl Pts',(7.49861703584984,8.33351048027902,27.9535089803498));
#6137=CARTESIAN_POINT('Ctrl Pts',(7.49778735671852,8.31683320708148,27.9768139889449));
#6138=CARTESIAN_POINT('Ctrl Pts',(7.49666481275434,8.3000278125526,28.));
#6139=CARTESIAN_POINT('Ctrl Pts',(7.5,8.4,27.8585786437627));
#6140=CARTESIAN_POINT('Ctrl Pts',(7.48047378541244,8.4,27.8390524291751));
#6141=CARTESIAN_POINT('Ctrl Pts',(7.46094757082487,8.4,27.8195262145876));
#6142=CARTESIAN_POINT('Ctrl Pts',(7.4414213562373,8.4,27.8));
#6143=CARTESIAN_POINT('Origin',(1.11022302462516E-15,8.4,27.5));
#6144=CARTESIAN_POINT('',(7.5,8.4,25.));
#6145=CARTESIAN_POINT('',(7.5,8.4,30.));
#6146=CARTESIAN_POINT('',(7.5,8.4,30.));
#6147=CARTESIAN_POINT('',(8.6,8.4,25.));
#6148=CARTESIAN_POINT('',(8.6,8.4,25.));
#6149=CARTESIAN_POINT('',(-8.6,8.4,25.));
#6150=CARTESIAN_POINT('Ctrl Pts',(-7.49666481275434,8.3000278125526,27.6));
#6151=CARTESIAN_POINT('Ctrl Pts',(-7.42983829967744,8.3000302882995,27.6666780921247));
#6152=CARTESIAN_POINT('Ctrl Pts',(-7.36300211890525,8.30003323895702,27.7333465165542));
#6153=CARTESIAN_POINT('Ctrl Pts',(-7.29615099714944,8.30003704391862,27.8));
#6154=CARTESIAN_POINT('Ctrl Pts',(-7.52079090333484,8.33335187503507,27.6241260905805));
#6155=CARTESIAN_POINT('Ctrl Pts',(-7.45398912708329,8.333353525533,27.6908289195306));
#6156=CARTESIAN_POINT('Ctrl Pts',(-7.38718090570156,8.33335549263801,27.7575253033505));
#6157=CARTESIAN_POINT('Ctrl Pts',(-7.32036272366408,8.33335802927908,27.8242117265146));
#6158=CARTESIAN_POINT('Ctrl Pts',(-7.54491699391533,8.36667593751753,27.648252181161));
#6159=CARTESIAN_POINT('Ctrl Pts',(-7.47813995448915,8.3666767627665,27.7149797469364));
#6160=CARTESIAN_POINT('Ctrl Pts',(-7.41135969249788,8.36667774631901,27.7817040901468));
#6161=CARTESIAN_POINT('Ctrl Pts',(-7.34457445017873,8.36667901463954,27.8484234530293));
#6162=CARTESIAN_POINT('Ctrl Pts',(-7.56904308449583,8.4,27.6723782717415));
#6163=CARTESIAN_POINT('Ctrl Pts',(-7.50229078189501,8.4,27.7391305743423));
#6164=CARTESIAN_POINT('Ctrl Pts',(-7.43553847929419,8.4,27.8058828769431));
#6165=CARTESIAN_POINT('Ctrl Pts',(-7.36878617669337,8.4,27.8726351795439));
#6166=CARTESIAN_POINT('',(-7.29615099714944,8.30003704391862,27.8));
#6167=CARTESIAN_POINT('',(-7.49666481275434,8.3000278125526,27.6));
#6168=CARTESIAN_POINT('Ctrl Pts',(-7.29615099714944,8.30003704391862,27.8));
#6169=CARTESIAN_POINT('Ctrl Pts',(-7.36300211890525,8.30003323895702,27.7333465165542));
#6170=CARTESIAN_POINT('Ctrl Pts',(-7.42983829967744,8.3000302882995,27.6666780921247));
#6171=CARTESIAN_POINT('Ctrl Pts',(-7.49666481275434,8.3000278125526,27.6));
#6172=CARTESIAN_POINT('',(-7.5,8.4,27.7414213562373));
#6173=CARTESIAN_POINT('Ctrl Pts',(-7.5,8.4,27.7414213562373));
#6174=CARTESIAN_POINT('Ctrl Pts',(-7.50000000620953,8.3834847997845,27.7174806378724));
#6175=CARTESIAN_POINT('Ctrl Pts',(-7.49972725556465,8.36682989547499,27.6936250069981));
#6176=CARTESIAN_POINT('Ctrl Pts',(-7.49916791692383,8.35004423941602,27.66987987896));
#6177=CARTESIAN_POINT('Ctrl Pts',(-7.49861684280212,8.33350660014877,27.6464855975291));
#6178=CARTESIAN_POINT('Ctrl Pts',(-7.49778722615419,8.3168312524273,27.6231833142643));
#6179=CARTESIAN_POINT('Ctrl Pts',(-7.49666481275434,8.3000278125526,27.6));
#6180=CARTESIAN_POINT('',(-7.44142135623731,8.4,27.8));
#6181=CARTESIAN_POINT('Ctrl Pts',(-7.5,8.4,27.7414213562373));
#6182=CARTESIAN_POINT('Ctrl Pts',(-7.48047378541243,8.4,27.7609475708249));
#6183=CARTESIAN_POINT('Ctrl Pts',(-7.46094757082487,8.4,27.7804737854124));
#6184=CARTESIAN_POINT('Ctrl Pts',(-7.4414213562373,8.4,27.8));
#6185=CARTESIAN_POINT('Ctrl Pts',(-7.44142135623731,8.4,27.8));
#6186=CARTESIAN_POINT('Ctrl Pts',(-7.41725180295858,8.38334453964809,27.8));
#6187=CARTESIAN_POINT('Ctrl Pts',(-7.39306356597802,8.36668755175525,27.8));
#6188=CARTESIAN_POINT('Ctrl Pts',(-7.34464961605944,8.33337237847896,27.8));
#6189=CARTESIAN_POINT('Ctrl Pts',(-7.32039639254244,8.31669531545396,27.8));
#6190=CARTESIAN_POINT('Ctrl Pts',(-7.29615099714944,8.30003704391862,27.8));
#6191=CARTESIAN_POINT('Ctrl Pts',(-7.29615099714943,8.30003704391862,27.8));
#6192=CARTESIAN_POINT('Ctrl Pts',(-7.36300211890525,8.30003323895702,27.8666534834458));
#6193=CARTESIAN_POINT('Ctrl Pts',(-7.42983829967744,8.3000302882995,27.9333219078753));
#6194=CARTESIAN_POINT('Ctrl Pts',(-7.49666481275434,8.3000278125526,28.));
#6195=CARTESIAN_POINT('Ctrl Pts',(-7.32036272366408,8.33335802927908,27.7757882734854));
#6196=CARTESIAN_POINT('Ctrl Pts',(-7.38718090570156,8.33335549263801,27.8424746966495));
#6197=CARTESIAN_POINT('Ctrl Pts',(-7.4539891270833,8.333353525533,27.9091710804694));
#6198=CARTESIAN_POINT('Ctrl Pts',(-7.52079090333484,8.33335187503507,27.9758739094195));
#6199=CARTESIAN_POINT('Ctrl Pts',(-7.34457445017872,8.36667901463954,27.7515765469707));
#6200=CARTESIAN_POINT('Ctrl Pts',(-7.41135969249788,8.36667774631901,27.8182959098532));
#6201=CARTESIAN_POINT('Ctrl Pts',(-7.47813995448915,8.3666767627665,27.8850202530636));
#6202=CARTESIAN_POINT('Ctrl Pts',(-7.54491699391533,8.36667593751753,27.951747818839));
#6203=CARTESIAN_POINT('Ctrl Pts',(-7.36878617669337,8.4,27.7273648204561));
#6204=CARTESIAN_POINT('Ctrl Pts',(-7.43553847929419,8.4,27.7941171230569));
#6205=CARTESIAN_POINT('Ctrl Pts',(-7.50229078189501,8.4,27.8608694256577));
#6206=CARTESIAN_POINT('Ctrl Pts',(-7.56904308449583,8.4,27.9276217282585));
#6207=CARTESIAN_POINT('',(-7.5,8.4,27.8585786437627));
#6208=CARTESIAN_POINT('Ctrl Pts',(-7.44142135623731,8.4,27.8));
#6209=CARTESIAN_POINT('Ctrl Pts',(-7.46094757082487,8.4,27.8195262145876));
#6210=CARTESIAN_POINT('Ctrl Pts',(-7.48047378541244,8.4,27.8390524291751));
#6211=CARTESIAN_POINT('Ctrl Pts',(-7.5,8.4,27.8585786437627));
#6212=CARTESIAN_POINT('',(-7.49666481275434,8.3000278125526,28.));
#6213=CARTESIAN_POINT('Ctrl Pts',(-7.49666481275434,8.3000278125526,28.));
#6214=CARTESIAN_POINT('Ctrl Pts',(-7.49778586336913,8.31681085042859,27.9768448338977));
#6215=CARTESIAN_POINT('Ctrl Pts',(-7.49861482736553,8.33346610051231,27.9535709964646));
#6216=CARTESIAN_POINT('Ctrl Pts',(-7.49916590774576,8.34998398071265,27.9302053622314));
#6217=CARTESIAN_POINT('Ctrl Pts',(-7.49972660262034,8.36679004222302,27.9064320764713));
#6218=CARTESIAN_POINT('Ctrl Pts',(-7.50000000621695,8.38346504366512,27.8825480009382));
#6219=CARTESIAN_POINT('Ctrl Pts',(-7.5,8.4,27.8585786437627));
#6220=CARTESIAN_POINT('Ctrl Pts',(-7.49666481275434,8.3000278125526,28.));
#6221=CARTESIAN_POINT('Ctrl Pts',(-7.42983829967744,8.3000302882995,27.9333219078753));
#6222=CARTESIAN_POINT('Ctrl Pts',(-7.36300211890525,8.30003323895702,27.8666534834458));
#6223=CARTESIAN_POINT('Ctrl Pts',(-7.29615099714943,8.30003704391862,27.8));
#6224=CARTESIAN_POINT('Origin',(-6.,8.4,27.7));
#6225=CARTESIAN_POINT('',(-4.70384900285057,8.30003704391862,27.8));
#6226=CARTESIAN_POINT('Origin',(-6.,8.4,27.8));
#6227=CARTESIAN_POINT('',(-4.50333518724566,8.3000278125526,27.6));
#6228=CARTESIAN_POINT('Ctrl Pts',(-4.50333518724566,8.3000278125526,27.6));
#6229=CARTESIAN_POINT('Ctrl Pts',(-4.57016170032256,8.3000302882995,27.6666780921247));
#6230=CARTESIAN_POINT('Ctrl Pts',(-4.63699788109475,8.30003323895702,27.7333465165542));
#6231=CARTESIAN_POINT('Ctrl Pts',(-4.70384900285057,8.30003704391862,27.8));
#6232=CARTESIAN_POINT('Origin',(-6.,8.4,27.6));
#6233=CARTESIAN_POINT('Origin',(-6.,8.4,27.9));
#6234=CARTESIAN_POINT('',(-4.50333518724566,8.3000278125526,28.));
#6235=CARTESIAN_POINT('Origin',(-6.,8.4,28.));
#6236=CARTESIAN_POINT('Ctrl Pts',(-4.70384900285057,8.30003704391862,27.8));
#6237=CARTESIAN_POINT('Ctrl Pts',(-4.63699788109475,8.30003323895702,27.8666534834458));
#6238=CARTESIAN_POINT('Ctrl Pts',(-4.57016170032256,8.3000302882995,27.9333219078753));
#6239=CARTESIAN_POINT('Ctrl Pts',(-4.50333518724566,8.3000278125526,28.));
#6240=CARTESIAN_POINT('Ctrl Pts',(-4.70384900285057,8.30003704391862,27.8));
#6241=CARTESIAN_POINT('Ctrl Pts',(-4.63699788109475,8.30003323895702,27.7333465165542));
#6242=CARTESIAN_POINT('Ctrl Pts',(-4.57016170032256,8.3000302882995,27.6666780921247));
#6243=CARTESIAN_POINT('Ctrl Pts',(-4.50333518724566,8.3000278125526,27.6));
#6244=CARTESIAN_POINT('Ctrl Pts',(-4.67963727633592,8.33335802927908,27.8242117265146));
#6245=CARTESIAN_POINT('Ctrl Pts',(-4.61281909429844,8.33335549263801,27.7575253033505));
#6246=CARTESIAN_POINT('Ctrl Pts',(-4.5460108729167,8.333353525533,27.6908289195306));
#6247=CARTESIAN_POINT('Ctrl Pts',(-4.47920909666516,8.33335187503507,27.6241260905805));
#6248=CARTESIAN_POINT('Ctrl Pts',(-4.65542554982128,8.36667901463954,27.8484234530293));
#6249=CARTESIAN_POINT('Ctrl Pts',(-4.58864030750213,8.36667774631901,27.7817040901468));
#6250=CARTESIAN_POINT('Ctrl Pts',(-4.52186004551085,8.3666767627665,27.7149797469364));
#6251=CARTESIAN_POINT('Ctrl Pts',(-4.45508300608467,8.36667593751753,27.648252181161));
#6252=CARTESIAN_POINT('Ctrl Pts',(-4.63121382330663,8.4,27.8726351795439));
#6253=CARTESIAN_POINT('Ctrl Pts',(-4.56446152070581,8.4,27.8058828769431));
#6254=CARTESIAN_POINT('Ctrl Pts',(-4.49770921810499,8.4,27.7391305743423));
#6255=CARTESIAN_POINT('Ctrl Pts',(-4.43095691550417,8.4,27.6723782717415));
#6256=CARTESIAN_POINT('',(-4.55857864376269,8.4,27.8));
#6257=CARTESIAN_POINT('',(-4.5,8.4,27.7414213562373));
#6258=CARTESIAN_POINT('Ctrl Pts',(-4.55857864376269,8.4,27.8));
#6259=CARTESIAN_POINT('Ctrl Pts',(-4.53905242917513,8.4,27.7804737854124));
#6260=CARTESIAN_POINT('Ctrl Pts',(-4.51952621458757,8.4,27.7609475708249));
#6261=CARTESIAN_POINT('Ctrl Pts',(-4.5,8.4,27.7414213562373));
#6262=CARTESIAN_POINT('Ctrl Pts',(-4.50333518724566,8.3000278125526,27.6));
#6263=CARTESIAN_POINT('Ctrl Pts',(-4.50221376188824,8.31681646062996,27.6231629063664));
#6264=CARTESIAN_POINT('Ctrl Pts',(-4.50138461833797,8.33347723725557,27.6464445658784));
#6265=CARTESIAN_POINT('Ctrl Pts',(-4.50083353951913,8.35000055093912,27.6698180775461));
#6266=CARTESIAN_POINT('Ctrl Pts',(-4.50027321775341,8.36680100122384,27.6935836204798));
#6267=CARTESIAN_POINT('Ctrl Pts',(-4.49999999378509,8.38347047625764,27.7174598742414));
#6268=CARTESIAN_POINT('Ctrl Pts',(-4.5,8.4,27.7414213562373));
#6269=CARTESIAN_POINT('Ctrl Pts',(-4.70384900285057,8.30003704391862,27.8));
#6270=CARTESIAN_POINT('Ctrl Pts',(-4.67962647937986,8.31667960085389,27.8));
#6271=CARTESIAN_POINT('Ctrl Pts',(-4.65539615545918,8.33334090497001,27.8));
#6272=CARTESIAN_POINT('Ctrl Pts',(-4.60698218258963,8.36665604746485,27.8));
#6273=CARTESIAN_POINT('Ctrl Pts',(-4.58277104704859,8.38332879349903,27.8));
#6274=CARTESIAN_POINT('Ctrl Pts',(-4.55857864376269,8.4,27.8));
#6275=CARTESIAN_POINT('Ctrl Pts',(-4.50333518724566,8.3000278125526,28.));
#6276=CARTESIAN_POINT('Ctrl Pts',(-4.57016170032256,8.3000302882995,27.9333219078753));
#6277=CARTESIAN_POINT('Ctrl Pts',(-4.63699788109475,8.30003323895702,27.8666534834458));
#6278=CARTESIAN_POINT('Ctrl Pts',(-4.70384900285057,8.30003704391862,27.8));
#6279=CARTESIAN_POINT('Ctrl Pts',(-4.47920909666516,8.33335187503507,27.9758739094195));
#6280=CARTESIAN_POINT('Ctrl Pts',(-4.54601087291671,8.333353525533,27.9091710804694));
#6281=CARTESIAN_POINT('Ctrl Pts',(-4.61281909429844,8.33335549263801,27.8424746966495));
#6282=CARTESIAN_POINT('Ctrl Pts',(-4.67963727633592,8.33335802927908,27.7757882734854));
#6283=CARTESIAN_POINT('Ctrl Pts',(-4.45508300608467,8.36667593751753,27.951747818839));
#6284=CARTESIAN_POINT('Ctrl Pts',(-4.52186004551085,8.3666767627665,27.8850202530636));
#6285=CARTESIAN_POINT('Ctrl Pts',(-4.58864030750213,8.36667774631901,27.8182959098532));
#6286=CARTESIAN_POINT('Ctrl Pts',(-4.65542554982128,8.36667901463954,27.7515765469707));
#6287=CARTESIAN_POINT('Ctrl Pts',(-4.43095691550417,8.4,27.9276217282585));
#6288=CARTESIAN_POINT('Ctrl Pts',(-4.49770921810499,8.4,27.8608694256577));
#6289=CARTESIAN_POINT('Ctrl Pts',(-4.56446152070581,8.4,27.7941171230569));
#6290=CARTESIAN_POINT('Ctrl Pts',(-4.63121382330663,8.4,27.7273648204561));
#6291=CARTESIAN_POINT('',(-4.5,8.4,27.8585786437627));
#6292=CARTESIAN_POINT('Ctrl Pts',(-4.5,8.4,27.8585786437627));
#6293=CARTESIAN_POINT('Ctrl Pts',(-4.4999999937892,8.38348139931292,27.8825242915097));
#6294=CARTESIAN_POINT('Ctrl Pts',(-4.5002728567661,8.36682303586647,27.9063848183625));
#6295=CARTESIAN_POINT('Ctrl Pts',(-4.50083242872517,8.35003386762699,27.930134793021));
#6296=CARTESIAN_POINT('Ctrl Pts',(-4.50138350403818,8.33349962928135,27.9535241435895));
#6297=CARTESIAN_POINT('Ctrl Pts',(-4.50221300841157,8.31682774078757,27.9768215306632));
#6298=CARTESIAN_POINT('Ctrl Pts',(-4.50333518724566,8.3000278125526,28.));
#6299=CARTESIAN_POINT('Ctrl Pts',(-4.5,8.4,27.8585786437627));
#6300=CARTESIAN_POINT('Ctrl Pts',(-4.51952621458757,8.4,27.8390524291751));
#6301=CARTESIAN_POINT('Ctrl Pts',(-4.53905242917514,8.4,27.8195262145876));
#6302=CARTESIAN_POINT('Ctrl Pts',(-4.5585786437627,8.4,27.8));
#6303=CARTESIAN_POINT('Origin',(1.11022302462516E-15,8.4,27.5));
#6304=CARTESIAN_POINT('',(-4.5,8.4,25.));
#6305=CARTESIAN_POINT('',(-4.5,8.4,30.));
#6306=CARTESIAN_POINT('',(-4.5,8.4,30.));
#6307=CARTESIAN_POINT('',(-1.5,8.4,27.8585786437627));
#6308=CARTESIAN_POINT('',(-1.5,8.4,30.));
#6309=CARTESIAN_POINT('',(-1.44142135623731,8.4,27.8));
#6310=CARTESIAN_POINT('Ctrl Pts',(-1.44142135623731,8.4,27.8));
#6311=CARTESIAN_POINT('Ctrl Pts',(-1.46094757082487,8.4,27.8195262145876));
#6312=CARTESIAN_POINT('Ctrl Pts',(-1.48047378541244,8.4,27.8390524291751));
#6313=CARTESIAN_POINT('Ctrl Pts',(-1.5,8.4,27.8585786437627));
#6314=CARTESIAN_POINT('',(-1.5,8.4,27.7414213562373));
#6315=CARTESIAN_POINT('Ctrl Pts',(-1.5,8.4,27.7414213562373));
#6316=CARTESIAN_POINT('Ctrl Pts',(-1.48047378541243,8.4,27.7609475708249));
#6317=CARTESIAN_POINT('Ctrl Pts',(-1.46094757082487,8.4,27.7804737854124));
#6318=CARTESIAN_POINT('Ctrl Pts',(-1.4414213562373,8.4,27.8));
#6319=CARTESIAN_POINT('',(-1.5,8.4,25.));
#6320=CARTESIAN_POINT('',(-1.5,8.4,30.));
#6321=CARTESIAN_POINT('',(-8.6,8.4,25.));
#6322=CARTESIAN_POINT('Ctrl Pts',(-1.49666481275434,8.3000278125526,27.6));
#6323=CARTESIAN_POINT('Ctrl Pts',(-1.42983829967744,8.3000302882995,27.6666780921247));
#6324=CARTESIAN_POINT('Ctrl Pts',(-1.36300211890525,8.30003323895702,27.7333465165542));
#6325=CARTESIAN_POINT('Ctrl Pts',(-1.29615099714943,8.30003704391862,27.8));
#6326=CARTESIAN_POINT('Ctrl Pts',(-1.52079090333484,8.33335187503507,27.6241260905805));
#6327=CARTESIAN_POINT('Ctrl Pts',(-1.4539891270833,8.333353525533,27.6908289195306));
#6328=CARTESIAN_POINT('Ctrl Pts',(-1.38718090570156,8.33335549263801,27.7575253033505));
#6329=CARTESIAN_POINT('Ctrl Pts',(-1.32036272366408,8.33335802927908,27.8242117265146));
#6330=CARTESIAN_POINT('Ctrl Pts',(-1.54491699391533,8.36667593751753,27.648252181161));
#6331=CARTESIAN_POINT('Ctrl Pts',(-1.47813995448915,8.3666767627665,27.7149797469364));
#6332=CARTESIAN_POINT('Ctrl Pts',(-1.41135969249788,8.36667774631901,27.7817040901468));
#6333=CARTESIAN_POINT('Ctrl Pts',(-1.34457445017872,8.36667901463954,27.8484234530293));
#6334=CARTESIAN_POINT('Ctrl Pts',(-1.56904308449583,8.4,27.6723782717415));
#6335=CARTESIAN_POINT('Ctrl Pts',(-1.50229078189501,8.4,27.7391305743423));
#6336=CARTESIAN_POINT('Ctrl Pts',(-1.43553847929419,8.4,27.8058828769431));
#6337=CARTESIAN_POINT('Ctrl Pts',(-1.36878617669337,8.4,27.8726351795439));
#6338=CARTESIAN_POINT('',(-1.29615099714943,8.30003704391862,27.8));
#6339=CARTESIAN_POINT('',(-1.49666481275434,8.3000278125526,27.6));
#6340=CARTESIAN_POINT('Ctrl Pts',(-1.29615099714943,8.30003704391862,27.8));
#6341=CARTESIAN_POINT('Ctrl Pts',(-1.36300211890525,8.30003323895702,27.7333465165542));
#6342=CARTESIAN_POINT('Ctrl Pts',(-1.42983829967744,8.3000302882995,27.6666780921247));
#6343=CARTESIAN_POINT('Ctrl Pts',(-1.49666481275434,8.3000278125526,27.6));
#6344=CARTESIAN_POINT('Ctrl Pts',(-1.5,8.4,27.7414213562373));
#6345=CARTESIAN_POINT('Ctrl Pts',(-1.50000000621118,8.38348039108831,27.7174742469505));
#6346=CARTESIAN_POINT('Ctrl Pts',(-1.49972710992389,8.36682100202074,27.6936122684632));
#6347=CARTESIAN_POINT('Ctrl Pts',(-1.49916746877741,8.35003079243095,27.6698608568068));
#6348=CARTESIAN_POINT('Ctrl Pts',(-1.49861639312031,8.33349756244815,27.6464729682144));
#6349=CARTESIAN_POINT('Ctrl Pts',(-1.49778692204073,8.31682669960199,27.6231770328374));
#6350=CARTESIAN_POINT('Ctrl Pts',(-1.49666481275434,8.3000278125526,27.6));
#6351=CARTESIAN_POINT('Ctrl Pts',(-1.44142135623731,8.4,27.8));
#6352=CARTESIAN_POINT('Ctrl Pts',(-1.41724512329748,8.38333993663249,27.8));
#6353=CARTESIAN_POINT('Ctrl Pts',(-1.39305019247102,8.36667834222224,27.8));
#6354=CARTESIAN_POINT('Ctrl Pts',(-1.34463623583772,8.33336317793998,27.8));
#6355=CARTESIAN_POINT('Ctrl Pts',(-1.32038970647971,8.31669072166423,27.8));
#6356=CARTESIAN_POINT('Ctrl Pts',(-1.29615099714943,8.30003704391862,27.8));
#6357=CARTESIAN_POINT('Ctrl Pts',(-1.29615099714943,8.30003704391862,27.8));
#6358=CARTESIAN_POINT('Ctrl Pts',(-1.36300211890525,8.30003323895702,27.8666534834458));
#6359=CARTESIAN_POINT('Ctrl Pts',(-1.42983829967744,8.3000302882995,27.9333219078753));
#6360=CARTESIAN_POINT('Ctrl Pts',(-1.49666481275434,8.3000278125526,28.));
#6361=CARTESIAN_POINT('Ctrl Pts',(-1.32036272366408,8.33335802927908,27.7757882734854));
#6362=CARTESIAN_POINT('Ctrl Pts',(-1.38718090570156,8.33335549263801,27.8424746966495));
#6363=CARTESIAN_POINT('Ctrl Pts',(-1.4539891270833,8.333353525533,27.9091710804694));
#6364=CARTESIAN_POINT('Ctrl Pts',(-1.52079090333484,8.33335187503507,27.9758739094195));
#6365=CARTESIAN_POINT('Ctrl Pts',(-1.34457445017872,8.36667901463954,27.7515765469707));
#6366=CARTESIAN_POINT('Ctrl Pts',(-1.41135969249788,8.36667774631901,27.8182959098532));
#6367=CARTESIAN_POINT('Ctrl Pts',(-1.47813995448915,8.3666767627665,27.8850202530636));
#6368=CARTESIAN_POINT('Ctrl Pts',(-1.54491699391533,8.36667593751753,27.951747818839));
#6369=CARTESIAN_POINT('Ctrl Pts',(-1.36878617669337,8.4,27.7273648204561));
#6370=CARTESIAN_POINT('Ctrl Pts',(-1.43553847929419,8.4,27.7941171230569));
#6371=CARTESIAN_POINT('Ctrl Pts',(-1.50229078189501,8.4,27.8608694256577));
#6372=CARTESIAN_POINT('Ctrl Pts',(-1.56904308449583,8.4,27.9276217282585));
#6373=CARTESIAN_POINT('',(-1.49666481275434,8.3000278125526,28.));
#6374=CARTESIAN_POINT('Ctrl Pts',(-1.49666481275434,8.3000278125526,28.));
#6375=CARTESIAN_POINT('Ctrl Pts',(-1.49778617815509,8.31681556302989,27.9768383320315));
#6376=CARTESIAN_POINT('Ctrl Pts',(-1.49861529298214,8.33347545544224,27.9535579240093));
#6377=CARTESIAN_POINT('Ctrl Pts',(-1.49916637205892,8.34999789980323,27.9301856726892));
#6378=CARTESIAN_POINT('Ctrl Pts',(-1.49972675351138,8.36679924784818,27.9064188909442));
#6379=CARTESIAN_POINT('Ctrl Pts',(-1.50000000621524,8.38346960707369,27.8825413857426));
#6380=CARTESIAN_POINT('Ctrl Pts',(-1.5,8.4,27.8585786437627));
#6381=CARTESIAN_POINT('Ctrl Pts',(-1.49666481275434,8.3000278125526,28.));
#6382=CARTESIAN_POINT('Ctrl Pts',(-1.42983829967744,8.3000302882995,27.9333219078753));
#6383=CARTESIAN_POINT('Ctrl Pts',(-1.36300211890525,8.30003323895702,27.8666534834458));
#6384=CARTESIAN_POINT('Ctrl Pts',(-1.29615099714943,8.30003704391862,27.8));
#6385=CARTESIAN_POINT('Origin',(0.,8.4,27.7));
#6386=CARTESIAN_POINT('',(1.29615099714943,8.30003704391862,27.8));
#6387=CARTESIAN_POINT('Origin',(0.,8.4,27.8));
#6388=CARTESIAN_POINT('',(1.49666481275434,8.3000278125526,27.6));
#6389=CARTESIAN_POINT('Ctrl Pts',(1.49666481275434,8.3000278125526,27.6));
#6390=CARTESIAN_POINT('Ctrl Pts',(1.42983829967744,8.3000302882995,27.6666780921247));
#6391=CARTESIAN_POINT('Ctrl Pts',(1.36300211890525,8.30003323895702,27.7333465165542));
#6392=CARTESIAN_POINT('Ctrl Pts',(1.29615099714943,8.30003704391862,27.8));
#6393=CARTESIAN_POINT('Origin',(0.,8.4,27.6));
#6394=CARTESIAN_POINT('Origin',(0.,8.4,27.9));
#6395=CARTESIAN_POINT('',(1.49666481275434,8.3000278125526,28.));
#6396=CARTESIAN_POINT('Origin',(0.,8.4,28.));
#6397=CARTESIAN_POINT('Ctrl Pts',(1.29615099714943,8.30003704391862,27.8));
#6398=CARTESIAN_POINT('Ctrl Pts',(1.36300211890525,8.30003323895702,27.8666534834458));
#6399=CARTESIAN_POINT('Ctrl Pts',(1.42983829967744,8.3000302882995,27.9333219078753));
#6400=CARTESIAN_POINT('Ctrl Pts',(1.49666481275434,8.3000278125526,28.));
#6401=CARTESIAN_POINT('Ctrl Pts',(1.29615099714943,8.30003704391862,27.8));
#6402=CARTESIAN_POINT('Ctrl Pts',(1.36300211890525,8.30003323895702,27.7333465165542));
#6403=CARTESIAN_POINT('Ctrl Pts',(1.42983829967744,8.3000302882995,27.6666780921247));
#6404=CARTESIAN_POINT('Ctrl Pts',(1.49666481275434,8.3000278125526,27.6));
#6405=CARTESIAN_POINT('Ctrl Pts',(1.32036272366408,8.33335802927908,27.8242117265146));
#6406=CARTESIAN_POINT('Ctrl Pts',(1.38718090570156,8.33335549263801,27.7575253033505));
#6407=CARTESIAN_POINT('Ctrl Pts',(1.4539891270833,8.333353525533,27.6908289195306));
#6408=CARTESIAN_POINT('Ctrl Pts',(1.52079090333484,8.33335187503507,27.6241260905805));
#6409=CARTESIAN_POINT('Ctrl Pts',(1.34457445017872,8.36667901463954,27.8484234530293));
#6410=CARTESIAN_POINT('Ctrl Pts',(1.41135969249788,8.36667774631901,27.7817040901468));
#6411=CARTESIAN_POINT('Ctrl Pts',(1.47813995448915,8.3666767627665,27.7149797469364));
#6412=CARTESIAN_POINT('Ctrl Pts',(1.54491699391533,8.36667593751753,27.648252181161));
#6413=CARTESIAN_POINT('Ctrl Pts',(1.36878617669337,8.4,27.8726351795439));
#6414=CARTESIAN_POINT('Ctrl Pts',(1.43553847929419,8.4,27.8058828769431));
#6415=CARTESIAN_POINT('Ctrl Pts',(1.50229078189501,8.4,27.7391305743423));
#6416=CARTESIAN_POINT('Ctrl Pts',(1.56904308449583,8.4,27.6723782717415));
#6417=CARTESIAN_POINT('',(1.44142135623731,8.4,27.8));
#6418=CARTESIAN_POINT('',(1.5,8.4,27.7414213562373));
#6419=CARTESIAN_POINT('Ctrl Pts',(1.44142135623731,8.4,27.8));
#6420=CARTESIAN_POINT('Ctrl Pts',(1.46094757082487,8.4,27.7804737854124));
#6421=CARTESIAN_POINT('Ctrl Pts',(1.48047378541244,8.4,27.7609475708249));
#6422=CARTESIAN_POINT('Ctrl Pts',(1.5,8.4,27.7414213562373));
#6423=CARTESIAN_POINT('Ctrl Pts',(1.49666481275434,8.3000278125526,27.6));
#6424=CARTESIAN_POINT('Ctrl Pts',(1.49778623811177,8.31681646063007,27.6231629063665));
#6425=CARTESIAN_POINT('Ctrl Pts',(1.49861538166204,8.3334772372558,27.6464445658787));
#6426=CARTESIAN_POINT('Ctrl Pts',(1.49916646048087,8.35000055093912,27.6698180775461));
#6427=CARTESIAN_POINT('Ctrl Pts',(1.49972678224659,8.36680100122383,27.6935836204798));
#6428=CARTESIAN_POINT('Ctrl Pts',(1.50000000621491,8.38347047625762,27.7174598742414));
#6429=CARTESIAN_POINT('Ctrl Pts',(1.5,8.4,27.7414213562373));
#6430=CARTESIAN_POINT('Ctrl Pts',(1.29615099714943,8.30003704391862,27.8));
#6431=CARTESIAN_POINT('Ctrl Pts',(1.32037352061951,8.31667960085346,27.8));
#6432=CARTESIAN_POINT('Ctrl Pts',(1.34460384453954,8.33334090496913,27.8));
#6433=CARTESIAN_POINT('Ctrl Pts',(1.39301781741004,8.36665604746462,27.8));
#6434=CARTESIAN_POINT('Ctrl Pts',(1.41722895295061,8.38332879349848,27.8));
#6435=CARTESIAN_POINT('Ctrl Pts',(1.44142135623731,8.4,27.8));
#6436=CARTESIAN_POINT('Ctrl Pts',(1.49666481275434,8.3000278125526,28.));
#6437=CARTESIAN_POINT('Ctrl Pts',(1.42983829967744,8.3000302882995,27.9333219078753));
#6438=CARTESIAN_POINT('Ctrl Pts',(1.36300211890525,8.30003323895702,27.8666534834458));
#6439=CARTESIAN_POINT('Ctrl Pts',(1.29615099714943,8.30003704391862,27.8));
#6440=CARTESIAN_POINT('Ctrl Pts',(1.52079090333484,8.33335187503507,27.9758739094195));
#6441=CARTESIAN_POINT('Ctrl Pts',(1.4539891270833,8.333353525533,27.9091710804694));
#6442=CARTESIAN_POINT('Ctrl Pts',(1.38718090570156,8.33335549263801,27.8424746966495));
#6443=CARTESIAN_POINT('Ctrl Pts',(1.32036272366408,8.33335802927908,27.7757882734854));
#6444=CARTESIAN_POINT('Ctrl Pts',(1.54491699391533,8.36667593751753,27.951747818839));
#6445=CARTESIAN_POINT('Ctrl Pts',(1.47813995448915,8.3666767627665,27.8850202530636));
#6446=CARTESIAN_POINT('Ctrl Pts',(1.41135969249788,8.36667774631901,27.8182959098532));
#6447=CARTESIAN_POINT('Ctrl Pts',(1.34457445017872,8.36667901463954,27.7515765469707));
#6448=CARTESIAN_POINT('Ctrl Pts',(1.56904308449583,8.4,27.9276217282585));
#6449=CARTESIAN_POINT('Ctrl Pts',(1.50229078189501,8.4,27.8608694256577));
#6450=CARTESIAN_POINT('Ctrl Pts',(1.43553847929419,8.4,27.7941171230569));
#6451=CARTESIAN_POINT('Ctrl Pts',(1.36878617669337,8.4,27.7273648204561));
#6452=CARTESIAN_POINT('',(1.5,8.4,27.8585786437627));
#6453=CARTESIAN_POINT('Ctrl Pts',(1.5,8.4,27.8585786437627));
#6454=CARTESIAN_POINT('Ctrl Pts',(1.5000000062108,8.38348139931293,27.8825242915097));
#6455=CARTESIAN_POINT('Ctrl Pts',(1.4997271432339,8.36682303586648,27.9063848183625));
#6456=CARTESIAN_POINT('Ctrl Pts',(1.49916757127483,8.35003386762699,27.930134793021));
#6457=CARTESIAN_POINT('Ctrl Pts',(1.49861649596182,8.33349962928141,27.9535241435894));
#6458=CARTESIAN_POINT('Ctrl Pts',(1.49778699158844,8.3168277407876,27.9768215306631));
#6459=CARTESIAN_POINT('Ctrl Pts',(1.49666481275434,8.3000278125526,28.));
#6460=CARTESIAN_POINT('Ctrl Pts',(1.5,8.4,27.8585786437627));
#6461=CARTESIAN_POINT('Ctrl Pts',(1.48047378541243,8.4,27.8390524291751));
#6462=CARTESIAN_POINT('Ctrl Pts',(1.46094757082487,8.4,27.8195262145876));
#6463=CARTESIAN_POINT('Ctrl Pts',(1.4414213562373,8.4,27.8));
#6464=CARTESIAN_POINT('Origin',(1.11022302462516E-15,8.4,27.5));
#6465=CARTESIAN_POINT('',(4.5,8.4,25.));
#6466=CARTESIAN_POINT('',(4.5,8.4,30.));
#6467=CARTESIAN_POINT('',(1.5,8.4,25.));
#6468=CARTESIAN_POINT('',(-8.6,8.4,25.));
#6469=CARTESIAN_POINT('',(1.5,8.4,30.));
#6470=CARTESIAN_POINT('',(1.5,8.4,30.));
#6471=CARTESIAN_POINT('',(4.5,8.4,30.));
#6472=CARTESIAN_POINT('Origin',(1.11022302462516E-15,8.4,27.5));
#6473=CARTESIAN_POINT('',(-7.5,8.4,25.));
#6474=CARTESIAN_POINT('',(-7.5,8.4,30.));
#6475=CARTESIAN_POINT('',(-8.6,8.4,25.));
#6476=CARTESIAN_POINT('',(-8.6,8.4,25.));
#6477=CARTESIAN_POINT('',(-8.6,8.4,30.));
#6478=CARTESIAN_POINT('',(-7.5,8.4,30.));
#6479=CARTESIAN_POINT('Origin',(-6.,8.4,30.));
#6480=CARTESIAN_POINT('Origin',(0.,8.4,30.));
#6481=CARTESIAN_POINT('Origin',(6.,8.4,30.));
#6482=CARTESIAN_POINT('Origin',(-10.85,0.,19.4));
#6483=CARTESIAN_POINT('',(-9.25,0.,19.4));
#6484=CARTESIAN_POINT('',(-10.85,0.,19.4));
#6485=CARTESIAN_POINT('',(-5.425,0.,19.4));
#6486=CARTESIAN_POINT('',(-9.25,3.8,19.4));
#6487=CARTESIAN_POINT('',(-9.25,0.,19.4));
#6488=CARTESIAN_POINT('',(-10.85,3.8,19.4));
#6489=CARTESIAN_POINT('',(-10.85,3.8,19.4));
#6490=CARTESIAN_POINT('',(-10.85,0.,19.4));
#6491=CARTESIAN_POINT('Origin',(-10.85,0.,14.6));
#6492=CARTESIAN_POINT('',(-10.85,0.,14.6));
#6493=CARTESIAN_POINT('',(-10.85,0.,15.3));
#6494=CARTESIAN_POINT('',(-10.85,3.8,14.6));
#6495=CARTESIAN_POINT('',(-10.85,3.8,14.6));
#6496=CARTESIAN_POINT('',(-10.85,0.,14.6));
#6497=CARTESIAN_POINT('Origin',(-9.25,0.,14.6));
#6498=CARTESIAN_POINT('',(-9.25,0.,14.6));
#6499=CARTESIAN_POINT('',(-4.625,0.,14.6));
#6500=CARTESIAN_POINT('',(-9.25,3.8,14.6));
#6501=CARTESIAN_POINT('',(-9.25,3.8,14.6));
#6502=CARTESIAN_POINT('',(-9.25,0.,14.6));
#6503=CARTESIAN_POINT('Origin',(-9.25,0.,19.4));
#6504=CARTESIAN_POINT('',(-9.25,0.,17.7));
#6505=CARTESIAN_POINT('',(-9.25,3.8,19.4));
#6506=CARTESIAN_POINT('Origin',(-10.05,3.8,17.));
#6507=CARTESIAN_POINT('Origin',(9.25000000000001,0.,14.6));
#6508=CARTESIAN_POINT('',(9.25000000000001,0.,19.4));
#6509=CARTESIAN_POINT('',(9.25000000000001,0.,14.6));
#6510=CARTESIAN_POINT('',(9.25000000000001,0.,15.3));
#6511=CARTESIAN_POINT('',(9.25000000000001,3.8,19.4));
#6512=CARTESIAN_POINT('',(9.25000000000001,0.,19.4));
#6513=CARTESIAN_POINT('',(9.25000000000001,3.8,14.6));
#6514=CARTESIAN_POINT('',(9.25000000000001,3.8,19.4));
#6515=CARTESIAN_POINT('',(9.25000000000001,0.,14.6));
#6516=CARTESIAN_POINT('Origin',(10.85,0.,14.6));
#6517=CARTESIAN_POINT('',(10.85,0.,14.6));
#6518=CARTESIAN_POINT('',(5.425,0.,14.6));
#6519=CARTESIAN_POINT('',(10.85,3.8,14.6));
#6520=CARTESIAN_POINT('',(9.25000000000001,3.8,14.6));
#6521=CARTESIAN_POINT('',(10.85,0.,14.6));
#6522=CARTESIAN_POINT('Origin',(10.85,0.,19.4));
#6523=CARTESIAN_POINT('',(10.85,0.,19.4));
#6524=CARTESIAN_POINT('',(10.85,0.,17.7));
#6525=CARTESIAN_POINT('',(10.85,3.8,19.4));
#6526=CARTESIAN_POINT('',(10.85,3.8,14.6));
#6527=CARTESIAN_POINT('',(10.85,0.,19.4));
#6528=CARTESIAN_POINT('Origin',(9.25000000000001,0.,19.4));
#6529=CARTESIAN_POINT('',(4.625,0.,19.4));
#6530=CARTESIAN_POINT('',(10.85,3.8,19.4));
#6531=CARTESIAN_POINT('Origin',(10.05,3.8,17.));
#6532=CARTESIAN_POINT('Origin',(10.85,-0.600000000000001,9.));
#6533=CARTESIAN_POINT('',(-10.85,-0.600000000000001,9.));
#6534=CARTESIAN_POINT('',(10.85,-0.600000000000001,9.));
#6535=CARTESIAN_POINT('',(-10.8499999999929,0.,9.));
#6536=CARTESIAN_POINT('Origin',(10.85,-0.600000000000001,12.));
#6537=CARTESIAN_POINT('',(10.85,-0.600000000000001,10.5));
#6538=CARTESIAN_POINT('',(-10.85,-0.600000000000001,12.));
#6539=CARTESIAN_POINT('',(10.85,-0.600000000000001,12.));
#6540=CARTESIAN_POINT('',(-10.8499999999929,-0.600000000000001,12.));
#6541=CARTESIAN_POINT('Origin',(10.85,-1.6,12.));
#6542=CARTESIAN_POINT('',(-10.8499999999929,0.,12.));
#6543=CARTESIAN_POINT('Origin',(10.85,-0.6,25.));
#6544=CARTESIAN_POINT('',(10.85,-0.6,23.5));
#6545=CARTESIAN_POINT('',(-10.85,-0.6,25.));
#6546=CARTESIAN_POINT('',(10.85,-0.6,25.));
#6547=CARTESIAN_POINT('',(-10.8499999999929,-0.6,25.));
#6548=CARTESIAN_POINT('Origin',(10.85,-1.6,25.));
#6549=CARTESIAN_POINT('',(-10.8499999999929,0.,25.));
#6550=CARTESIAN_POINT('Origin',(10.85,0.,9.));
#6551=CARTESIAN_POINT('',(10.85,0.,9.));
#6552=CARTESIAN_POINT('Origin',(10.85,0.,22.));
#6553=CARTESIAN_POINT('',(10.85,0.,22.));
#6554=CARTESIAN_POINT('Origin',(6.,8.4,30.));
#6555=CARTESIAN_POINT('Origin',(6.,8.4,25.));
#6556=CARTESIAN_POINT('Origin',(0.,8.4,30.));
#6557=CARTESIAN_POINT('Origin',(0.,8.4,25.));
#6558=CARTESIAN_POINT('Origin',(-6.,8.4,30.));
#6559=CARTESIAN_POINT('Origin',(-6.,8.4,25.));
#6560=CARTESIAN_POINT('Origin',(8.6,0.,25.));
#6561=CARTESIAN_POINT('',(8.6,0.,25.));
#6562=CARTESIAN_POINT('',(8.6,0.,25.));
#6563=CARTESIAN_POINT('',(-8.6,0.,25.));
#6564=CARTESIAN_POINT('',(4.3,0.,25.));
#6565=CARTESIAN_POINT('',(-8.6,0.,25.));
#6566=CARTESIAN_POINT('Origin',(8.6,0.,30.));
#6567=CARTESIAN_POINT('',(8.6,0.,23.));
#6568=CARTESIAN_POINT('Origin',(-8.6,0.,25.));
#6569=CARTESIAN_POINT('',(-8.6,0.,20.5));
#6570=CARTESIAN_POINT('Origin',(2.22044604925031E-15,0.,16.));
#6571=CARTESIAN_POINT('',(-11.85,0.,8.));
#6572=CARTESIAN_POINT('',(-11.85,0.,8.));
#6573=CARTESIAN_POINT('',(-10.8499999999929,0.,9.));
#6574=CARTESIAN_POINT('Origin',(-10.85,0.,8.));
#6575=CARTESIAN_POINT('',(-10.8499999999929,0.,12.));
#6576=CARTESIAN_POINT('',(-10.8499999999929,0.,12.));
#6577=CARTESIAN_POINT('',(-11.85,0.,13.));
#6578=CARTESIAN_POINT('Origin',(-10.85,0.,13.));
#6579=CARTESIAN_POINT('',(-11.85,0.,21.));
#6580=CARTESIAN_POINT('',(-11.85,0.,21.));
#6581=CARTESIAN_POINT('',(-10.8499999999929,0.,22.));
#6582=CARTESIAN_POINT('Origin',(-10.85,0.,21.));
#6583=CARTESIAN_POINT('',(-10.8499999999929,0.,25.));
#6584=CARTESIAN_POINT('',(-10.8499999999929,0.,25.));
#6585=CARTESIAN_POINT('',(-11.85,0.,26.));
#6586=CARTESIAN_POINT('Origin',(-10.85,0.,26.));
#6587=CARTESIAN_POINT('',(-11.8499999999924,0.,26.8500069369505));
#6588=CARTESIAN_POINT('',(-11.8499999999924,0.,26.8500069369505));
#6589=CARTESIAN_POINT('Origin',(-8.7,0.,26.85));
#6590=CARTESIAN_POINT('Origin',(-11.85,0.,8.));
#6591=CARTESIAN_POINT('',(-11.85,0.,8.));
#6592=CARTESIAN_POINT('Origin',(-10.85,0.,8.));
#6593=CARTESIAN_POINT('',(-10.8499999999929,0.,9.));
#6594=CARTESIAN_POINT('Origin',(-10.8499999999929,0.,12.));
#6595=CARTESIAN_POINT('',(-10.8499999999929,0.,12.));
#6596=CARTESIAN_POINT('Origin',(-10.85,0.,13.));
#6597=CARTESIAN_POINT('',(-11.85,0.,13.));
#6598=CARTESIAN_POINT('Origin',(-11.85,0.,21.));
#6599=CARTESIAN_POINT('',(-11.85,0.,21.));
#6600=CARTESIAN_POINT('Origin',(-10.85,0.,21.));
#6601=CARTESIAN_POINT('',(-10.8499999999929,0.,22.));
#6602=CARTESIAN_POINT('Origin',(-10.8499999999929,0.,25.));
#6603=CARTESIAN_POINT('',(-10.8499999999929,0.,25.));
#6604=CARTESIAN_POINT('Origin',(-10.85,0.,26.));
#6605=CARTESIAN_POINT('',(-11.85,0.,26.));
#6606=CARTESIAN_POINT('Origin',(-11.8499999999924,0.,26.8500069369505));
#6607=CARTESIAN_POINT('',(-11.8499999999924,0.,26.8500069369505));
#6608=CARTESIAN_POINT('Origin',(-8.7,0.,26.85));
#6609=CARTESIAN_POINT('Origin',(-10.95,0.,19.5));
#6610=CARTESIAN_POINT('',(-10.25,0.,19.5));
#6611=CARTESIAN_POINT('',(-10.25,1.,19.5));
#6612=CARTESIAN_POINT('',(-10.25,0.,19.5));
#6613=CARTESIAN_POINT('',(-10.95,0.,19.5));
#6614=CARTESIAN_POINT('',(-11.4,0.,19.5));
#6615=CARTESIAN_POINT('',(-10.95,4.,19.5));
#6616=CARTESIAN_POINT('',(-10.95,0.,19.5));
#6617=CARTESIAN_POINT('',(-9.25,4.,19.5));
#6618=CARTESIAN_POINT('',(-9.25,4.,19.5));
#6619=CARTESIAN_POINT('',(-9.25,1.,19.5));
#6620=CARTESIAN_POINT('',(-9.25,0.5,19.5));
#6621=CARTESIAN_POINT('',(-10.35,1.,19.5));
#6622=CARTESIAN_POINT('Origin',(-10.95,0.,14.5));
#6623=CARTESIAN_POINT('',(-10.95,0.,14.5));
#6624=CARTESIAN_POINT('',(-10.95,0.,7.25));
#6625=CARTESIAN_POINT('',(-10.95,4.,14.5));
#6626=CARTESIAN_POINT('',(-10.95,0.,14.5));
#6627=CARTESIAN_POINT('',(-10.95,4.,19.5));
#6628=CARTESIAN_POINT('Origin',(-9.25,0.,14.5));
#6629=CARTESIAN_POINT('',(-10.25,1.,14.5));
#6630=CARTESIAN_POINT('',(-10.25,0.,14.5));
#6631=CARTESIAN_POINT('',(-10.25,0.,14.5));
#6632=CARTESIAN_POINT('',(-9.25,1.,14.5));
#6633=CARTESIAN_POINT('',(-9.5,1.,14.5));
#6634=CARTESIAN_POINT('',(-9.25,4.,14.5));
#6635=CARTESIAN_POINT('',(-9.25,0.5,14.5));
#6636=CARTESIAN_POINT('',(-10.95,4.,14.5));
#6637=CARTESIAN_POINT('',(-10.55,0.,14.5));
#6638=CARTESIAN_POINT('Origin',(-10.1,4.,17.));
#6639=CARTESIAN_POINT('',(-9.25,4.,21.7));
#6640=CARTESIAN_POINT('Origin',(10.95,0.,14.5));
#6641=CARTESIAN_POINT('',(10.25,0.,14.5));
#6642=CARTESIAN_POINT('',(10.25,1.,14.5));
#6643=CARTESIAN_POINT('',(10.25,5.,14.5));
#6644=CARTESIAN_POINT('',(10.95,0.,14.5));
#6645=CARTESIAN_POINT('',(10.6,0.,14.5));
#6646=CARTESIAN_POINT('',(10.95,4.,14.5));
#6647=CARTESIAN_POINT('',(10.95,0.,14.5));
#6648=CARTESIAN_POINT('',(9.25000000000001,4.,14.5));
#6649=CARTESIAN_POINT('',(10.95,4.,14.5));
#6650=CARTESIAN_POINT('',(9.25000000000001,1.,14.5));
#6651=CARTESIAN_POINT('',(9.25000000000001,0.5,14.5));
#6652=CARTESIAN_POINT('',(10.35,1.,14.5));
#6653=CARTESIAN_POINT('Origin',(10.95,0.,19.5));
#6654=CARTESIAN_POINT('',(10.95,0.,19.5));
#6655=CARTESIAN_POINT('',(10.95,0.,9.75));
#6656=CARTESIAN_POINT('',(10.95,4.,19.5));
#6657=CARTESIAN_POINT('',(10.95,0.,19.5));
#6658=CARTESIAN_POINT('',(10.95,4.,19.5));
#6659=CARTESIAN_POINT('Origin',(9.25000000000001,0.,19.5));
#6660=CARTESIAN_POINT('',(10.25,1.,19.5));
#6661=CARTESIAN_POINT('',(10.25,0.,19.5));
#6662=CARTESIAN_POINT('',(10.25,5.,19.5));
#6663=CARTESIAN_POINT('',(9.25000000000001,1.,19.5));
#6664=CARTESIAN_POINT('',(9.5,1.,19.5));
#6665=CARTESIAN_POINT('',(9.25000000000001,4.,19.5));
#6666=CARTESIAN_POINT('',(9.25000000000001,0.5,19.5));
#6667=CARTESIAN_POINT('',(9.25000000000001,4.,19.5));
#6668=CARTESIAN_POINT('',(9.75,0.,19.5));
#6669=CARTESIAN_POINT('Origin',(10.1,4.,17.));
#6670=CARTESIAN_POINT('',(9.25000000000001,4.,11.7));
#6671=CARTESIAN_POINT('Origin',(-10.25,0.,0.));
#6672=CARTESIAN_POINT('',(-10.25,0.,2.));
#6673=CARTESIAN_POINT('',(-10.25,0.,0.));
#6674=CARTESIAN_POINT('',(-10.25,10.,2.));
#6675=CARTESIAN_POINT('',(-10.25,0.,2.));
#6676=CARTESIAN_POINT('',(-10.25,10.,5.9));
#6677=CARTESIAN_POINT('',(-10.25,10.,0.));
#6678=CARTESIAN_POINT('',(-10.25,1.,5.9));
#6679=CARTESIAN_POINT('',(-10.25,0.5,5.9));
#6680=CARTESIAN_POINT('',(-10.25,1.,8.2));
#6681=CARTESIAN_POINT('Origin',(-10.25,0.,0.));
#6682=CARTESIAN_POINT('',(-10.25,1.,26.85));
#6683=CARTESIAN_POINT('',(-10.25,1.,8.2));
#6684=CARTESIAN_POINT('',(-10.25,0.,26.85));
#6685=CARTESIAN_POINT('',(-10.25,0.,26.85));
#6686=CARTESIAN_POINT('',(-10.25,0.,0.));
#6687=CARTESIAN_POINT('Origin',(-9.75,1.,16.4));
#6688=CARTESIAN_POINT('',(-9.75,1.,6.4));
#6689=CARTESIAN_POINT('Origin',(-9.75,1.,5.9));
#6690=CARTESIAN_POINT('',(-9.25,1.,6.9));
#6691=CARTESIAN_POINT('Origin',(-9.75,1.,6.9));
#6692=CARTESIAN_POINT('',(-9.25,1.,26.4));
#6693=CARTESIAN_POINT('Origin',(-9.75,1.,16.4));
#6694=CARTESIAN_POINT('',(-9.25,1.,25.9000014188447));
#6695=CARTESIAN_POINT('',(-9.25,1.,26.4));
#6696=CARTESIAN_POINT('',(-9.74880884817015,1.,26.4));
#6697=CARTESIAN_POINT('Origin',(-9.75,1.,25.9000014188447));
#6698=CARTESIAN_POINT('',(-10.2482416330131,1.,26.9238095238095));
#6699=CARTESIAN_POINT('Origin',(-9.74880884817015,1.,26.9));
#6700=CARTESIAN_POINT('Origin',(-8.7,1.,26.85));
#6701=CARTESIAN_POINT('Origin',(-9.25,1.,26.4));
#6702=CARTESIAN_POINT('',(-9.25,10.,6.9));
#6703=CARTESIAN_POINT('',(-9.25,1.,6.9));
#6704=CARTESIAN_POINT('',(-9.25,10.,25.9000014188447));
#6705=CARTESIAN_POINT('',(-9.25,10.,13.2));
#6706=CARTESIAN_POINT('',(-9.25,0.,25.9000014188447));
#6707=CARTESIAN_POINT('Origin',(10.25,10.,0.));
#6708=CARTESIAN_POINT('',(10.25,0.,26.85));
#6709=CARTESIAN_POINT('',(10.25,0.,0.));
#6710=CARTESIAN_POINT('',(10.25,1.,26.85));
#6711=CARTESIAN_POINT('',(10.25,0.,26.85));
#6712=CARTESIAN_POINT('',(10.25,1.,8.2));
#6713=CARTESIAN_POINT('Origin',(10.25,10.,0.));
#6714=CARTESIAN_POINT('',(10.25,1.,5.9));
#6715=CARTESIAN_POINT('',(10.25,1.,8.2));
#6716=CARTESIAN_POINT('',(10.25,10.,5.9));
#6717=CARTESIAN_POINT('',(10.25,5.5,5.9));
#6718=CARTESIAN_POINT('',(10.25,10.,2.));
#6719=CARTESIAN_POINT('',(10.25,10.,0.));
#6720=CARTESIAN_POINT('',(10.25,0.,2.));
#6721=CARTESIAN_POINT('',(10.25,5.,2.));
#6722=CARTESIAN_POINT('',(10.25,0.,0.));
#6723=CARTESIAN_POINT('Origin',(9.75,1.,16.4));
#6724=CARTESIAN_POINT('',(10.2482416330131,1.,26.9238095238095));
#6725=CARTESIAN_POINT('Origin',(8.7,1.,26.85));
#6726=CARTESIAN_POINT('',(9.74880884817015,1.,26.4));
#6727=CARTESIAN_POINT('Origin',(9.74880884817015,1.,26.9));
#6728=CARTESIAN_POINT('',(9.25000000000001,1.,25.9000014188447));
#6729=CARTESIAN_POINT('Origin',(9.75000000000001,1.,25.9000014188447));
#6730=CARTESIAN_POINT('',(9.25000000000001,1.,26.4));
#6731=CARTESIAN_POINT('Origin',(9.75,1.,16.4));
#6732=CARTESIAN_POINT('',(9.25000000000001,1.,6.9));
#6733=CARTESIAN_POINT('',(9.25000000000001,1.,26.4));
#6734=CARTESIAN_POINT('',(9.75,1.,6.4));
#6735=CARTESIAN_POINT('Origin',(9.75000000000001,1.,6.9));
#6736=CARTESIAN_POINT('Origin',(9.75,1.,5.9));
#6737=CARTESIAN_POINT('Origin',(9.25000000000001,1.,6.4));
#6738=CARTESIAN_POINT('',(9.25000000000001,10.,25.9000014188447));
#6739=CARTESIAN_POINT('',(9.25000000000001,0.,25.9000014188447));
#6740=CARTESIAN_POINT('',(9.25000000000001,10.,6.9));
#6741=CARTESIAN_POINT('',(9.25000000000001,10.,3.2));
#6742=CARTESIAN_POINT('',(9.25000000000001,1.,6.9));
#6743=CARTESIAN_POINT('Origin',(11.65,11.4,0.));
#6744=CARTESIAN_POINT('',(11.7903124237433,11.2596875762567,8.34031242374328));
#6745=CARTESIAN_POINT('',(11.85,11.2,8.));
#6746=CARTESIAN_POINT('Origin',(10.85,12.2,8.));
#6747=CARTESIAN_POINT('',(11.85,11.2,0.));
#6748=CARTESIAN_POINT('',(11.85,11.2,0.));
#6749=CARTESIAN_POINT('',(11.45,11.6,0.));
#6750=CARTESIAN_POINT('',(10.1375,12.9125,0.));
#6751=CARTESIAN_POINT('',(11.45,11.6,8.));
#6752=CARTESIAN_POINT('',(11.45,11.6,0.));
#6753=CARTESIAN_POINT('',(8.52500000000059,14.5249999999994,5.07500000000059));
#6754=CARTESIAN_POINT('Origin',(0.500000000003538,11.1,8.5));
#6755=CARTESIAN_POINT('',(-11.45,11.6,8.));
#6756=CARTESIAN_POINT('',(0.500000000003538,11.6,8.));
#6757=CARTESIAN_POINT('',(-11.7903124237433,11.2596875762567,8.34031242374328));
#6758=CARTESIAN_POINT('',(-8.35833333333274,14.6916666666673,4.90833333333275));
#6759=CARTESIAN_POINT('',(-10.8499999999929,10.6,9.));
#6760=CARTESIAN_POINT('Origin',(-10.85,11.6,8.));
#6761=CARTESIAN_POINT('',(10.8500000000071,10.6,9.));
#6762=CARTESIAN_POINT('',(-10.8499999999929,10.6,9.));
#6763=CARTESIAN_POINT('Origin',(10.85,11.6,8.));
#6764=CARTESIAN_POINT('Origin',(11.85,11.6,0.));
#6765=CARTESIAN_POINT('',(-11.45,11.6,0.));
#6766=CARTESIAN_POINT('',(-11.85,11.6,0.));
#6767=CARTESIAN_POINT('',(-11.45,11.6,0.));
#6768=CARTESIAN_POINT('Origin',(2.22044604925031E-15,5.8,0.));
#6769=CARTESIAN_POINT('',(11.85,10.,0.));
#6770=CARTESIAN_POINT('',(11.85,0.,0.));
#6771=CARTESIAN_POINT('',(-11.85,10.,0.));
#6772=CARTESIAN_POINT('',(-5.525,10.,0.));
#6773=CARTESIAN_POINT('',(-11.85,11.2,0.));
#6774=CARTESIAN_POINT('',(-11.85,10.,0.));
#6775=CARTESIAN_POINT('',(-10.1375,12.9125,0.));
#6776=CARTESIAN_POINT('Origin',(-11.65,11.4,0.));
#6777=CARTESIAN_POINT('',(-11.85,11.2,8.));
#6778=CARTESIAN_POINT('',(-11.85,11.2,0.));
#6779=CARTESIAN_POINT('Origin',(-10.85,12.2,8.));
#6780=CARTESIAN_POINT('Origin',(-11.65,11.4,0.));
#6781=CARTESIAN_POINT('',(-11.7903123662738,11.2596876337262,21.3403125825363));
#6782=CARTESIAN_POINT('',(-11.45,11.6,21.0000003278255));
#6783=CARTESIAN_POINT('',(-6.19166655556984,16.8583334444302,15.7416686072111));
#6784=CARTESIAN_POINT('',(-11.45,11.6,13.));
#6785=CARTESIAN_POINT('',(-11.45,11.6,0.));
#6786=CARTESIAN_POINT('',(-11.7903124237433,11.2596875762567,12.6596875762567));
#6787=CARTESIAN_POINT('',(-11.8583333333327,11.1916666666673,12.5916666666673));
#6788=CARTESIAN_POINT('',(-11.85,11.2,13.));
#6789=CARTESIAN_POINT('Origin',(-10.85,12.2,13.));
#6790=CARTESIAN_POINT('',(-11.85,11.2,21.));
#6791=CARTESIAN_POINT('',(-11.85,11.2,0.));
#6792=CARTESIAN_POINT('Origin',(-10.85,12.2,21.));
#6793=CARTESIAN_POINT('Origin',(-11.85,11.6,0.));
#6794=CARTESIAN_POINT('',(-11.85,0.,13.));
#6795=CARTESIAN_POINT('',(-11.85,5.8,13.));
#6796=CARTESIAN_POINT('',(-11.85,0.,21.));
#6797=CARTESIAN_POINT('',(-11.85,0.,0.));
#6798=CARTESIAN_POINT('',(-11.85,5.8,21.));
#6799=CARTESIAN_POINT('Origin',(-10.85,5.8,13.));
#6800=CARTESIAN_POINT('',(-10.8499999999929,10.6,12.));
#6801=CARTESIAN_POINT('Origin',(-10.85,11.6,13.));
#6802=CARTESIAN_POINT('',(-10.8499999999929,0.,12.));
#6803=CARTESIAN_POINT('',(-10.8499999999929,0.,12.));
#6804=CARTESIAN_POINT('Origin',(-10.85,0.,13.));
#6805=CARTESIAN_POINT('Origin',(0.500000000003538,11.1,12.5));
#6806=CARTESIAN_POINT('',(11.45,11.6,13.));
#6807=CARTESIAN_POINT('',(0.500000000003538,11.6,13.));
#6808=CARTESIAN_POINT('',(11.7903124237433,11.2596875762567,12.6596875762567));
#6809=CARTESIAN_POINT('',(12.0250000000006,11.0249999999994,12.4249999999994));
#6810=CARTESIAN_POINT('',(10.8500000000071,10.6,12.));
#6811=CARTESIAN_POINT('Origin',(10.85,11.6,13.));
#6812=CARTESIAN_POINT('',(-10.8499999999929,10.6,12.));
#6813=CARTESIAN_POINT('Origin',(11.65,11.4,0.));
#6814=CARTESIAN_POINT('',(11.7903123662738,11.2596876337262,21.3403125825363));
#6815=CARTESIAN_POINT('',(11.85,11.2,21.));
#6816=CARTESIAN_POINT('Origin',(10.85,12.2,21.));
#6817=CARTESIAN_POINT('',(11.85,11.2,13.));
#6818=CARTESIAN_POINT('',(11.85,11.2,0.));
#6819=CARTESIAN_POINT('Origin',(10.85,12.2,13.));
#6820=CARTESIAN_POINT('',(11.45,11.6,21.0000003278255));
#6821=CARTESIAN_POINT('',(11.45,11.6,0.));
#6822=CARTESIAN_POINT('',(6.35833325866274,16.6916667413373,15.9083352556664));
#6823=CARTESIAN_POINT('Origin',(11.85,0.,0.));
#6824=CARTESIAN_POINT('',(11.85,0.,21.));
#6825=CARTESIAN_POINT('',(11.85,0.,21.));
#6826=CARTESIAN_POINT('',(11.85,0.,13.));
#6827=CARTESIAN_POINT('',(11.85,0.,0.));
#6828=CARTESIAN_POINT('',(11.85,0.,13.));
#6829=CARTESIAN_POINT('Origin',(10.85,0.,21.));
#6830=CARTESIAN_POINT('',(10.8500000000071,10.6,22.));
#6831=CARTESIAN_POINT('Origin',(10.85,11.6000003278256,21.));
#6832=CARTESIAN_POINT('',(10.85,0.,22.));
#6833=CARTESIAN_POINT('',(10.85,0.,22.));
#6834=CARTESIAN_POINT('Origin',(10.85,0.,21.));
#6835=CARTESIAN_POINT('Origin',(0.500000000003538,11.1,21.5000001639128));
#6836=CARTESIAN_POINT('',(-10.8499999999929,10.6,22.));
#6837=CARTESIAN_POINT('Origin',(-10.85,11.6000003278256,21.));
#6838=CARTESIAN_POINT('',(-10.8499999999929,10.6,22.));
#6839=CARTESIAN_POINT('',(0.500000000003538,11.6,21.0000003278255));
#6840=CARTESIAN_POINT('Origin',(-11.65,11.4,0.));
#6841=CARTESIAN_POINT('',(-11.7903124237433,11.2596875762567,25.6596875762567));
#6842=CARTESIAN_POINT('',(-11.85,11.2,26.));
#6843=CARTESIAN_POINT('Origin',(-10.85,12.2,26.));
#6844=CARTESIAN_POINT('',(-11.85,11.2,26.85));
#6845=CARTESIAN_POINT('',(-11.85,11.2,0.));
#6846=CARTESIAN_POINT('',(-11.45,11.6,26.85));
#6847=CARTESIAN_POINT('',(-11.85,11.2,26.85));
#6848=CARTESIAN_POINT('',(-11.45,11.6,26.));
#6849=CARTESIAN_POINT('',(-11.45,11.6,0.));
#6850=CARTESIAN_POINT('',(-14.0249999999994,9.02500000000059,23.4250000000006));
#6851=CARTESIAN_POINT('Origin',(-8.7,11.4,26.85));
#6852=CARTESIAN_POINT('',(-8.7,11.2,30.));
#6853=CARTESIAN_POINT('',(-8.7,11.6,29.6));
#6854=CARTESIAN_POINT('',(-8.7,11.2,30.));
#6855=CARTESIAN_POINT('Origin',(-8.7,11.6,26.85));
#6856=CARTESIAN_POINT('Origin',(-8.7,11.2,26.85));
#6857=CARTESIAN_POINT('Origin',(5.925,11.4,29.8));
#6858=CARTESIAN_POINT('',(8.7,11.2,30.));
#6859=CARTESIAN_POINT('',(8.7,11.6,29.6));
#6860=CARTESIAN_POINT('',(8.7,11.2,30.));
#6861=CARTESIAN_POINT('',(5.925,11.6,29.6));
#6862=CARTESIAN_POINT('',(5.925,11.2,30.));
#6863=CARTESIAN_POINT('Origin',(8.7,11.4,26.85));
#6864=CARTESIAN_POINT('',(11.85,11.2,26.85));
#6865=CARTESIAN_POINT('',(11.45,11.6,26.85));
#6866=CARTESIAN_POINT('',(11.85,11.2,26.85));
#6867=CARTESIAN_POINT('Origin',(8.7,11.6,26.85));
#6868=CARTESIAN_POINT('Origin',(8.7,11.2,26.85));
#6869=CARTESIAN_POINT('Origin',(11.65,11.4,0.));
#6870=CARTESIAN_POINT('',(11.7903124237433,11.2596875762567,25.6596875762567));
#6871=CARTESIAN_POINT('',(11.45,11.6,26.));
#6872=CARTESIAN_POINT('',(14.1916666666673,8.85833333333274,23.2583333333327));
#6873=CARTESIAN_POINT('',(11.45,11.6,0.));
#6874=CARTESIAN_POINT('',(11.85,11.2,26.));
#6875=CARTESIAN_POINT('',(11.85,11.2,0.));
#6876=CARTESIAN_POINT('Origin',(10.85,12.2,26.));
#6877=CARTESIAN_POINT('Origin',(11.85,11.6,0.));
#6878=CARTESIAN_POINT('',(0.500000000003538,11.6,26.));
#6879=CARTESIAN_POINT('Origin',(0.500000000003538,11.1,25.5));
#6880=CARTESIAN_POINT('',(10.8500000000071,10.6,25.));
#6881=CARTESIAN_POINT('Origin',(10.85,11.6,26.));
#6882=CARTESIAN_POINT('',(-10.8499999999929,10.6,25.));
#6883=CARTESIAN_POINT('',(-10.8499999999929,10.6,25.));
#6884=CARTESIAN_POINT('Origin',(-10.85,11.6,26.));
#6885=CARTESIAN_POINT('Origin',(-10.85,5.8,8.));
#6886=CARTESIAN_POINT('',(-11.85,0.,8.));
#6887=CARTESIAN_POINT('',(-11.85,5.8,8.));
#6888=CARTESIAN_POINT('',(-10.8499999999929,0.,9.));
#6889=CARTESIAN_POINT('Origin',(-10.85,0.,8.));
#6890=CARTESIAN_POINT('',(-10.8499999999929,0.,9.));
#6891=CARTESIAN_POINT('Origin',(10.85,0.,26.));
#6892=CARTESIAN_POINT('',(11.85,0.,26.));
#6893=CARTESIAN_POINT('',(11.85,0.,26.));
#6894=CARTESIAN_POINT('',(10.85,0.,25.));
#6895=CARTESIAN_POINT('Origin',(10.85,0.,26.));
#6896=CARTESIAN_POINT('',(10.85,0.,25.));
#6897=CARTESIAN_POINT('Origin',(-10.8499999999929,10.6,12.));
#6898=CARTESIAN_POINT('',(-10.8499999999929,10.6,12.));
#6899=CARTESIAN_POINT('',(10.85,10.6,10.5));
#6900=CARTESIAN_POINT('Origin',(-10.8499999999929,10.6,25.));
#6901=CARTESIAN_POINT('',(-10.8499999999929,10.6,25.));
#6902=CARTESIAN_POINT('',(10.85,10.6,23.5));
#6903=CARTESIAN_POINT('Origin',(-10.8499999999929,0.,12.));
#6904=CARTESIAN_POINT('',(-10.8499999999929,0.,6.));
#6905=CARTESIAN_POINT('Origin',(10.85,0.,22.));
#6906=CARTESIAN_POINT('',(10.85,0.,11.));
#6907=CARTESIAN_POINT('Origin',(-10.85,5.8,26.));
#6908=CARTESIAN_POINT('',(-10.8499999999929,0.,25.));
#6909=CARTESIAN_POINT('',(-10.8499999999929,0.,25.));
#6910=CARTESIAN_POINT('',(-11.85,0.,26.));
#6911=CARTESIAN_POINT('Origin',(-10.85,0.,26.));
#6912=CARTESIAN_POINT('',(-11.85,5.8,26.));
#6913=CARTESIAN_POINT('Origin',(-11.85,11.6,0.));
#6914=CARTESIAN_POINT('',(-11.85,0.,26.8500069369505));
#6915=CARTESIAN_POINT('',(-11.85,0.,0.));
#6916=CARTESIAN_POINT('',(-11.85,0.,26.85));
#6917=CARTESIAN_POINT('Origin',(-11.85,0.,0.));
#6918=CARTESIAN_POINT('',(-8.7,0.,28.4));
#6919=CARTESIAN_POINT('Origin',(-8.7,0.,26.85));
#6920=CARTESIAN_POINT('',(-8.7,0.,30.));
#6921=CARTESIAN_POINT('',(-8.7,0.,30.));
#6922=CARTESIAN_POINT('Origin',(-8.7,0.,26.85));
#6923=CARTESIAN_POINT('',(-10.8499999999929,0.,22.));
#6924=CARTESIAN_POINT('',(-10.8499999999929,0.,12.5));
#6925=CARTESIAN_POINT('Origin',(-10.85,0.,21.));
#6926=CARTESIAN_POINT('',(-11.85,0.,2.));
#6927=CARTESIAN_POINT('',(-11.85,0.,0.));
#6928=CARTESIAN_POINT('',(-11.85,0.,2.));
#6929=CARTESIAN_POINT('Origin',(-10.85,5.8,21.));
#6930=CARTESIAN_POINT('',(-10.8499999999929,0.,22.));
#6931=CARTESIAN_POINT('Origin',(10.85,0.,8.));
#6932=CARTESIAN_POINT('',(10.85,0.,9.));
#6933=CARTESIAN_POINT('',(10.85,0.,9.));
#6934=CARTESIAN_POINT('',(11.85,0.,8.));
#6935=CARTESIAN_POINT('Origin',(10.85,0.,8.));
#6936=CARTESIAN_POINT('',(11.85,0.,8.));
#6937=CARTESIAN_POINT('Origin',(11.85,0.,0.));
#6938=CARTESIAN_POINT('',(11.85,0.,2.));
#6939=CARTESIAN_POINT('',(11.85,0.,0.));
#6940=CARTESIAN_POINT('',(11.85,10.,2.));
#6941=CARTESIAN_POINT('',(11.85,0.,2.));
#6942=CARTESIAN_POINT('',(11.85,10.,0.5));
#6943=CARTESIAN_POINT('Origin',(10.25,0.,0.));
#6944=CARTESIAN_POINT('',(10.25,0.,2.));
#6945=CARTESIAN_POINT('',(10.85,0.,12.));
#6946=CARTESIAN_POINT('',(10.85,0.,4.5));
#6947=CARTESIAN_POINT('Origin',(10.85,0.,13.));
#6948=CARTESIAN_POINT('',(11.85,0.,26.85));
#6949=CARTESIAN_POINT('',(11.85,0.,0.));
#6950=CARTESIAN_POINT('',(8.7,0.,30.));
#6951=CARTESIAN_POINT('Origin',(8.7,0.,26.85));
#6952=CARTESIAN_POINT('',(8.7,0.,28.4));
#6953=CARTESIAN_POINT('',(8.7,0.,25.));
#6954=CARTESIAN_POINT('Origin',(8.7,0.,26.85));
#6955=CARTESIAN_POINT('Origin',(10.85,0.,13.));
#6956=CARTESIAN_POINT('',(10.85,0.,12.));
#6957=CARTESIAN_POINT('Origin',(11.85,0.,0.));
#6958=CARTESIAN_POINT('',(11.85,0.,26.85));
#6959=CARTESIAN_POINT('Origin',(-10.8499999999929,0.,25.));
#6960=CARTESIAN_POINT('Origin',(10.85,0.,9.));
#6961=CARTESIAN_POINT('Origin',(-11.85,11.6,0.));
#6962=CARTESIAN_POINT('',(-11.85,10.,2.));
#6963=CARTESIAN_POINT('',(-11.85,10.,0.5));
#6964=CARTESIAN_POINT('',(-11.85,5.8,2.));
#6965=CARTESIAN_POINT('Origin',(9.75000000000001,0.,25.9000014188447));
#6966=CARTESIAN_POINT('',(9.74880884817015,10.,26.4));
#6967=CARTESIAN_POINT('Origin',(9.75000000000001,10.,25.9000014188447));
#6968=CARTESIAN_POINT('',(9.74880884817015,0.,26.4));
#6969=CARTESIAN_POINT('Origin',(9.74880884817015,0.,26.9));
#6970=CARTESIAN_POINT('',(10.2482416330131,10.,26.9238095238095));
#6971=CARTESIAN_POINT('',(10.2482416330131,0.,26.9238095238095));
#6972=CARTESIAN_POINT('Origin',(9.74880884817015,10.,26.9));
#6973=CARTESIAN_POINT('Origin',(9.75000000000001,1.,6.9));
#6974=CARTESIAN_POINT('',(9.75,10.,6.4));
#6975=CARTESIAN_POINT('Origin',(9.75000000000001,10.,6.9));
#6976=CARTESIAN_POINT('',(9.75,5.5,6.4));
#6977=CARTESIAN_POINT('Origin',(9.75,5.5,5.9));
#6978=CARTESIAN_POINT('Origin',(9.75,10.,5.9));
#6979=CARTESIAN_POINT('Origin',(-9.75,1.,6.9));
#6980=CARTESIAN_POINT('',(-9.75,10.,6.4));
#6981=CARTESIAN_POINT('',(-9.75,0.5,6.4));
#6982=CARTESIAN_POINT('Origin',(-9.75,10.,6.9));
#6983=CARTESIAN_POINT('Origin',(-9.75,0.5,5.9));
#6984=CARTESIAN_POINT('Origin',(-9.75,10.,5.9));
#6985=CARTESIAN_POINT('Origin',(-9.75,0.,25.9000014188447));
#6986=CARTESIAN_POINT('',(-9.74880884817015,10.,26.4));
#6987=CARTESIAN_POINT('Origin',(-9.75,10.,25.9000014188447));
#6988=CARTESIAN_POINT('',(-9.74880884817015,0.,26.4));
#6989=CARTESIAN_POINT('Origin',(-9.74880884817015,0.,26.9));
#6990=CARTESIAN_POINT('',(-10.2482416330131,10.,26.9238095238095));
#6991=CARTESIAN_POINT('Origin',(-9.74880884817015,10.,26.9));
#6992=CARTESIAN_POINT('',(-10.2482416330131,0.,26.9238095238095));
#6993=CARTESIAN_POINT('Origin',(-10.25,10.,0.));
#6994=CARTESIAN_POINT('',(8.7,10.,28.4));
#6995=CARTESIAN_POINT('Origin',(8.7,10.,26.85));
#6996=CARTESIAN_POINT('',(8.7,10.,25.));
#6997=CARTESIAN_POINT('',(8.7,10.,15.));
#6998=CARTESIAN_POINT('',(-8.7,10.,25.));
#6999=CARTESIAN_POINT('',(-5.125,10.,25.));
#7000=CARTESIAN_POINT('',(-8.7,10.,28.4));
#7001=CARTESIAN_POINT('',(-8.7,10.,15.));
#7002=CARTESIAN_POINT('Origin',(-8.7,10.,26.85));
#7003=CARTESIAN_POINT('',(-10.25,10.,2.));
#7004=CARTESIAN_POINT('',(10.25,10.,2.));
#7005=CARTESIAN_POINT('',(-4.25,10.,2.75));
#7006=CARTESIAN_POINT('Origin',(-2.5,10.,2.75));
#7007=CARTESIAN_POINT('',(0.75,10.,2.75));
#7008=CARTESIAN_POINT('Origin',(2.5,10.,2.75));
#7009=CARTESIAN_POINT('',(-9.25,10.,2.75));
#7010=CARTESIAN_POINT('Origin',(-7.5,10.,2.75));
#7011=CARTESIAN_POINT('',(5.75,10.,2.75));
#7012=CARTESIAN_POINT('Origin',(7.5,10.,2.75));
#7013=CARTESIAN_POINT('Origin',(-11.85,0.,2.));
#7014=CARTESIAN_POINT('Origin',(10.25,0.,2.));
#7015=CARTESIAN_POINT('Origin',(0.,9.2,30.));
#7016=CARTESIAN_POINT('',(-8.7,8.4,30.));
#7017=CARTESIAN_POINT('',(-8.7,0.,30.));
#7018=CARTESIAN_POINT('',(-7.5,8.4,30.));
#7019=CARTESIAN_POINT('',(-8.7,8.4,30.));
#7020=CARTESIAN_POINT('',(-4.5,8.4,30.));
#7021=CARTESIAN_POINT('Origin',(-6.,8.4,30.));
#7022=CARTESIAN_POINT('',(-1.50000002235174,8.4,30.));
#7023=CARTESIAN_POINT('',(-4.5,8.4,30.));
#7024=CARTESIAN_POINT('',(1.5,8.4,30.));
#7025=CARTESIAN_POINT('Origin',(0.,8.4,30.));
#7026=CARTESIAN_POINT('',(4.50000006705523,8.4,30.));
#7027=CARTESIAN_POINT('',(1.5,8.4,30.));
#7028=CARTESIAN_POINT('',(7.5,8.4,30.));
#7029=CARTESIAN_POINT('Origin',(6.,8.4,30.));
#7030=CARTESIAN_POINT('',(8.7,8.4,30.));
#7031=CARTESIAN_POINT('',(7.5,8.4,30.));
#7032=CARTESIAN_POINT('',(8.7,8.4,30.));
#7033=CARTESIAN_POINT('Origin',(11.85,11.6,0.));
#7034=CARTESIAN_POINT('Origin',(8.7,0.,28.4));
#7035=CARTESIAN_POINT('',(8.7,8.4,28.4));
#7036=CARTESIAN_POINT('',(8.7,8.4,30.));
#7037=CARTESIAN_POINT('',(8.7,0.,28.4));
#7038=CARTESIAN_POINT('',(8.7,0.,30.));
#7039=CARTESIAN_POINT('Origin',(8.7,0.,26.85));
#7040=CARTESIAN_POINT('',(8.7,0.,28.4));
#7041=CARTESIAN_POINT('Origin',(8.7,0.,26.85));
#7042=CARTESIAN_POINT('Origin',(8.7,10.,30.));
#7043=CARTESIAN_POINT('',(8.7,8.4,25.));
#7044=CARTESIAN_POINT('',(8.7,8.4,30.));
#7045=CARTESIAN_POINT('',(8.7,8.4,25.));
#7046=CARTESIAN_POINT('Origin',(-8.7,0.,26.85));
#7047=CARTESIAN_POINT('',(-8.7,8.4,28.4));
#7048=CARTESIAN_POINT('',(-8.69999999999999,0.,28.4));
#7049=CARTESIAN_POINT('',(-8.7,0.,28.4));
#7050=CARTESIAN_POINT('Origin',(-8.7,0.,30.));
#7051=CARTESIAN_POINT('',(-8.7,8.4,30.));
#7052=CARTESIAN_POINT('',(-8.7,0.,30.));
#7053=CARTESIAN_POINT('Origin',(-8.7,0.,26.85));
#7054=CARTESIAN_POINT('Ctrl Pts',(-7.29615099714943,8.49996295608138,27.8));
#7055=CARTESIAN_POINT('Ctrl Pts',(-7.36300211890525,8.49996676104298,27.7333465165542));
#7056=CARTESIAN_POINT('Ctrl Pts',(-7.42983829967744,8.4999697117005,27.6666780921247));
#7057=CARTESIAN_POINT('Ctrl Pts',(-7.49666481275434,8.4999721874474,27.6));
#7058=CARTESIAN_POINT('Ctrl Pts',(-7.32036272366408,8.46664197072092,27.8242117265146));
#7059=CARTESIAN_POINT('Ctrl Pts',(-7.38718090570156,8.46664450736199,27.7575253033505));
#7060=CARTESIAN_POINT('Ctrl Pts',(-7.45398912708329,8.466646474467,27.6908289195306));
#7061=CARTESIAN_POINT('Ctrl Pts',(-7.52079090333484,8.46664812496493,27.6241260905805));
#7062=CARTESIAN_POINT('Ctrl Pts',(-7.34457445017873,8.43332098536046,27.8484234530293));
#7063=CARTESIAN_POINT('Ctrl Pts',(-7.41135969249788,8.43332225368099,27.7817040901468));
#7064=CARTESIAN_POINT('Ctrl Pts',(-7.47813995448915,8.4333232372335,27.7149797469364));
#7065=CARTESIAN_POINT('Ctrl Pts',(-7.54491699391533,8.43332406248247,27.648252181161));
#7066=CARTESIAN_POINT('Ctrl Pts',(-7.36878617669337,8.4,27.8726351795439));
#7067=CARTESIAN_POINT('Ctrl Pts',(-7.43553847929419,8.4,27.8058828769431));
#7068=CARTESIAN_POINT('Ctrl Pts',(-7.50229078189501,8.4,27.7391305743423));
#7069=CARTESIAN_POINT('Ctrl Pts',(-7.56904308449583,8.4,27.6723782717415));
#7070=CARTESIAN_POINT('',(-7.44142135623731,8.4,27.8));
#7071=CARTESIAN_POINT('',(-7.5,8.4,27.7414213562373));
#7072=CARTESIAN_POINT('Ctrl Pts',(-7.44142135623731,8.4,27.8));
#7073=CARTESIAN_POINT('Ctrl Pts',(-7.46094757082487,8.4,27.7804737854124));
#7074=CARTESIAN_POINT('Ctrl Pts',(-7.48047378541244,8.4,27.7609475708249));
#7075=CARTESIAN_POINT('Ctrl Pts',(-7.5,8.4,27.7414213562373));
#7076=CARTESIAN_POINT('',(-7.49666481275434,8.4999721874474,27.6));
#7077=CARTESIAN_POINT('Ctrl Pts',(-7.49666481275434,8.4999721874474,27.6));
#7078=CARTESIAN_POINT('Ctrl Pts',(-7.49778601260408,8.483186915403,27.6231582485324));
#7079=CARTESIAN_POINT('Ctrl Pts',(-7.4986150481126,8.46652946446371,27.6464352009734));
#7080=CARTESIAN_POINT('Ctrl Pts',(-7.49916612788553,8.45000942046294,27.6698039722575));
#7081=CARTESIAN_POINT('Ctrl Pts',(-7.49972667416054,8.43320559353565,27.6935741745732));
#7082=CARTESIAN_POINT('Ctrl Pts',(-7.50000000621614,8.41653279289638,27.7174551352195));
#7083=CARTESIAN_POINT('Ctrl Pts',(-7.5,8.4,27.7414213562373));
#7084=CARTESIAN_POINT('',(-7.29615099714944,8.49996295608138,27.8));
#7085=CARTESIAN_POINT('Ctrl Pts',(-7.49666481275434,8.4999721874474,27.6));
#7086=CARTESIAN_POINT('Ctrl Pts',(-7.42983829967744,8.4999697117005,27.6666780921247));
#7087=CARTESIAN_POINT('Ctrl Pts',(-7.36300211890525,8.49996676104298,27.7333465165542));
#7088=CARTESIAN_POINT('Ctrl Pts',(-7.29615099714943,8.49996295608138,27.8));
#7089=CARTESIAN_POINT('Ctrl Pts',(-7.29615099714943,8.49996295608138,27.8));
#7090=CARTESIAN_POINT('Ctrl Pts',(-7.32036774478481,8.48332436754637,27.8));
#7091=CARTESIAN_POINT('Ctrl Pts',(-7.34459228589169,8.46666704300911,27.8));
#7092=CARTESIAN_POINT('Ctrl Pts',(-7.39300626454696,8.433351908295,27.8));
#7093=CARTESIAN_POINT('Ctrl Pts',(-7.41722318265949,8.41667518286194,27.8));
#7094=CARTESIAN_POINT('Ctrl Pts',(-7.44142135623731,8.4,27.8));
#7095=CARTESIAN_POINT('Ctrl Pts',(-7.49666481275434,8.4999721874474,28.));
#7096=CARTESIAN_POINT('Ctrl Pts',(-7.42983829967744,8.4999697117005,27.9333219078753));
#7097=CARTESIAN_POINT('Ctrl Pts',(-7.36300211890525,8.49996676104298,27.8666534834458));
#7098=CARTESIAN_POINT('Ctrl Pts',(-7.29615099714943,8.49996295608138,27.8));
#7099=CARTESIAN_POINT('Ctrl Pts',(-7.52079090333484,8.46664812496493,27.9758739094195));
#7100=CARTESIAN_POINT('Ctrl Pts',(-7.45398912708329,8.466646474467,27.9091710804694));
#7101=CARTESIAN_POINT('Ctrl Pts',(-7.38718090570156,8.46664450736199,27.8424746966495));
#7102=CARTESIAN_POINT('Ctrl Pts',(-7.32036272366408,8.46664197072092,27.7757882734854));
#7103=CARTESIAN_POINT('Ctrl Pts',(-7.54491699391533,8.43332406248247,27.951747818839));
#7104=CARTESIAN_POINT('Ctrl Pts',(-7.47813995448915,8.4333232372335,27.8850202530636));
#7105=CARTESIAN_POINT('Ctrl Pts',(-7.41135969249787,8.43332225368099,27.8182959098532));
#7106=CARTESIAN_POINT('Ctrl Pts',(-7.34457445017872,8.43332098536046,27.7515765469707));
#7107=CARTESIAN_POINT('Ctrl Pts',(-7.56904308449583,8.4,27.9276217282585));
#7108=CARTESIAN_POINT('Ctrl Pts',(-7.50229078189501,8.4,27.8608694256577));
#7109=CARTESIAN_POINT('Ctrl Pts',(-7.43553847929419,8.4,27.7941171230569));
#7110=CARTESIAN_POINT('Ctrl Pts',(-7.36878617669337,8.4,27.7273648204561));
#7111=CARTESIAN_POINT('',(-7.49666481275434,8.4999721874474,28.));
#7112=CARTESIAN_POINT('Ctrl Pts',(-7.29615099714943,8.49996295608138,27.8));
#7113=CARTESIAN_POINT('Ctrl Pts',(-7.36300211890525,8.49996676104298,27.8666534834458));
#7114=CARTESIAN_POINT('Ctrl Pts',(-7.42983829967744,8.4999697117005,27.9333219078753));
#7115=CARTESIAN_POINT('Ctrl Pts',(-7.49666481275434,8.4999721874474,28.));
#7116=CARTESIAN_POINT('',(-7.5,8.4,27.8585786437627));
#7117=CARTESIAN_POINT('Ctrl Pts',(-7.5,8.4,27.8585786437627));
#7118=CARTESIAN_POINT('Ctrl Pts',(-7.50000000620895,8.41651367047253,27.8825171445859));
#7119=CARTESIAN_POINT('Ctrl Pts',(-7.49972730609045,8.43316701865223,27.906370572944));
#7120=CARTESIAN_POINT('Ctrl Pts',(-7.49916807239435,8.44995109472248,27.930113520666));
#7121=CARTESIAN_POINT('Ctrl Pts',(-7.49861699882402,8.46649026392738,27.9535100203097));
#7122=CARTESIAN_POINT('Ctrl Pts',(-7.49778733167636,8.48316716782001,27.9768145061877));
#7123=CARTESIAN_POINT('Ctrl Pts',(-7.49666481275434,8.4999721874474,28.));
#7124=CARTESIAN_POINT('Ctrl Pts',(-7.5,8.4,27.8585786437627));
#7125=CARTESIAN_POINT('Ctrl Pts',(-7.48047378541244,8.4,27.8390524291751));
#7126=CARTESIAN_POINT('Ctrl Pts',(-7.46094757082487,8.4,27.8195262145876));
#7127=CARTESIAN_POINT('Ctrl Pts',(-7.4414213562373,8.4,27.8));
#7128=CARTESIAN_POINT('Origin',(-7.5,8.4,30.));
#7129=CARTESIAN_POINT('',(-7.5,8.4,25.));
#7130=CARTESIAN_POINT('',(-7.5,8.4,30.));
#7131=CARTESIAN_POINT('',(-7.5,8.4,30.));
#7132=CARTESIAN_POINT('',(-8.7,8.4,25.));
#7133=CARTESIAN_POINT('',(-8.7,8.4,30.));
#7134=CARTESIAN_POINT('',(-8.7,8.4,25.));
#7135=CARTESIAN_POINT('Ctrl Pts',(-4.50333518724566,8.4999721874474,27.6));
#7136=CARTESIAN_POINT('Ctrl Pts',(-4.57016170032256,8.4999697117005,27.6666780921247));
#7137=CARTESIAN_POINT('Ctrl Pts',(-4.63699788109475,8.49996676104298,27.7333465165542));
#7138=CARTESIAN_POINT('Ctrl Pts',(-4.70384900285057,8.49996295608138,27.8));
#7139=CARTESIAN_POINT('Ctrl Pts',(-4.47920909666517,8.46664812496493,27.6241260905805));
#7140=CARTESIAN_POINT('Ctrl Pts',(-4.54601087291671,8.466646474467,27.6908289195306));
#7141=CARTESIAN_POINT('Ctrl Pts',(-4.61281909429844,8.46664450736199,27.7575253033505));
#7142=CARTESIAN_POINT('Ctrl Pts',(-4.67963727633592,8.46664197072092,27.8242117265146));
#7143=CARTESIAN_POINT('Ctrl Pts',(-4.45508300608467,8.43332406248247,27.648252181161));
#7144=CARTESIAN_POINT('Ctrl Pts',(-4.52186004551085,8.4333232372335,27.7149797469364));
#7145=CARTESIAN_POINT('Ctrl Pts',(-4.58864030750213,8.43332225368099,27.7817040901468));
#7146=CARTESIAN_POINT('Ctrl Pts',(-4.65542554982128,8.43332098536046,27.8484234530293));
#7147=CARTESIAN_POINT('Ctrl Pts',(-4.43095691550418,8.4,27.6723782717415));
#7148=CARTESIAN_POINT('Ctrl Pts',(-4.49770921810499,8.4,27.7391305743423));
#7149=CARTESIAN_POINT('Ctrl Pts',(-4.56446152070581,8.4,27.8058828769431));
#7150=CARTESIAN_POINT('Ctrl Pts',(-4.63121382330663,8.4,27.8726351795439));
#7151=CARTESIAN_POINT('',(-4.70384900285057,8.49996295608138,27.8));
#7152=CARTESIAN_POINT('',(-4.50333518724566,8.4999721874474,27.6));
#7153=CARTESIAN_POINT('Ctrl Pts',(-4.70384900285057,8.49996295608138,27.8));
#7154=CARTESIAN_POINT('Ctrl Pts',(-4.63699788109475,8.49996676104298,27.7333465165542));
#7155=CARTESIAN_POINT('Ctrl Pts',(-4.57016170032256,8.4999697117005,27.6666780921247));
#7156=CARTESIAN_POINT('Ctrl Pts',(-4.50333518724566,8.4999721874474,27.6));
#7157=CARTESIAN_POINT('',(-4.5,8.4,27.7414213562373));
#7158=CARTESIAN_POINT('Ctrl Pts',(-4.5,8.4,27.7414213562373));
#7159=CARTESIAN_POINT('Ctrl Pts',(-4.49999999378882,8.41651960891171,27.7174742469505));
#7160=CARTESIAN_POINT('Ctrl Pts',(-4.50027289007611,8.43317899797927,27.6936122684632));
#7161=CARTESIAN_POINT('Ctrl Pts',(-4.50083253122259,8.44996920756905,27.6698608568068));
#7162=CARTESIAN_POINT('Ctrl Pts',(-4.5013836068797,8.46650243755206,27.6464729682141));
#7163=CARTESIAN_POINT('Ctrl Pts',(-4.50221307795928,8.48317330039812,27.6231770328372));
#7164=CARTESIAN_POINT('Ctrl Pts',(-4.50333518724566,8.4999721874474,27.6));
#7165=CARTESIAN_POINT('',(-4.55857864376269,8.4,27.8));
#7166=CARTESIAN_POINT('Ctrl Pts',(-4.5,8.4,27.7414213562373));
#7167=CARTESIAN_POINT('Ctrl Pts',(-4.51952621458757,8.4,27.7609475708249));
#7168=CARTESIAN_POINT('Ctrl Pts',(-4.53905242917514,8.4,27.7804737854124));
#7169=CARTESIAN_POINT('Ctrl Pts',(-4.5585786437627,8.4,27.8));
#7170=CARTESIAN_POINT('Ctrl Pts',(-4.55857864376269,8.4,27.8));
#7171=CARTESIAN_POINT('Ctrl Pts',(-4.58275487670534,8.41666006336945,27.8));
#7172=CARTESIAN_POINT('Ctrl Pts',(-4.60694980753013,8.43332165777855,27.8));
#7173=CARTESIAN_POINT('Ctrl Pts',(-4.65536376416185,8.46663682205972,27.8));
#7174=CARTESIAN_POINT('Ctrl Pts',(-4.67961029352014,8.48330927833566,27.8));
#7175=CARTESIAN_POINT('Ctrl Pts',(-4.70384900285057,8.49996295608138,27.8));
#7176=CARTESIAN_POINT('Ctrl Pts',(-4.70384900285057,8.49996295608138,27.8));
#7177=CARTESIAN_POINT('Ctrl Pts',(-4.63699788109475,8.49996676104298,27.8666534834458));
#7178=CARTESIAN_POINT('Ctrl Pts',(-4.57016170032256,8.4999697117005,27.9333219078753));
#7179=CARTESIAN_POINT('Ctrl Pts',(-4.50333518724566,8.4999721874474,28.));
#7180=CARTESIAN_POINT('Ctrl Pts',(-4.67963727633592,8.46664197072092,27.7757882734854));
#7181=CARTESIAN_POINT('Ctrl Pts',(-4.61281909429844,8.46664450736199,27.8424746966495));
#7182=CARTESIAN_POINT('Ctrl Pts',(-4.54601087291671,8.466646474467,27.9091710804694));
#7183=CARTESIAN_POINT('Ctrl Pts',(-4.47920909666516,8.46664812496493,27.9758739094195));
#7184=CARTESIAN_POINT('Ctrl Pts',(-4.65542554982128,8.43332098536046,27.7515765469707));
#7185=CARTESIAN_POINT('Ctrl Pts',(-4.58864030750212,8.43332225368099,27.8182959098532));
#7186=CARTESIAN_POINT('Ctrl Pts',(-4.52186004551085,8.4333232372335,27.8850202530636));
#7187=CARTESIAN_POINT('Ctrl Pts',(-4.45508300608467,8.43332406248247,27.951747818839));
#7188=CARTESIAN_POINT('Ctrl Pts',(-4.63121382330663,8.4,27.7273648204561));
#7189=CARTESIAN_POINT('Ctrl Pts',(-4.56446152070581,8.4,27.7941171230569));
#7190=CARTESIAN_POINT('Ctrl Pts',(-4.49770921810499,8.4,27.8608694256577));
#7191=CARTESIAN_POINT('Ctrl Pts',(-4.43095691550417,8.4,27.9276217282585));
#7192=CARTESIAN_POINT('',(-4.5,8.4,27.8585786437627));
#7193=CARTESIAN_POINT('Ctrl Pts',(-4.55857864376269,8.4,27.8));
#7194=CARTESIAN_POINT('Ctrl Pts',(-4.53905242917513,8.4,27.8195262145876));
#7195=CARTESIAN_POINT('Ctrl Pts',(-4.51952621458756,8.4,27.8390524291751));
#7196=CARTESIAN_POINT('Ctrl Pts',(-4.5,8.4,27.8585786437627));
#7197=CARTESIAN_POINT('',(-4.50333518724566,8.4999721874474,28.));
#7198=CARTESIAN_POINT('Ctrl Pts',(-4.50333518724566,8.4999721874474,28.));
#7199=CARTESIAN_POINT('Ctrl Pts',(-4.50221382184492,8.48318443697018,27.9768383320316));
#7200=CARTESIAN_POINT('Ctrl Pts',(-4.50138470701787,8.4665245445579,27.9535579240095));
#7201=CARTESIAN_POINT('Ctrl Pts',(-4.50083362794108,8.45000210019677,27.9301856726892));
#7202=CARTESIAN_POINT('Ctrl Pts',(-4.50027324648862,8.43320075215186,27.9064188909442));
#7203=CARTESIAN_POINT('Ctrl Pts',(-4.49999999378476,8.41653039292638,27.8825413857427));
#7204=CARTESIAN_POINT('Ctrl Pts',(-4.5,8.4,27.8585786437627));
#7205=CARTESIAN_POINT('Ctrl Pts',(-4.50333518724566,8.4999721874474,28.));
#7206=CARTESIAN_POINT('Ctrl Pts',(-4.57016170032256,8.4999697117005,27.9333219078753));
#7207=CARTESIAN_POINT('Ctrl Pts',(-4.63699788109475,8.49996676104298,27.8666534834458));
#7208=CARTESIAN_POINT('Ctrl Pts',(-4.70384900285057,8.49996295608138,27.8));
#7209=CARTESIAN_POINT('Origin',(-6.,8.4,27.7));
#7210=CARTESIAN_POINT('Origin',(-6.,8.4,27.6));
#7211=CARTESIAN_POINT('Origin',(-6.,8.4,27.8));
#7212=CARTESIAN_POINT('Origin',(-6.,8.4,27.9));
#7213=CARTESIAN_POINT('Origin',(-6.,8.4,28.));
#7214=CARTESIAN_POINT('Ctrl Pts',(-1.29615099714943,8.49996295608138,27.8));
#7215=CARTESIAN_POINT('Ctrl Pts',(-1.36300211890525,8.49996676104298,27.7333465165542));
#7216=CARTESIAN_POINT('Ctrl Pts',(-1.42983829967744,8.4999697117005,27.6666780921247));
#7217=CARTESIAN_POINT('Ctrl Pts',(-1.49666481275435,8.4999721874474,27.6));
#7218=CARTESIAN_POINT('Ctrl Pts',(-1.32036272366408,8.46664197072092,27.8242117265146));
#7219=CARTESIAN_POINT('Ctrl Pts',(-1.38718090570156,8.46664450736199,27.7575253033505));
#7220=CARTESIAN_POINT('Ctrl Pts',(-1.4539891270833,8.466646474467,27.6908289195306));
#7221=CARTESIAN_POINT('Ctrl Pts',(-1.52079090333484,8.46664812496493,27.6241260905805));
#7222=CARTESIAN_POINT('Ctrl Pts',(-1.34457445017872,8.43332098536046,27.8484234530293));
#7223=CARTESIAN_POINT('Ctrl Pts',(-1.41135969249788,8.43332225368099,27.7817040901468));
#7224=CARTESIAN_POINT('Ctrl Pts',(-1.47813995448915,8.4333232372335,27.7149797469364));
#7225=CARTESIAN_POINT('Ctrl Pts',(-1.54491699391534,8.43332406248247,27.648252181161));
#7226=CARTESIAN_POINT('Ctrl Pts',(-1.36878617669337,8.4,27.8726351795439));
#7227=CARTESIAN_POINT('Ctrl Pts',(-1.43553847929419,8.4,27.8058828769431));
#7228=CARTESIAN_POINT('Ctrl Pts',(-1.50229078189501,8.4,27.7391305743423));
#7229=CARTESIAN_POINT('Ctrl Pts',(-1.56904308449583,8.4,27.6723782717415));
#7230=CARTESIAN_POINT('',(-1.44142135623731,8.4,27.8));
#7231=CARTESIAN_POINT('',(-1.5,8.4,27.7414213562373));
#7232=CARTESIAN_POINT('Ctrl Pts',(-1.44142135623731,8.4,27.8));
#7233=CARTESIAN_POINT('Ctrl Pts',(-1.46094757082487,8.4,27.7804737854124));
#7234=CARTESIAN_POINT('Ctrl Pts',(-1.48047378541244,8.4,27.7609475708249));
#7235=CARTESIAN_POINT('Ctrl Pts',(-1.5,8.4,27.7414213562373));
#7236=CARTESIAN_POINT('',(-1.49666481275434,8.4999721874474,27.6));
#7237=CARTESIAN_POINT('Ctrl Pts',(-1.49666481275434,8.4999721874474,27.6));
#7238=CARTESIAN_POINT('Ctrl Pts',(-1.49778623811176,8.48318353937002,27.6231629063664));
#7239=CARTESIAN_POINT('Ctrl Pts',(-1.49861538166204,8.46652276274438,27.6464445658784));
#7240=CARTESIAN_POINT('Ctrl Pts',(-1.49916646048087,8.44999944906088,27.6698180775461));
#7241=CARTESIAN_POINT('Ctrl Pts',(-1.49972678224659,8.43319899877617,27.6935836204798));
#7242=CARTESIAN_POINT('Ctrl Pts',(-1.50000000621491,8.41652952374239,27.7174598742414));
#7243=CARTESIAN_POINT('Ctrl Pts',(-1.5,8.4,27.7414213562373));
#7244=CARTESIAN_POINT('',(-1.29615099714943,8.49996295608138,27.8));
#7245=CARTESIAN_POINT('Ctrl Pts',(-1.49666481275435,8.4999721874474,27.6));
#7246=CARTESIAN_POINT('Ctrl Pts',(-1.42983829967744,8.4999697117005,27.6666780921247));
#7247=CARTESIAN_POINT('Ctrl Pts',(-1.36300211890525,8.49996676104298,27.7333465165542));
#7248=CARTESIAN_POINT('Ctrl Pts',(-1.29615099714943,8.49996295608138,27.8));
#7249=CARTESIAN_POINT('Ctrl Pts',(-1.29615099714943,8.49996295608138,27.8));
#7250=CARTESIAN_POINT('Ctrl Pts',(-1.32037352062085,8.48332039914562,27.8));
#7251=CARTESIAN_POINT('Ctrl Pts',(-1.34460384454231,8.46665909502897,27.8));
#7252=CARTESIAN_POINT('Ctrl Pts',(-1.39301781741524,8.43334395253181,27.8));
#7253=CARTESIAN_POINT('Ctrl Pts',(-1.41722895296198,8.41667120649368,27.8));
#7254=CARTESIAN_POINT('Ctrl Pts',(-1.4414213562373,8.4,27.8));
#7255=CARTESIAN_POINT('Ctrl Pts',(-1.49666481275434,8.4999721874474,28.));
#7256=CARTESIAN_POINT('Ctrl Pts',(-1.42983829967744,8.4999697117005,27.9333219078753));
#7257=CARTESIAN_POINT('Ctrl Pts',(-1.36300211890525,8.49996676104298,27.8666534834458));
#7258=CARTESIAN_POINT('Ctrl Pts',(-1.29615099714943,8.49996295608138,27.8));
#7259=CARTESIAN_POINT('Ctrl Pts',(-1.52079090333484,8.46664812496493,27.9758739094195));
#7260=CARTESIAN_POINT('Ctrl Pts',(-1.45398912708329,8.466646474467,27.9091710804694));
#7261=CARTESIAN_POINT('Ctrl Pts',(-1.38718090570156,8.46664450736199,27.8424746966495));
#7262=CARTESIAN_POINT('Ctrl Pts',(-1.32036272366408,8.46664197072092,27.7757882734854));
#7263=CARTESIAN_POINT('Ctrl Pts',(-1.54491699391533,8.43332406248247,27.951747818839));
#7264=CARTESIAN_POINT('Ctrl Pts',(-1.47813995448915,8.4333232372335,27.8850202530636));
#7265=CARTESIAN_POINT('Ctrl Pts',(-1.41135969249788,8.43332225368099,27.8182959098532));
#7266=CARTESIAN_POINT('Ctrl Pts',(-1.34457445017872,8.43332098536046,27.7515765469707));
#7267=CARTESIAN_POINT('Ctrl Pts',(-1.56904308449583,8.4,27.9276217282585));
#7268=CARTESIAN_POINT('Ctrl Pts',(-1.50229078189501,8.4,27.8608694256577));
#7269=CARTESIAN_POINT('Ctrl Pts',(-1.43553847929419,8.4,27.7941171230569));
#7270=CARTESIAN_POINT('Ctrl Pts',(-1.36878617669337,8.4,27.7273648204561));
#7271=CARTESIAN_POINT('',(-1.49666481275434,8.4999721874474,28.));
#7272=CARTESIAN_POINT('Ctrl Pts',(-1.29615099714943,8.49996295608138,27.8));
#7273=CARTESIAN_POINT('Ctrl Pts',(-1.36300211890525,8.49996676104298,27.8666534834458));
#7274=CARTESIAN_POINT('Ctrl Pts',(-1.42983829967744,8.4999697117005,27.9333219078753));
#7275=CARTESIAN_POINT('Ctrl Pts',(-1.49666481275434,8.4999721874474,28.));
#7276=CARTESIAN_POINT('',(-1.5,8.4,27.8585786437627));
#7277=CARTESIAN_POINT('Ctrl Pts',(-1.5,8.4,27.8585786437627));
#7278=CARTESIAN_POINT('Ctrl Pts',(-1.5000000062108,8.41651860068711,27.8825242915098));
#7279=CARTESIAN_POINT('Ctrl Pts',(-1.4997271432339,8.43317696413354,27.9063848183625));
#7280=CARTESIAN_POINT('Ctrl Pts',(-1.49916757127483,8.44996613237301,27.930134793021));
#7281=CARTESIAN_POINT('Ctrl Pts',(-1.49861649596183,8.46650037071846,27.9535241435892));
#7282=CARTESIAN_POINT('Ctrl Pts',(-1.49778699158844,8.48317225921234,27.976821530663));
#7283=CARTESIAN_POINT('Ctrl Pts',(-1.49666481275434,8.4999721874474,28.));
#7284=CARTESIAN_POINT('Ctrl Pts',(-1.5,8.4,27.8585786437627));
#7285=CARTESIAN_POINT('Ctrl Pts',(-1.48047378541243,8.4,27.8390524291751));
#7286=CARTESIAN_POINT('Ctrl Pts',(-1.46094757082487,8.4,27.8195262145876));
#7287=CARTESIAN_POINT('Ctrl Pts',(-1.4414213562373,8.4,27.8));
#7288=CARTESIAN_POINT('Origin',(-1.50000002235174,8.4,30.));
#7289=CARTESIAN_POINT('',(-4.5,8.4,25.));
#7290=CARTESIAN_POINT('',(-4.5,8.4,30.));
#7291=CARTESIAN_POINT('',(-1.50000002235174,8.4,25.));
#7292=CARTESIAN_POINT('',(-4.5,8.4,25.));
#7293=CARTESIAN_POINT('',(-1.50000002235174,8.4,30.));
#7294=CARTESIAN_POINT('',(-1.50000002235174,8.4,30.));
#7295=CARTESIAN_POINT('',(-4.5,8.4,30.));
#7296=CARTESIAN_POINT('Ctrl Pts',(1.49666481275434,8.4999721874474,27.6));
#7297=CARTESIAN_POINT('Ctrl Pts',(1.42983829967744,8.4999697117005,27.6666780921247));
#7298=CARTESIAN_POINT('Ctrl Pts',(1.36300211890525,8.49996676104298,27.7333465165542));
#7299=CARTESIAN_POINT('Ctrl Pts',(1.29615099714943,8.49996295608138,27.8));
#7300=CARTESIAN_POINT('Ctrl Pts',(1.52079090333483,8.46664812496493,27.6241260905805));
#7301=CARTESIAN_POINT('Ctrl Pts',(1.45398912708329,8.466646474467,27.6908289195306));
#7302=CARTESIAN_POINT('Ctrl Pts',(1.38718090570156,8.46664450736199,27.7575253033505));
#7303=CARTESIAN_POINT('Ctrl Pts',(1.32036272366408,8.46664197072092,27.8242117265146));
#7304=CARTESIAN_POINT('Ctrl Pts',(1.54491699391533,8.43332406248247,27.648252181161));
#7305=CARTESIAN_POINT('Ctrl Pts',(1.47813995448915,8.4333232372335,27.7149797469364));
#7306=CARTESIAN_POINT('Ctrl Pts',(1.41135969249787,8.43332225368099,27.7817040901468));
#7307=CARTESIAN_POINT('Ctrl Pts',(1.34457445017872,8.43332098536046,27.8484234530293));
#7308=CARTESIAN_POINT('Ctrl Pts',(1.56904308449582,8.4,27.6723782717415));
#7309=CARTESIAN_POINT('Ctrl Pts',(1.50229078189501,8.4,27.7391305743423));
#7310=CARTESIAN_POINT('Ctrl Pts',(1.43553847929419,8.4,27.8058828769431));
#7311=CARTESIAN_POINT('Ctrl Pts',(1.36878617669337,8.4,27.8726351795439));
#7312=CARTESIAN_POINT('',(1.29615099714943,8.49996295608138,27.8));
#7313=CARTESIAN_POINT('',(1.49666481275434,8.4999721874474,27.6));
#7314=CARTESIAN_POINT('Ctrl Pts',(1.29615099714943,8.49996295608138,27.8));
#7315=CARTESIAN_POINT('Ctrl Pts',(1.36300211890525,8.49996676104298,27.7333465165542));
#7316=CARTESIAN_POINT('Ctrl Pts',(1.42983829967744,8.4999697117005,27.6666780921247));
#7317=CARTESIAN_POINT('Ctrl Pts',(1.49666481275434,8.4999721874474,27.6));
#7318=CARTESIAN_POINT('',(1.5,8.4,27.7414213562373));
#7319=CARTESIAN_POINT('Ctrl Pts',(1.5,8.4,27.7414213562373));
#7320=CARTESIAN_POINT('Ctrl Pts',(1.50000000621118,8.4165196089117,27.7174742469505));
#7321=CARTESIAN_POINT('Ctrl Pts',(1.49972710992389,8.43317899797927,27.6936122684632));
#7322=CARTESIAN_POINT('Ctrl Pts',(1.49916746877741,8.44996920756905,27.6698608568068));
#7323=CARTESIAN_POINT('Ctrl Pts',(1.4986163931203,8.46650243755203,27.6464729682141));
#7324=CARTESIAN_POINT('Ctrl Pts',(1.49778692204073,8.4831733003981,27.6231770328372));
#7325=CARTESIAN_POINT('Ctrl Pts',(1.49666481275434,8.4999721874474,27.6));
#7326=CARTESIAN_POINT('',(1.44142135623731,8.4,27.8));
#7327=CARTESIAN_POINT('Ctrl Pts',(1.5,8.4,27.7414213562373));
#7328=CARTESIAN_POINT('Ctrl Pts',(1.48047378541243,8.4,27.7609475708249));
#7329=CARTESIAN_POINT('Ctrl Pts',(1.46094757082487,8.4,27.7804737854124));
#7330=CARTESIAN_POINT('Ctrl Pts',(1.4414213562373,8.4,27.8));
#7331=CARTESIAN_POINT('Ctrl Pts',(1.44142135623731,8.4,27.8));
#7332=CARTESIAN_POINT('Ctrl Pts',(1.41724512329692,8.41666006336789,27.8));
#7333=CARTESIAN_POINT('Ctrl Pts',(1.39305019247087,8.43332165777787,27.8));
#7334=CARTESIAN_POINT('Ctrl Pts',(1.344636235835,8.46663682206189,27.8));
#7335=CARTESIAN_POINT('Ctrl Pts',(1.32038970647845,8.48330927833664,27.8));
#7336=CARTESIAN_POINT('Ctrl Pts',(1.29615099714943,8.49996295608138,27.8));
#7337=CARTESIAN_POINT('Ctrl Pts',(1.29615099714943,8.49996295608138,27.8));
#7338=CARTESIAN_POINT('Ctrl Pts',(1.36300211890525,8.49996676104298,27.8666534834458));
#7339=CARTESIAN_POINT('Ctrl Pts',(1.42983829967744,8.4999697117005,27.9333219078753));
#7340=CARTESIAN_POINT('Ctrl Pts',(1.49666481275435,8.4999721874474,28.));
#7341=CARTESIAN_POINT('Ctrl Pts',(1.32036272366408,8.46664197072092,27.7757882734854));
#7342=CARTESIAN_POINT('Ctrl Pts',(1.38718090570156,8.46664450736199,27.8424746966495));
#7343=CARTESIAN_POINT('Ctrl Pts',(1.4539891270833,8.466646474467,27.9091710804694));
#7344=CARTESIAN_POINT('Ctrl Pts',(1.52079090333484,8.46664812496493,27.9758739094195));
#7345=CARTESIAN_POINT('Ctrl Pts',(1.34457445017872,8.43332098536046,27.7515765469707));
#7346=CARTESIAN_POINT('Ctrl Pts',(1.41135969249788,8.43332225368099,27.8182959098532));
#7347=CARTESIAN_POINT('Ctrl Pts',(1.47813995448915,8.4333232372335,27.8850202530636));
#7348=CARTESIAN_POINT('Ctrl Pts',(1.54491699391534,8.43332406248247,27.951747818839));
#7349=CARTESIAN_POINT('Ctrl Pts',(1.36878617669337,8.4,27.7273648204561));
#7350=CARTESIAN_POINT('Ctrl Pts',(1.43553847929419,8.4,27.7941171230569));
#7351=CARTESIAN_POINT('Ctrl Pts',(1.50229078189501,8.4,27.8608694256577));
#7352=CARTESIAN_POINT('Ctrl Pts',(1.56904308449583,8.4,27.9276217282585));
#7353=CARTESIAN_POINT('',(1.5,8.4,27.8585786437627));
#7354=CARTESIAN_POINT('Ctrl Pts',(1.44142135623731,8.4,27.8));
#7355=CARTESIAN_POINT('Ctrl Pts',(1.46094757082487,8.4,27.8195262145876));
#7356=CARTESIAN_POINT('Ctrl Pts',(1.48047378541244,8.4,27.8390524291751));
#7357=CARTESIAN_POINT('Ctrl Pts',(1.5,8.4,27.8585786437627));
#7358=CARTESIAN_POINT('',(1.49666481275434,8.4999721874474,28.));
#7359=CARTESIAN_POINT('Ctrl Pts',(1.49666481275434,8.4999721874474,28.));
#7360=CARTESIAN_POINT('Ctrl Pts',(1.49778617815508,8.48318443697013,27.9768383320315));
#7361=CARTESIAN_POINT('Ctrl Pts',(1.49861529298214,8.46652454455779,27.9535579240094));
#7362=CARTESIAN_POINT('Ctrl Pts',(1.49916637205892,8.45000210019677,27.9301856726892));
#7363=CARTESIAN_POINT('Ctrl Pts',(1.49972675351138,8.43320075215185,27.9064188909442));
#7364=CARTESIAN_POINT('Ctrl Pts',(1.50000000621524,8.41653039292635,27.8825413857427));
#7365=CARTESIAN_POINT('Ctrl Pts',(1.5,8.4,27.8585786437627));
#7366=CARTESIAN_POINT('Ctrl Pts',(1.49666481275435,8.4999721874474,28.));
#7367=CARTESIAN_POINT('Ctrl Pts',(1.42983829967744,8.4999697117005,27.9333219078753));
#7368=CARTESIAN_POINT('Ctrl Pts',(1.36300211890525,8.49996676104298,27.8666534834458));
#7369=CARTESIAN_POINT('Ctrl Pts',(1.29615099714943,8.49996295608138,27.8));
#7370=CARTESIAN_POINT('Origin',(0.,8.4,27.7));
#7371=CARTESIAN_POINT('Origin',(0.,8.4,27.6));
#7372=CARTESIAN_POINT('Origin',(0.,8.4,27.8));
#7373=CARTESIAN_POINT('Origin',(0.,8.4,27.9));
#7374=CARTESIAN_POINT('Origin',(0.,8.4,28.));
#7375=CARTESIAN_POINT('Ctrl Pts',(7.49666481275434,8.4999721874474,27.6));
#7376=CARTESIAN_POINT('Ctrl Pts',(7.42983829967744,8.4999697117005,27.6666780921247));
#7377=CARTESIAN_POINT('Ctrl Pts',(7.36300211890525,8.49996676104298,27.7333465165542));
#7378=CARTESIAN_POINT('Ctrl Pts',(7.29615099714944,8.49996295608138,27.8));
#7379=CARTESIAN_POINT('Ctrl Pts',(7.52079090333484,8.46664812496493,27.6241260905805));
#7380=CARTESIAN_POINT('Ctrl Pts',(7.45398912708329,8.466646474467,27.6908289195306));
#7381=CARTESIAN_POINT('Ctrl Pts',(7.38718090570156,8.46664450736199,27.7575253033505));
#7382=CARTESIAN_POINT('Ctrl Pts',(7.32036272366408,8.46664197072092,27.8242117265146));
#7383=CARTESIAN_POINT('Ctrl Pts',(7.54491699391533,8.43332406248247,27.648252181161));
#7384=CARTESIAN_POINT('Ctrl Pts',(7.47813995448915,8.4333232372335,27.7149797469364));
#7385=CARTESIAN_POINT('Ctrl Pts',(7.41135969249788,8.43332225368099,27.7817040901468));
#7386=CARTESIAN_POINT('Ctrl Pts',(7.34457445017873,8.43332098536046,27.8484234530293));
#7387=CARTESIAN_POINT('Ctrl Pts',(7.56904308449583,8.4,27.6723782717415));
#7388=CARTESIAN_POINT('Ctrl Pts',(7.50229078189501,8.4,27.7391305743423));
#7389=CARTESIAN_POINT('Ctrl Pts',(7.43553847929419,8.4,27.8058828769431));
#7390=CARTESIAN_POINT('Ctrl Pts',(7.36878617669337,8.4,27.8726351795439));
#7391=CARTESIAN_POINT('',(7.29615099714944,8.49996295608138,27.8));
#7392=CARTESIAN_POINT('',(7.49666481275434,8.4999721874474,27.6));
#7393=CARTESIAN_POINT('Ctrl Pts',(7.29615099714944,8.49996295608138,27.8));
#7394=CARTESIAN_POINT('Ctrl Pts',(7.36300211890525,8.49996676104298,27.7333465165542));
#7395=CARTESIAN_POINT('Ctrl Pts',(7.42983829967744,8.4999697117005,27.6666780921247));
#7396=CARTESIAN_POINT('Ctrl Pts',(7.49666481275434,8.4999721874474,27.6));
#7397=CARTESIAN_POINT('',(7.5,8.4,27.7414213562373));
#7398=CARTESIAN_POINT('Ctrl Pts',(7.5,8.4,27.7414213562373));
#7399=CARTESIAN_POINT('Ctrl Pts',(7.50000000620976,8.41651581685017,27.7174797439881));
#7400=CARTESIAN_POINT('Ctrl Pts',(7.49972723519654,8.43317134843172,27.6936232252865));
#7401=CARTESIAN_POINT('Ctrl Pts',(7.49916785424996,8.44995764138077,27.6698772183706));
#7402=CARTESIAN_POINT('Ctrl Pts',(7.4986167799087,8.46649466393343,27.6464838310935));
#7403=CARTESIAN_POINT('Ctrl Pts',(7.49778718361851,8.48316938436633,27.623182435695));
#7404=CARTESIAN_POINT('Ctrl Pts',(7.49666481275434,8.4999721874474,27.6));
#7405=CARTESIAN_POINT('',(7.44142135623731,8.4,27.8));
#7406=CARTESIAN_POINT('Ctrl Pts',(7.5,8.4,27.7414213562373));
#7407=CARTESIAN_POINT('Ctrl Pts',(7.48047378541243,8.4,27.7609475708249));
#7408=CARTESIAN_POINT('Ctrl Pts',(7.46094757082487,8.4,27.7804737854124));
#7409=CARTESIAN_POINT('Ctrl Pts',(7.4414213562373,8.4,27.8));
#7410=CARTESIAN_POINT('Ctrl Pts',(7.44142135623731,8.4,27.8));
#7411=CARTESIAN_POINT('Ctrl Pts',(7.41725086869001,8.41665610416494,27.8));
#7412=CARTESIAN_POINT('Ctrl Pts',(7.39306169547528,8.43331373634802,27.8));
#7413=CARTESIAN_POINT('Ctrl Pts',(7.34464774462458,8.46662890836152,27.8));
#7414=CARTESIAN_POINT('Ctrl Pts',(7.32039545739132,8.48330532705984,27.8));
#7415=CARTESIAN_POINT('Ctrl Pts',(7.29615099714944,8.49996295608138,27.8));
#7416=CARTESIAN_POINT('Ctrl Pts',(7.29615099714943,8.49996295608138,27.8));
#7417=CARTESIAN_POINT('Ctrl Pts',(7.36300211890525,8.49996676104298,27.8666534834458));
#7418=CARTESIAN_POINT('Ctrl Pts',(7.42983829967744,8.4999697117005,27.9333219078753));
#7419=CARTESIAN_POINT('Ctrl Pts',(7.49666481275434,8.4999721874474,28.));
#7420=CARTESIAN_POINT('Ctrl Pts',(7.32036272366408,8.46664197072092,27.7757882734854));
#7421=CARTESIAN_POINT('Ctrl Pts',(7.38718090570156,8.46664450736199,27.8424746966495));
#7422=CARTESIAN_POINT('Ctrl Pts',(7.45398912708329,8.466646474467,27.9091710804694));
#7423=CARTESIAN_POINT('Ctrl Pts',(7.52079090333484,8.46664812496493,27.9758739094195));
#7424=CARTESIAN_POINT('Ctrl Pts',(7.34457445017873,8.43332098536046,27.7515765469707));
#7425=CARTESIAN_POINT('Ctrl Pts',(7.41135969249788,8.43332225368099,27.8182959098532));
#7426=CARTESIAN_POINT('Ctrl Pts',(7.47813995448915,8.4333232372335,27.8850202530636));
#7427=CARTESIAN_POINT('Ctrl Pts',(7.54491699391533,8.43332406248247,27.951747818839));
#7428=CARTESIAN_POINT('Ctrl Pts',(7.36878617669337,8.4,27.7273648204561));
#7429=CARTESIAN_POINT('Ctrl Pts',(7.43553847929419,8.4,27.7941171230569));
#7430=CARTESIAN_POINT('Ctrl Pts',(7.50229078189501,8.4,27.8608694256577));
#7431=CARTESIAN_POINT('Ctrl Pts',(7.56904308449583,8.4,27.9276217282585));
#7432=CARTESIAN_POINT('',(7.5,8.4,27.8585786437627));
#7433=CARTESIAN_POINT('Ctrl Pts',(7.44142135623731,8.4,27.8));
#7434=CARTESIAN_POINT('Ctrl Pts',(7.46094757082487,8.4,27.8195262145876));
#7435=CARTESIAN_POINT('Ctrl Pts',(7.48047378541244,8.4,27.8390524291751));
#7436=CARTESIAN_POINT('Ctrl Pts',(7.5,8.4,27.8585786437627));
#7437=CARTESIAN_POINT('',(7.49666481275434,8.4999721874474,28.));
#7438=CARTESIAN_POINT('Ctrl Pts',(7.49666481275434,8.4999721874474,28.));
#7439=CARTESIAN_POINT('Ctrl Pts',(7.49778588495898,8.48318882635385,27.9768443879619));
#7440=CARTESIAN_POINT('Ctrl Pts',(7.49861485930169,8.46653325787168,27.9535700998804));
#7441=CARTESIAN_POINT('Ctrl Pts',(7.49916593959524,8.45001506463343,27.9302040118099));
#7442=CARTESIAN_POINT('Ctrl Pts',(7.49972661297065,8.4332093264011,27.9064311721318));
#7443=CARTESIAN_POINT('Ctrl Pts',(7.50000000621684,8.4165346433498,27.8825475472296));
#7444=CARTESIAN_POINT('Ctrl Pts',(7.5,8.4,27.8585786437627));
#7445=CARTESIAN_POINT('Ctrl Pts',(7.49666481275434,8.4999721874474,28.));
#7446=CARTESIAN_POINT('Ctrl Pts',(7.42983829967744,8.4999697117005,27.9333219078753));
#7447=CARTESIAN_POINT('Ctrl Pts',(7.36300211890525,8.49996676104298,27.8666534834458));
#7448=CARTESIAN_POINT('Ctrl Pts',(7.29615099714943,8.49996295608138,27.8));
#7449=CARTESIAN_POINT('Origin',(6.,8.4,27.7));
#7450=CARTESIAN_POINT('',(4.70384900285057,8.49996295608138,27.8));
#7451=CARTESIAN_POINT('Origin',(6.,8.4,27.8));
#7452=CARTESIAN_POINT('',(4.50333518724566,8.4999721874474,27.6));
#7453=CARTESIAN_POINT('Ctrl Pts',(4.50333518724566,8.4999721874474,27.6));
#7454=CARTESIAN_POINT('Ctrl Pts',(4.57016170032256,8.4999697117005,27.6666780921247));
#7455=CARTESIAN_POINT('Ctrl Pts',(4.63699788109475,8.49996676104298,27.7333465165542));
#7456=CARTESIAN_POINT('Ctrl Pts',(4.70384900285057,8.49996295608138,27.8));
#7457=CARTESIAN_POINT('Origin',(6.,8.4,27.6));
#7458=CARTESIAN_POINT('Origin',(6.,8.4,27.9));
#7459=CARTESIAN_POINT('',(4.50333518724566,8.4999721874474,28.));
#7460=CARTESIAN_POINT('Origin',(6.,8.4,28.));
#7461=CARTESIAN_POINT('Ctrl Pts',(4.70384900285057,8.49996295608138,27.8));
#7462=CARTESIAN_POINT('Ctrl Pts',(4.63699788109475,8.49996676104298,27.8666534834458));
#7463=CARTESIAN_POINT('Ctrl Pts',(4.57016170032256,8.4999697117005,27.9333219078753));
#7464=CARTESIAN_POINT('Ctrl Pts',(4.50333518724566,8.4999721874474,28.));
#7465=CARTESIAN_POINT('Ctrl Pts',(4.70384900285057,8.49996295608138,27.8));
#7466=CARTESIAN_POINT('Ctrl Pts',(4.63699788109475,8.49996676104298,27.7333465165542));
#7467=CARTESIAN_POINT('Ctrl Pts',(4.57016170032256,8.4999697117005,27.6666780921247));
#7468=CARTESIAN_POINT('Ctrl Pts',(4.50333518724566,8.4999721874474,27.6));
#7469=CARTESIAN_POINT('Ctrl Pts',(4.67963727633592,8.46664197072092,27.8242117265146));
#7470=CARTESIAN_POINT('Ctrl Pts',(4.61281909429844,8.46664450736199,27.7575253033505));
#7471=CARTESIAN_POINT('Ctrl Pts',(4.54601087291671,8.466646474467,27.6908289195306));
#7472=CARTESIAN_POINT('Ctrl Pts',(4.47920909666516,8.46664812496493,27.6241260905805));
#7473=CARTESIAN_POINT('Ctrl Pts',(4.65542554982128,8.43332098536046,27.8484234530293));
#7474=CARTESIAN_POINT('Ctrl Pts',(4.58864030750212,8.43332225368099,27.7817040901468));
#7475=CARTESIAN_POINT('Ctrl Pts',(4.52186004551085,8.4333232372335,27.7149797469364));
#7476=CARTESIAN_POINT('Ctrl Pts',(4.45508300608467,8.43332406248247,27.648252181161));
#7477=CARTESIAN_POINT('Ctrl Pts',(4.63121382330663,8.4,27.8726351795439));
#7478=CARTESIAN_POINT('Ctrl Pts',(4.56446152070581,8.4,27.8058828769431));
#7479=CARTESIAN_POINT('Ctrl Pts',(4.49770921810499,8.4,27.7391305743423));
#7480=CARTESIAN_POINT('Ctrl Pts',(4.43095691550417,8.4,27.6723782717415));
#7481=CARTESIAN_POINT('',(4.55857864376269,8.4,27.8));
#7482=CARTESIAN_POINT('',(4.5,8.4,27.7414213562373));
#7483=CARTESIAN_POINT('Ctrl Pts',(4.55857864376269,8.4,27.8));
#7484=CARTESIAN_POINT('Ctrl Pts',(4.53905242917513,8.4,27.7804737854124));
#7485=CARTESIAN_POINT('Ctrl Pts',(4.51952621458756,8.4,27.7609475708249));
#7486=CARTESIAN_POINT('Ctrl Pts',(4.5,8.4,27.7414213562373));
#7487=CARTESIAN_POINT('Ctrl Pts',(4.50333518724566,8.4999721874474,27.6));
#7488=CARTESIAN_POINT('Ctrl Pts',(4.50221376188824,8.48318353937001,27.6231629063664));
#7489=CARTESIAN_POINT('Ctrl Pts',(4.50138461833796,8.46652276274437,27.6464445658784));
#7490=CARTESIAN_POINT('Ctrl Pts',(4.50083353951913,8.44999944906088,27.6698180775461));
#7491=CARTESIAN_POINT('Ctrl Pts',(4.5002732177534,8.43319899877611,27.6935836204798));
#7492=CARTESIAN_POINT('Ctrl Pts',(4.49999999378509,8.41652952374225,27.7174598742415));
#7493=CARTESIAN_POINT('Ctrl Pts',(4.5,8.4,27.7414213562373));
#7494=CARTESIAN_POINT('Ctrl Pts',(4.70384900285057,8.49996295608138,27.8));
#7495=CARTESIAN_POINT('Ctrl Pts',(4.67962647937585,8.48332039914336,27.8));
#7496=CARTESIAN_POINT('Ctrl Pts',(4.6553961554504,8.46665909502395,27.8));
#7497=CARTESIAN_POINT('Ctrl Pts',(4.60698218258399,8.43334395253127,27.8));
#7498=CARTESIAN_POINT('Ctrl Pts',(4.58277104703675,8.4166712064928,27.8));
#7499=CARTESIAN_POINT('Ctrl Pts',(4.5585786437627,8.4,27.8));
#7500=CARTESIAN_POINT('Ctrl Pts',(4.50333518724566,8.4999721874474,28.));
#7501=CARTESIAN_POINT('Ctrl Pts',(4.57016170032256,8.4999697117005,27.9333219078753));
#7502=CARTESIAN_POINT('Ctrl Pts',(4.63699788109475,8.49996676104298,27.8666534834458));
#7503=CARTESIAN_POINT('Ctrl Pts',(4.70384900285057,8.49996295608138,27.8));
#7504=CARTESIAN_POINT('Ctrl Pts',(4.47920909666516,8.46664812496493,27.9758739094195));
#7505=CARTESIAN_POINT('Ctrl Pts',(4.54601087291671,8.466646474467,27.9091710804694));
#7506=CARTESIAN_POINT('Ctrl Pts',(4.61281909429844,8.46664450736199,27.8424746966495));
#7507=CARTESIAN_POINT('Ctrl Pts',(4.67963727633592,8.46664197072092,27.7757882734854));
#7508=CARTESIAN_POINT('Ctrl Pts',(4.45508300608467,8.43332406248247,27.951747818839));
#7509=CARTESIAN_POINT('Ctrl Pts',(4.52186004551085,8.4333232372335,27.8850202530636));
#7510=CARTESIAN_POINT('Ctrl Pts',(4.58864030750213,8.43332225368099,27.8182959098532));
#7511=CARTESIAN_POINT('Ctrl Pts',(4.65542554982128,8.43332098536046,27.7515765469707));
#7512=CARTESIAN_POINT('Ctrl Pts',(4.43095691550418,8.4,27.9276217282585));
#7513=CARTESIAN_POINT('Ctrl Pts',(4.49770921810499,8.4,27.8608694256577));
#7514=CARTESIAN_POINT('Ctrl Pts',(4.56446152070581,8.4,27.7941171230569));
#7515=CARTESIAN_POINT('Ctrl Pts',(4.63121382330663,8.4,27.7273648204561));
#7516=CARTESIAN_POINT('',(4.5,8.4,27.8585786437627));
#7517=CARTESIAN_POINT('Ctrl Pts',(4.5,8.4,27.8585786437627));
#7518=CARTESIAN_POINT('Ctrl Pts',(4.4999999937892,8.41651860068708,27.8825242915097));
#7519=CARTESIAN_POINT('Ctrl Pts',(4.5002728567661,8.43317696413353,27.9063848183625));
#7520=CARTESIAN_POINT('Ctrl Pts',(4.50083242872517,8.44996613237301,27.930134793021));
#7521=CARTESIAN_POINT('Ctrl Pts',(4.50138350403818,8.46650037071866,27.9535241435895));
#7522=CARTESIAN_POINT('Ctrl Pts',(4.50221300841157,8.48317225921244,27.9768215306632));
#7523=CARTESIAN_POINT('Ctrl Pts',(4.50333518724566,8.4999721874474,28.));
#7524=CARTESIAN_POINT('Ctrl Pts',(4.5,8.4,27.8585786437627));
#7525=CARTESIAN_POINT('Ctrl Pts',(4.51952621458757,8.4,27.8390524291751));
#7526=CARTESIAN_POINT('Ctrl Pts',(4.53905242917514,8.4,27.8195262145876));
#7527=CARTESIAN_POINT('Ctrl Pts',(4.5585786437627,8.4,27.8));
#7528=CARTESIAN_POINT('Origin',(4.50000006705523,8.4,30.));
#7529=CARTESIAN_POINT('',(1.5,8.4,25.));
#7530=CARTESIAN_POINT('',(1.5,8.4,30.));
#7531=CARTESIAN_POINT('',(4.50000006705523,8.4,25.));
#7532=CARTESIAN_POINT('',(1.5,8.4,25.));
#7533=CARTESIAN_POINT('',(4.50000006705523,8.4,30.));
#7534=CARTESIAN_POINT('',(4.50000006705523,8.4,30.));
#7535=CARTESIAN_POINT('',(1.5,8.4,30.));
#7536=CARTESIAN_POINT('Origin',(6.,8.4,30.));
#7537=CARTESIAN_POINT('',(7.5,8.4,30.));
#7538=CARTESIAN_POINT('Origin',(0.,8.4,30.));
#7539=CARTESIAN_POINT('Origin',(-6.,8.4,30.));
#7540=CARTESIAN_POINT('Origin',(-8.7,8.4,30.));
#7541=CARTESIAN_POINT('',(-8.7,10.,25.));
#7542=CARTESIAN_POINT('Origin',(-6.,8.4,30.));
#7543=CARTESIAN_POINT('Origin',(-6.,8.4,25.));
#7544=CARTESIAN_POINT('Origin',(0.,8.4,30.));
#7545=CARTESIAN_POINT('Origin',(0.,8.4,25.));
#7546=CARTESIAN_POINT('Origin',(6.,8.4,30.));
#7547=CARTESIAN_POINT('',(7.5,8.4,25.));
#7548=CARTESIAN_POINT('Origin',(6.,8.4,25.));
#7549=CARTESIAN_POINT('',(7.5,8.4,30.));
#7550=CARTESIAN_POINT('Origin',(8.7,8.4,30.));
#7551=CARTESIAN_POINT('',(7.5,8.4,25.));
#7552=CARTESIAN_POINT('Origin',(0.,9.2,25.));
#7553=CARTESIAN_POINT('Origin',(7.5,8.2,2.75));
#7554=CARTESIAN_POINT('',(6.15,8.,2.75));
#7555=CARTESIAN_POINT('Origin',(7.5,8.,2.75));
#7556=CARTESIAN_POINT('',(5.75,8.4,2.75));
#7557=CARTESIAN_POINT('',(5.95,8.2,2.75));
#7558=CARTESIAN_POINT('Origin',(7.5,8.4,2.75));
#7559=CARTESIAN_POINT('Origin',(7.5,10.,2.75));
#7560=CARTESIAN_POINT('',(5.75,10.,2.75));
#7561=CARTESIAN_POINT('Origin',(7.5,8.,2.75));
#7562=CARTESIAN_POINT('Origin',(2.5,8.2,2.75));
#7563=CARTESIAN_POINT('',(1.15,8.,2.75));
#7564=CARTESIAN_POINT('Origin',(2.5,8.,2.75));
#7565=CARTESIAN_POINT('',(0.75,8.4,2.75));
#7566=CARTESIAN_POINT('',(0.95,8.2,2.75));
#7567=CARTESIAN_POINT('Origin',(2.5,8.4,2.75));
#7568=CARTESIAN_POINT('Origin',(2.5,10.,2.75));
#7569=CARTESIAN_POINT('',(0.75,10.,2.75));
#7570=CARTESIAN_POINT('Origin',(2.5,8.,2.75));
#7571=CARTESIAN_POINT('Origin',(-2.5,8.2,2.75));
#7572=CARTESIAN_POINT('',(-3.85,8.,2.75));
#7573=CARTESIAN_POINT('Origin',(-2.5,8.,2.75));
#7574=CARTESIAN_POINT('',(-4.25,8.4,2.75));
#7575=CARTESIAN_POINT('',(-4.05,8.2,2.75));
#7576=CARTESIAN_POINT('Origin',(-2.5,8.4,2.75));
#7577=CARTESIAN_POINT('Origin',(-2.5,10.,2.75));
#7578=CARTESIAN_POINT('',(-4.25,10.,2.75));
#7579=CARTESIAN_POINT('Origin',(-2.5,8.,2.75));
#7580=CARTESIAN_POINT('Origin',(-7.5,8.2,2.75));
#7581=CARTESIAN_POINT('',(-8.85,8.,2.75));
#7582=CARTESIAN_POINT('Origin',(-7.5,8.,2.75));
#7583=CARTESIAN_POINT('',(-9.25,8.4,2.75));
#7584=CARTESIAN_POINT('',(-9.05,8.2,2.75));
#7585=CARTESIAN_POINT('Origin',(-7.5,8.4,2.75));
#7586=CARTESIAN_POINT('Origin',(-7.5,10.,2.75));
#7587=CARTESIAN_POINT('',(-9.25,10.,2.75));
#7588=CARTESIAN_POINT('Origin',(-7.5,8.,2.75));
#7589=CARTESIAN_POINT('',(0.,0.,0.));
#7590=UNCERTAINTY_MEASURE_WITH_UNIT(LENGTH_MEASURE(0.01),#7596,
'DISTANCE_ACCURACY_VALUE',
'Maximum model space distance between geometric entities at asserted c
onnectivities');
#7591=UNCERTAINTY_MEASURE_WITH_UNIT(LENGTH_MEASURE(0.01),#7596,
'DISTANCE_ACCURACY_VALUE',
'Maximum model space distance between geometric entities at asserted c
onnectivities');
#7592=UNCERTAINTY_MEASURE_WITH_UNIT(LENGTH_MEASURE(0.01),#7596,
'DISTANCE_ACCURACY_VALUE',
'Maximum model space distance between geometric entities at asserted c
onnectivities');
#7593=(
GEOMETRIC_REPRESENTATION_CONTEXT(3)
GLOBAL_UNCERTAINTY_ASSIGNED_CONTEXT((#7590))
GLOBAL_UNIT_ASSIGNED_CONTEXT((#7596,#7598,#7599))
REPRESENTATION_CONTEXT('','3D')
);
#7594=(
GEOMETRIC_REPRESENTATION_CONTEXT(3)
GLOBAL_UNCERTAINTY_ASSIGNED_CONTEXT((#7591))
GLOBAL_UNIT_ASSIGNED_CONTEXT((#7596,#7598,#7599))
REPRESENTATION_CONTEXT('','3D')
);
#7595=(
GEOMETRIC_REPRESENTATION_CONTEXT(3)
GLOBAL_UNCERTAINTY_ASSIGNED_CONTEXT((#7592))
GLOBAL_UNIT_ASSIGNED_CONTEXT((#7596,#7598,#7599))
REPRESENTATION_CONTEXT('','3D')
);
#7596=(
LENGTH_UNIT()
NAMED_UNIT(*)
SI_UNIT(.MILLI.,.METRE.)
);
#7597=(
LENGTH_UNIT()
NAMED_UNIT(*)
SI_UNIT($,.METRE.)
);
#7598=(
NAMED_UNIT(*)
PLANE_ANGLE_UNIT()
SI_UNIT($,.RADIAN.)
);
#7599=(
NAMED_UNIT(*)
SI_UNIT($,.STERADIAN.)
SOLID_ANGLE_UNIT()
);
#7600=SHAPE_DEFINITION_REPRESENTATION(#7602,#7605);
#7601=SHAPE_DEFINITION_REPRESENTATION(#7603,#7606);
#7602=PRODUCT_DEFINITION_SHAPE('',$,#7608);
#7603=PRODUCT_DEFINITION_SHAPE('',$,#7609);
#7604=PRODUCT_DEFINITION_SHAPE($,$,#14);
#7605=SHAPE_REPRESENTATION('',(#4200,#4555),#7593);
#7606=SHAPE_REPRESENTATION('',(#4201),#7594);
#7607=PRODUCT_DEFINITION_CONTEXT('part definition',#7615,'design');
#7608=PRODUCT_DEFINITION('TRRS Terminal Strain Relief',
'TRRS Terminal Strain Relief v3',#7610,#7607);
#7609=PRODUCT_DEFINITION('Lid','Lid',#7611,#7607);
#7610=PRODUCT_DEFINITION_FORMATION('',$,#7617);
#7611=PRODUCT_DEFINITION_FORMATION('',$,#7618);
#7612=PRODUCT_RELATED_PRODUCT_CATEGORY('TRRS Terminal Strain Relief v3',
'TRRS Terminal Strain Relief v3',(#7617));
#7613=PRODUCT_RELATED_PRODUCT_CATEGORY('Lid','Lid',(#7618));
#7614=APPLICATION_PROTOCOL_DEFINITION('international standard',
'automotive_design',2009,#7615);
#7615=APPLICATION_CONTEXT(
'Core Data for Automotive Mechanical Design Process');
#7616=PRODUCT_CONTEXT('part definition',#7615,'mechanical');
#7617=PRODUCT('TRRS Terminal Strain Relief',
'TRRS Terminal Strain Relief v3',$,(#7616));
#7618=PRODUCT('Lid','Lid',$,(#7616));
#7619=PRESENTATION_STYLE_ASSIGNMENT((#7620));
#7620=SURFACE_STYLE_USAGE(.BOTH.,#7621);
#7621=SURFACE_SIDE_STYLE('',(#7622));
#7622=SURFACE_STYLE_FILL_AREA(#7623);
#7623=FILL_AREA_STYLE('Steel - Satin',(#7624));
#7624=FILL_AREA_STYLE_COLOUR('Steel - Satin',#7625);
#7625=COLOUR_RGB('Steel - Satin',0.627450980392157,0.627450980392157,0.627450980392157);
ENDSEC;
END-ISO-10303-21;
